method,split,seed,episode,success,final_error,energy,max_contact_force,contact_violation,probe_contact,used_diagnostic,disagreement,branch_entropy,object_path,pusher_path,true_friction,vision_bias_norm,tactile_noise,action_note
random_push,nominal,0,0,1,0.03479,0.38011,3.94721,0,1,0,0.01221,0.00000,0.12433,0.21965,0.5500,0.00000,0.00600,random
random_push,nominal,0,1,1,0.06435,0.41856,3.70900,0,1,0,0.00943,0.00000,0.16589,0.26726,0.5500,0.00000,0.00600,random
random_push,nominal,0,2,0,0.19315,0.27101,7.65396,0,1,0,0.00947,0.00000,0.03002,0.13981,0.5500,0.00000,0.00600,random
random_push,nominal,0,3,0,0.13569,0.29319,7.84245,0,1,0,0.00836,0.00000,0.03558,0.14289,0.5500,0.00000,0.00600,random
random_push,nominal,0,4,1,0.07223,0.36261,5.89266,0,1,0,0.01570,0.00000,0.15830,0.18932,0.5500,0.00000,0.00600,random
random_push,nominal,0,5,0,0.09813,0.27140,5.55090,0,1,0,0.01072,0.00000,0.02486,0.14390,0.5500,0.00000,0.00600,random
random_push,nominal,0,6,0,0.12111,0.37052,5.17512,0,1,0,0.01143,0.00000,0.05527,0.22569,0.5500,0.00000,0.00600,random
random_push,nominal,0,7,1,0.06436,0.29115,4.33523,0,1,0,0.00996,0.00000,0.07443,0.13458,0.5500,0.00000,0.00600,random
random_push,nominal,0,8,1,0.05794,0.43002,4.72391,0,1,0,0.00623,0.00000,0.15569,0.27093,0.5500,0.00000,0.00600,random
random_push,nominal,0,9,0,0.08172,0.39721,6.34725,0,1,0,0.00367,0.00000,0.13970,0.23991,0.5500,0.00000,0.00600,random
random_push,nominal,0,10,0,0.07763,0.34350,6.11512,0,1,0,0.00668,0.00000,0.07468,0.19477,0.5500,0.00000,0.00600,random
random_push,nominal,0,11,0,0.12652,0.30771,6.96874,0,1,0,0.01110,0.00000,0.08027,0.15203,0.5500,0.00000,0.00600,random
random_push,nominal,1,0,0,0.14950,0.36186,4.16804,0,1,0,0.01094,0.00000,0.03651,0.23473,0.5500,0.00000,0.00600,random
random_push,nominal,1,1,0,0.16519,0.37056,6.87378,0,1,0,0.00902,0.00000,0.11777,0.21843,0.5500,0.00000,0.00600,random
random_push,nominal,1,2,0,0.15771,0.35755,3.84586,0,1,0,0.00461,0.00000,0.06033,0.22045,0.5500,0.00000,0.00600,random
random_push,nominal,1,3,1,0.02295,0.41968,5.94283,0,1,0,0.00516,0.00000,0.18642,0.25920,0.5500,0.00000,0.00600,random
random_push,nominal,1,4,0,0.10103,0.32772,6.63375,0,1,0,0.01272,0.00000,0.11083,0.16523,0.5500,0.00000,0.00600,random
random_push,nominal,1,5,0,0.12523,0.31696,6.90664,0,1,0,0.00570,0.00000,0.08765,0.16823,0.5500,0.00000,0.00600,random
random_push,nominal,1,6,0,0.08215,0.37638,5.61004,0,1,0,0.00878,0.00000,0.13184,0.21515,0.5500,0.00000,0.00600,random
random_push,nominal,1,7,0,0.11404,0.36360,5.20939,0,1,0,0.00580,0.00000,0.08418,0.21793,0.5500,0.00000,0.00600,random
random_push,nominal,1,8,1,0.05448,0.41088,6.95124,0,1,0,0.00338,0.00000,0.14631,0.25117,0.5500,0.00000,0.00600,random
random_push,nominal,1,9,1,0.07011,0.43165,6.48807,0,1,0,0.00914,0.00000,0.15898,0.27209,0.5500,0.00000,0.00600,random
random_push,nominal,1,10,0,0.13044,0.29371,6.65908,0,1,0,0.01477,0.00000,0.05653,0.14163,0.5500,0.00000,0.00600,random
random_push,nominal,1,11,1,0.06746,0.31428,3.47938,0,1,0,0.00373,0.00000,0.07606,0.15800,0.5500,0.00000,0.00600,random
random_push,nominal,2,0,1,0.06697,0.41343,7.32598,0,1,0,0.01387,0.00000,0.16129,0.23885,0.5500,0.00000,0.00600,random
random_push,nominal,2,1,1,0.02877,0.37077,5.33921,0,1,0,0.00473,0.00000,0.13530,0.21469,0.5500,0.00000,0.00600,random
random_push,nominal,2,2,1,0.02651,0.31504,4.76887,0,1,0,0.00480,0.00000,0.09389,0.14551,0.5500,0.00000,0.00600,random
random_push,nominal,2,3,0,0.11353,0.31735,3.85245,0,1,0,0.00835,0.00000,0.06537,0.17073,0.5500,0.00000,0.00600,random
random_push,nominal,2,4,0,0.08308,0.40208,5.07000,0,1,0,0.00432,0.00000,0.17955,0.23195,0.5500,0.00000,0.00600,random
random_push,nominal,2,5,0,0.19349,0.28612,4.41921,0,1,0,0.02800,0.00000,0.05035,0.14896,0.5500,0.00000,0.00600,random
random_push,nominal,2,6,0,0.15809,0.43319,7.12020,0,1,0,0.00271,0.00000,0.19729,0.27623,0.5500,0.00000,0.00600,random
random_push,nominal,2,7,0,0.12002,0.42937,5.68394,0,1,0,0.00700,0.00000,0.03884,0.29715,0.5500,0.00000,0.00600,random
random_push,nominal,2,8,0,0.16268,0.32672,3.24752,0,1,0,0.00964,0.00000,0.04880,0.19693,0.5500,0.00000,0.00600,random
random_push,nominal,2,9,0,0.18218,0.31120,3.52319,0,1,0,0.01008,0.00000,0.00000,0.19965,0.5500,0.00000,0.00600,random
random_push,nominal,2,10,0,0.12162,0.28593,3.47433,0,1,0,0.00394,0.00000,0.03644,0.15504,0.5500,0.00000,0.00600,random
random_push,nominal,2,11,0,0.16250,0.39008,6.59852,0,1,0,0.00738,0.00000,0.04133,0.25193,0.5500,0.00000,0.00600,random
random_push,nominal,3,0,0,0.08566,0.43386,4.13313,0,1,0,0.00953,0.00000,0.10522,0.29901,0.5500,0.00000,0.00600,random
random_push,nominal,3,1,0,0.12918,0.41427,7.28803,0,1,0,0.00536,0.00000,0.16962,0.24609,0.5500,0.00000,0.00600,random
random_push,nominal,3,2,1,0.04498,0.37015,6.25178,0,1,0,0.01124,0.00000,0.13621,0.20770,0.5500,0.00000,0.00600,random
random_push,nominal,3,3,0,0.08790,0.29195,4.00592,0,1,0,0.00481,0.00000,0.05608,0.14860,0.5500,0.00000,0.00600,random
random_push,nominal,3,4,1,0.06414,0.38349,5.86856,0,1,0,0.02248,0.00000,0.14469,0.22494,0.5500,0.00000,0.00600,random
random_push,nominal,3,5,0,0.12464,0.33704,4.40389,0,1,0,0.00949,0.00000,0.08155,0.18472,0.5500,0.00000,0.00600,random
random_push,nominal,3,6,0,0.10941,0.41630,4.23353,0,1,0,0.01723,0.00000,0.06858,0.28244,0.5500,0.00000,0.00600,random
random_push,nominal,3,7,1,0.03417,0.41917,7.85559,0,1,0,0.01462,0.00000,0.18755,0.27080,0.5500,0.00000,0.00600,random
random_push,nominal,3,8,0,0.11960,0.24558,3.65475,0,1,0,0.00804,0.00000,0.00119,0.13234,0.5500,0.00000,0.00600,random
random_push,nominal,3,9,1,0.01627,0.40946,5.66394,0,1,0,0.00579,0.00000,0.11966,0.24452,0.5500,0.00000,0.00600,random
random_push,nominal,3,10,0,0.11219,0.31838,7.65328,0,1,0,0.01172,0.00000,0.08063,0.17481,0.5500,0.00000,0.00600,random
random_push,nominal,3,11,1,0.06778,0.38764,4.09837,0,1,0,0.00552,0.00000,0.14727,0.23511,0.5500,0.00000,0.00600,random
random_push,nominal,4,0,1,0.07289,0.37870,6.38717,0,1,0,0.01525,0.00000,0.13882,0.21293,0.5500,0.00000,0.00600,random
random_push,nominal,4,1,1,0.05899,0.41280,6.51413,0,1,0,0.01681,0.00000,0.18588,0.24526,0.5500,0.00000,0.00600,random
random_push,nominal,4,2,0,0.08224,0.28795,3.83594,0,1,0,0.00911,0.00000,0.10414,0.12145,0.5500,0.00000,0.00600,random
random_push,nominal,4,3,1,0.03785,0.37410,6.82836,0,1,0,0.00184,0.00000,0.13490,0.20568,0.5500,0.00000,0.00600,random
random_push,nominal,4,4,0,0.12023,0.29329,4.75319,0,1,0,0.00838,0.00000,0.10106,0.12676,0.5500,0.00000,0.00600,random
random_push,nominal,4,5,1,0.05741,0.41978,7.04110,0,1,0,0.02313,0.00000,0.15985,0.25911,0.5500,0.00000,0.00600,random
random_push,nominal,4,6,0,0.13264,0.39980,7.06884,0,1,0,0.01978,0.00000,0.10984,0.24640,0.5500,0.00000,0.00600,random
random_push,nominal,4,7,0,0.09503,0.37813,7.06585,0,1,0,0.00780,0.00000,0.03649,0.24497,0.5500,0.00000,0.00600,random
random_push,nominal,4,8,0,0.08968,0.31295,4.47191,0,1,0,0.00630,0.00000,0.10070,0.15700,0.5500,0.00000,0.00600,random
random_push,nominal,4,9,0,0.18224,0.35300,6.51660,0,1,0,0.00893,0.00000,0.02710,0.21843,0.5500,0.00000,0.00600,random
random_push,nominal,4,10,0,0.15020,0.35088,4.96103,0,1,0,0.00240,0.00000,0.02146,0.22267,0.5500,0.00000,0.00600,random
random_push,nominal,4,11,0,0.09757,0.26814,7.12918,0,1,0,0.02395,0.00000,0.04278,0.12478,0.5500,0.00000,0.00600,random
random_push,high_friction,0,0,0,0.10904,0.44591,5.03839,0,1,0,0.01544,0.00000,0.09938,0.20980,1.2500,0.00000,0.00800,random
random_push,high_friction,0,1,0,0.11220,0.55556,6.62589,0,1,0,0.01702,0.00000,0.23979,0.25431,1.2500,0.00000,0.00800,random
random_push,high_friction,0,2,0,0.07940,0.47221,9.48781,0,1,0,0.00964,0.00000,0.11180,0.20298,1.2500,0.00000,0.00800,random
random_push,high_friction,0,3,1,0.04957,0.48437,10.82635,0,1,0,0.01221,0.00000,0.13149,0.22861,1.2500,0.00000,0.00800,random
random_push,high_friction,0,4,0,0.07533,0.42436,9.71118,0,1,0,0.00841,0.00000,0.09251,0.18505,1.2500,0.00000,0.00800,random
random_push,high_friction,0,5,0,0.17512,0.28072,6.34049,0,1,0,0.01152,0.00000,0.00000,0.12523,1.2500,0.00000,0.00800,random
random_push,high_friction,0,6,0,0.13510,0.39286,4.95484,0,1,0,0.01561,0.00000,0.09321,0.15885,1.2500,0.00000,0.00800,random
random_push,high_friction,0,7,0,0.09704,0.42559,9.14977,0,1,0,0.01303,0.00000,0.08240,0.19709,1.2500,0.00000,0.00800,random
random_push,high_friction,0,8,0,0.08723,0.51666,6.43972,0,1,0,0.01225,0.00000,0.17098,0.24483,1.2500,0.00000,0.00800,random
random_push,high_friction,0,9,0,0.11832,0.42474,6.26899,0,1,0,0.01017,0.00000,0.10757,0.19651,1.2500,0.00000,0.00800,random
random_push,high_friction,0,10,0,0.14137,0.39140,5.88619,0,1,0,0.02134,0.00000,0.10835,0.12732,1.2500,0.00000,0.00800,random
random_push,high_friction,0,11,0,0.13081,0.35854,6.44403,0,1,0,0.00592,0.00000,0.05815,0.14292,1.2500,0.00000,0.00800,random
random_push,high_friction,1,0,0,0.16176,0.28755,5.06958,0,1,0,0.01460,0.00000,0.00007,0.14385,1.2500,0.00000,0.00800,random
random_push,high_friction,1,1,0,0.14501,0.36548,5.91321,0,1,0,0.00773,0.00000,0.07077,0.12093,1.2500,0.00000,0.00800,random
random_push,high_friction,1,2,0,0.16671,0.30874,6.58263,0,1,0,0.00794,0.00000,0.02275,0.13370,1.2500,0.00000,0.00800,random
random_push,high_friction,1,3,1,0.07469,0.48420,9.08296,0,1,0,0.01295,0.00000,0.14433,0.22800,1.2500,0.00000,0.00800,random
random_push,high_friction,1,4,1,0.06554,0.51744,8.72056,0,1,0,0.00340,0.00000,0.18794,0.22691,1.2500,0.00000,0.00800,random
random_push,high_friction,1,5,0,0.14166,0.42997,6.87593,0,1,0,0.01152,0.00000,0.15054,0.16434,1.2500,0.00000,0.00800,random
random_push,high_friction,1,6,0,0.13596,0.34754,5.02872,0,1,0,0.02720,0.00000,0.04339,0.16270,1.2500,0.00000,0.00800,random
random_push,high_friction,1,7,0,0.09578,0.40405,5.01433,0,1,0,0.01798,0.00000,0.09233,0.18631,1.2500,0.00000,0.00800,random
random_push,high_friction,1,8,0,0.20773,0.30649,5.02406,0,1,0,0.01727,0.00000,0.02175,0.13827,1.2500,0.00000,0.00800,random
random_push,high_friction,1,9,0,0.14949,0.46133,7.35744,0,1,0,0.00703,0.00000,0.11889,0.18951,1.2500,0.00000,0.00800,random
random_push,high_friction,1,10,1,0.03131,0.46459,6.94048,0,1,0,0.02300,0.00000,0.12040,0.24335,1.2500,0.00000,0.00800,random
random_push,high_friction,1,11,0,0.12238,0.39437,6.91487,0,1,0,0.01571,0.00000,0.04788,0.20025,1.2500,0.00000,0.00800,random
random_push,high_friction,2,0,0,0.17008,0.43445,6.79225,0,1,0,0.00982,0.00000,0.04422,0.24434,1.2500,0.00000,0.00800,random
random_push,high_friction,2,1,0,0.09776,0.50959,12.52323,0,1,0,0.00891,0.00000,0.17392,0.24203,1.2500,0.00000,0.00800,random
random_push,high_friction,2,2,0,0.20872,0.33891,6.25846,0,1,0,0.00987,0.00000,0.03537,0.14945,1.2500,0.00000,0.00800,random
random_push,high_friction,2,3,1,0.03667,0.48791,12.89175,0,1,0,0.04051,0.00000,0.13561,0.21355,1.2500,0.00000,0.00800,random
random_push,high_friction,2,4,0,0.07590,0.48110,6.59646,0,1,0,0.01942,0.00000,0.14796,0.19100,1.2500,0.00000,0.00800,random
random_push,high_friction,2,5,0,0.13321,0.46097,6.09906,0,1,0,0.01261,0.00000,0.14215,0.24066,1.2500,0.00000,0.00800,random
random_push,high_friction,2,6,0,0.08929,0.50955,8.18801,0,1,0,0.01108,0.00000,0.15607,0.25626,1.2500,0.00000,0.00800,random
random_push,high_friction,2,7,0,0.10781,0.45404,6.43878,0,1,0,0.01526,0.00000,0.14069,0.23223,1.2500,0.00000,0.00800,random
random_push,high_friction,2,8,0,0.10196,0.36174,5.79666,0,1,0,0.01139,0.00000,0.04629,0.16452,1.2500,0.00000,0.00800,random
random_push,high_friction,2,9,0,0.15962,0.37027,7.76797,0,1,0,0.01014,0.00000,0.05861,0.14184,1.2500,0.00000,0.00800,random
random_push,high_friction,2,10,0,0.10707,0.57655,8.25036,0,1,0,0.02096,0.00000,0.25936,0.28645,1.2500,0.00000,0.00800,random
random_push,high_friction,2,11,1,0.06079,0.51586,11.15688,0,1,0,0.01539,0.00000,0.18713,0.23410,1.2500,0.00000,0.00800,random
random_push,high_friction,3,0,1,0.03684,0.50048,6.28218,0,1,0,0.01222,0.00000,0.19630,0.25379,1.2500,0.00000,0.00800,random
random_push,high_friction,3,1,1,0.06498,0.54748,8.52150,0,1,0,0.00867,0.00000,0.19177,0.27940,1.2500,0.00000,0.00800,random
random_push,high_friction,3,2,0,0.09457,0.36633,6.75119,0,1,0,0.01824,0.00000,0.05121,0.14557,1.2500,0.00000,0.00800,random
random_push,high_friction,3,3,0,0.15795,0.36778,6.55385,0,1,0,0.02188,0.00000,0.07763,0.12802,1.2500,0.00000,0.00800,random
random_push,high_friction,3,4,1,0.07192,0.46863,6.92807,0,1,0,0.01733,0.00000,0.16168,0.23036,1.2500,0.00000,0.00800,random
random_push,high_friction,3,5,0,0.08540,0.34346,4.47617,0,1,0,0.01671,0.00000,0.04968,0.12835,1.2500,0.00000,0.00800,random
random_push,high_friction,3,6,0,0.17923,0.30513,4.91549,0,1,0,0.00544,0.00000,0.01999,0.11093,1.2500,0.00000,0.00800,random
random_push,high_friction,3,7,0,0.09183,0.42454,6.54711,0,1,0,0.01187,0.00000,0.10323,0.21127,1.2500,0.00000,0.00800,random
random_push,high_friction,3,8,0,0.20604,0.30646,5.31896,0,1,0,0.02333,0.00000,0.00733,0.14307,1.2500,0.00000,0.00800,random
random_push,high_friction,3,9,1,0.05595,0.51316,6.38528,0,1,0,0.01827,0.00000,0.20393,0.25219,1.2500,0.00000,0.00800,random
random_push,high_friction,3,10,0,0.13862,0.37674,8.05735,0,1,0,0.01469,0.00000,0.07859,0.13099,1.2500,0.00000,0.00800,random
random_push,high_friction,3,11,1,0.05451,0.43550,6.27011,0,1,0,0.02602,0.00000,0.10154,0.19085,1.2500,0.00000,0.00800,random
random_push,high_friction,4,0,1,0.03176,0.51627,10.44858,0,1,0,0.00652,0.00000,0.15411,0.25550,1.2500,0.00000,0.00800,random
random_push,high_friction,4,1,1,0.04599,0.46308,7.80807,0,1,0,0.02031,0.00000,0.16149,0.20398,1.2500,0.00000,0.00800,random
random_push,high_friction,4,2,1,0.04514,0.48784,9.47523,0,1,0,0.01508,0.00000,0.16359,0.20676,1.2500,0.00000,0.00800,random
random_push,high_friction,4,3,1,0.07047,0.49292,6.62930,0,1,0,0.00478,0.00000,0.12574,0.25132,1.2500,0.00000,0.00800,random
random_push,high_friction,4,4,0,0.08682,0.52110,5.44572,0,1,0,0.02044,0.00000,0.20261,0.25872,1.2500,0.00000,0.00800,random
random_push,high_friction,4,5,0,0.08756,0.55565,10.70223,0,1,0,0.01235,0.00000,0.20505,0.28209,1.2500,0.00000,0.00800,random
random_push,high_friction,4,6,0,0.15151,0.35427,6.44606,0,1,0,0.01471,0.00000,0.07122,0.11874,1.2500,0.00000,0.00800,random
random_push,high_friction,4,7,0,0.09767,0.32261,6.25873,0,1,0,0.01742,0.00000,0.03663,0.13376,1.2500,0.00000,0.00800,random
random_push,high_friction,4,8,0,0.13348,0.45008,6.48088,0,1,0,0.01522,0.00000,0.10486,0.23155,1.2500,0.00000,0.00800,random
random_push,high_friction,4,9,1,0.02349,0.51526,7.56437,0,1,0,0.01360,0.00000,0.17727,0.23427,1.2500,0.00000,0.00800,random
random_push,high_friction,4,10,0,0.12582,0.36886,5.73322,0,1,0,0.01368,0.00000,0.08584,0.12127,1.2500,0.00000,0.00800,random
random_push,high_friction,4,11,0,0.20556,0.33598,5.27507,0,1,0,0.02007,0.00000,0.02113,0.16316,1.2500,0.00000,0.00800,random
random_push,low_friction,0,0,0,0.23952,0.23117,2.35296,0,1,0,0.01598,0.00000,0.00000,0.13462,0.2200,0.00000,0.00800,random
random_push,low_friction,0,1,0,0.12693,0.27484,2.38694,0,1,0,0.01933,0.00000,0.06985,0.16294,0.2200,0.00000,0.00800,random
random_push,low_friction,0,2,0,0.13236,0.32174,2.19191,0,1,0,0.00852,0.00000,0.00802,0.22349,0.2200,0.00000,0.00800,random
random_push,low_friction,0,3,1,0.06404,0.34160,1.95871,0,1,0,0.01535,0.00000,0.09360,0.23332,0.2200,0.00000,0.00800,random
random_push,low_friction,0,4,1,0.01126,0.40460,2.47854,0,1,0,0.00877,0.00000,0.21411,0.29224,0.2200,0.00000,0.00800,random
random_push,low_friction,0,5,0,0.10710,0.29624,2.51545,0,1,0,0.01030,0.00000,0.09014,0.18279,0.2200,0.00000,0.00800,random
random_push,low_friction,0,6,1,0.02390,0.31491,2.54368,0,1,0,0.01937,0.00000,0.09556,0.20186,0.2200,0.00000,0.00800,random
random_push,low_friction,0,7,1,0.02870,0.41304,3.15791,0,1,0,0.00995,0.00000,0.16497,0.29993,0.2200,0.00000,0.00800,random
random_push,low_friction,0,8,0,0.11564,0.27909,1.80485,0,1,0,0.00369,0.00000,0.11011,0.16453,0.2200,0.00000,0.00800,random
random_push,low_friction,0,9,0,0.08528,0.38375,3.52665,0,1,0,0.00549,0.00000,0.19123,0.26619,0.2200,0.00000,0.00800,random
random_push,low_friction,0,10,1,0.03148,0.40556,2.95457,0,1,0,0.02645,0.00000,0.16443,0.29061,0.2200,0.00000,0.00800,random
random_push,low_friction,0,11,0,0.15877,0.29625,1.66967,0,1,0,0.00868,0.00000,0.02892,0.19660,0.2200,0.00000,0.00800,random
random_push,low_friction,1,0,0,0.09308,0.26472,2.50380,0,1,0,0.01476,0.00000,0.06593,0.15435,0.2200,0.00000,0.00800,random
random_push,low_friction,1,1,0,0.08671,0.37924,2.95190,0,1,0,0.01178,0.00000,0.15851,0.26595,0.2200,0.00000,0.00800,random
random_push,low_friction,1,2,1,0.06583,0.28937,2.21136,0,1,0,0.01911,0.00000,0.08290,0.17803,0.2200,0.00000,0.00800,random
random_push,low_friction,1,3,1,0.01832,0.38960,2.48634,0,1,0,0.02089,0.00000,0.11700,0.27858,0.2200,0.00000,0.00800,random
random_push,low_friction,1,4,0,0.11981,0.25955,2.24113,0,1,0,0.01919,0.00000,0.02029,0.15861,0.2200,0.00000,0.00800,random
random_push,low_friction,1,5,0,0.09673,0.40771,2.54093,0,1,0,0.00792,0.00000,0.07544,0.30171,0.2200,0.00000,0.00800,random
random_push,low_friction,1,6,0,0.10759,0.31136,2.95365,0,1,0,0.02009,0.00000,0.11457,0.19907,0.2200,0.00000,0.00800,random
random_push,low_friction,1,7,1,0.06817,0.38578,2.40826,0,1,0,0.01079,0.00000,0.16946,0.27586,0.2200,0.00000,0.00800,random
random_push,low_friction,1,8,0,0.13807,0.25133,2.03468,0,1,0,0.01491,0.00000,0.04864,0.14555,0.2200,0.00000,0.00800,random
random_push,low_friction,1,9,0,0.12373,0.26783,2.45366,0,1,0,0.01175,0.00000,0.05603,0.15794,0.2200,0.00000,0.00800,random
random_push,low_friction,1,10,0,0.16278,0.24443,2.13771,0,1,0,0.00769,0.00000,0.03081,0.14092,0.2200,0.00000,0.00800,random
random_push,low_friction,1,11,0,0.15986,0.25956,2.53913,0,1,0,0.00682,0.00000,0.00000,0.16262,0.2200,0.00000,0.00800,random
random_push,low_friction,2,0,0,0.10655,0.28819,2.40579,0,1,0,0.00804,0.00000,0.06299,0.18122,0.2200,0.00000,0.00800,random
random_push,low_friction,2,1,0,0.17497,0.23809,1.35692,0,1,0,0.01172,0.00000,0.04219,0.12971,0.2200,0.00000,0.00800,random
random_push,low_friction,2,2,0,0.11308,0.28440,1.99121,0,1,0,0.02872,0.00000,0.09382,0.17321,0.2200,0.00000,0.00800,random
random_push,low_friction,2,3,0,0.09736,0.38321,2.54971,0,1,0,0.01524,0.00000,0.20579,0.26739,0.2200,0.00000,0.00800,random
random_push,low_friction,2,4,1,0.05972,0.37223,2.13992,0,1,0,0.02458,0.00000,0.10678,0.26215,0.2200,0.00000,0.00800,random
random_push,low_friction,2,5,0,0.12901,0.28349,1.73756,0,1,0,0.02840,0.00000,0.00232,0.18276,0.2200,0.00000,0.00800,random
random_push,low_friction,2,6,0,0.09734,0.37084,1.97781,0,1,0,0.00490,0.00000,0.12081,0.26407,0.2200,0.00000,0.00800,random
random_push,low_friction,2,7,1,0.06454,0.38923,2.80287,0,1,0,0.01896,0.00000,0.16196,0.27485,0.2200,0.00000,0.00800,random
random_push,low_friction,2,8,0,0.17298,0.23952,2.82272,0,1,0,0.00803,0.00000,0.01764,0.13708,0.2200,0.00000,0.00800,random
random_push,low_friction,2,9,0,0.16663,0.39953,1.85528,0,1,0,0.01038,0.00000,0.05965,0.29815,0.2200,0.00000,0.00800,random
random_push,low_friction,2,10,0,0.17502,0.40507,2.23430,0,1,0,0.01864,0.00000,0.03421,0.30440,0.2200,0.00000,0.00800,random
random_push,low_friction,2,11,0,0.08576,0.33456,1.78133,0,1,0,0.00660,0.00000,0.07790,0.22573,0.2200,0.00000,0.00800,random
random_push,low_friction,3,0,0,0.08836,0.39435,1.85890,0,1,0,0.01198,0.00000,0.17249,0.27981,0.2200,0.00000,0.00800,random
random_push,low_friction,3,1,0,0.14580,0.25611,1.86947,0,1,0,0.01751,0.00000,0.04663,0.14884,0.2200,0.00000,0.00800,random
random_push,low_friction,3,2,1,0.03646,0.39723,1.73000,0,1,0,0.01207,0.00000,0.10752,0.29138,0.2200,0.00000,0.00800,random
random_push,low_friction,3,3,0,0.14506,0.27140,1.97238,0,1,0,0.01023,0.00000,0.00000,0.17504,0.2200,0.00000,0.00800,random
random_push,low_friction,3,4,1,0.07476,0.38484,3.19910,0,1,0,0.00739,0.00000,0.19300,0.27062,0.2200,0.00000,0.00800,random
random_push,low_friction,3,5,0,0.12327,0.36451,3.10661,0,1,0,0.02177,0.00000,0.14876,0.25305,0.2200,0.00000,0.00800,random
random_push,low_friction,3,6,1,0.06094,0.35732,2.41721,0,1,0,0.01111,0.00000,0.15110,0.24577,0.2200,0.00000,0.00800,random
random_push,low_friction,3,7,1,0.05618,0.38173,3.33759,0,1,0,0.00773,0.00000,0.17525,0.26920,0.2200,0.00000,0.00800,random
random_push,low_friction,3,8,0,0.09300,0.41317,2.16410,0,1,0,0.01317,0.00000,0.08593,0.31065,0.2200,0.00000,0.00800,random
random_push,low_friction,3,9,0,0.11173,0.28873,2.38823,0,1,0,0.00082,0.00000,0.10439,0.17401,0.2200,0.00000,0.00800,random
random_push,low_friction,3,10,0,0.14392,0.31266,2.32629,0,1,0,0.01426,0.00000,0.02966,0.20792,0.2200,0.00000,0.00800,random
random_push,low_friction,3,11,1,0.07289,0.36461,2.76810,0,1,0,0.00323,0.00000,0.09180,0.25245,0.2200,0.00000,0.00800,random
random_push,low_friction,4,0,0,0.14611,0.24461,2.36208,0,1,0,0.02017,0.00000,0.07375,0.13385,0.2200,0.00000,0.00800,random
random_push,low_friction,4,1,1,0.05911,0.35659,1.77704,0,1,0,0.00543,0.00000,0.09705,0.24644,0.2200,0.00000,0.00800,random
random_push,low_friction,4,2,0,0.17033,0.23831,2.17689,0,1,0,0.02281,0.00000,0.04200,0.12827,0.2200,0.00000,0.00800,random
random_push,low_friction,4,3,0,0.10956,0.25135,2.50055,0,1,0,0.00552,0.00000,0.07808,0.13599,0.2200,0.00000,0.00800,random
random_push,low_friction,4,4,1,0.05156,0.39881,2.35637,0,1,0,0.01826,0.00000,0.16236,0.28966,0.2200,0.00000,0.00800,random
random_push,low_friction,4,5,0,0.15119,0.29989,1.95266,0,1,0,0.01041,0.00000,0.06102,0.19295,0.2200,0.00000,0.00800,random
random_push,low_friction,4,6,0,0.08796,0.29756,1.93276,0,1,0,0.01990,0.00000,0.05986,0.19336,0.2200,0.00000,0.00800,random
random_push,low_friction,4,7,0,0.13206,0.42032,3.44668,0,1,0,0.01070,0.00000,0.23011,0.30462,0.2200,0.00000,0.00800,random
random_push,low_friction,4,8,0,0.09807,0.39829,3.32003,0,1,0,0.00379,0.00000,0.18758,0.28609,0.2200,0.00000,0.00800,random
random_push,low_friction,4,9,1,0.05627,0.33893,2.07021,0,1,0,0.00810,0.00000,0.13038,0.22606,0.2200,0.00000,0.00800,random
random_push,low_friction,4,10,0,0.13543,0.25539,2.34337,0,1,0,0.02169,0.00000,0.05828,0.14523,0.2200,0.00000,0.00800,random
random_push,low_friction,4,11,0,0.09224,0.27903,2.41794,0,1,0,0.01612,0.00000,0.11450,0.16403,0.2200,0.00000,0.00800,random
random_push,vision_bias,0,0,0,0.14856,0.37243,5.43443,0,1,0,0.03132,0.00000,0.04718,0.23849,0.6000,0.05200,0.00700,random
random_push,vision_bias,0,1,1,0.03310,0.41593,5.49601,0,1,0,0.01918,0.00000,0.14560,0.27075,0.6000,0.05200,0.00700,random
random_push,vision_bias,0,2,0,0.15072,0.28084,5.43929,0,1,0,0.01995,0.00000,0.09340,0.12575,0.6000,0.05200,0.00700,random
random_push,vision_bias,0,3,0,0.13034,0.42639,7.69981,0,1,0,0.06382,0.00000,0.20970,0.27645,0.6000,0.05200,0.00700,random
random_push,vision_bias,0,4,0,0.15558,0.26382,5.25589,0,1,0,0.07037,0.00000,0.07083,0.13007,0.6000,0.05200,0.00700,random
random_push,vision_bias,0,5,1,0.04738,0.26216,6.34930,0,1,0,0.03477,0.00000,0.03290,0.13505,0.6000,0.05200,0.00700,random
random_push,vision_bias,0,6,0,0.08085,0.39479,5.39890,0,1,0,0.05664,0.00000,0.16907,0.24541,0.6000,0.05200,0.00700,random
random_push,vision_bias,0,7,0,0.14136,0.35302,5.95013,0,1,0,0.03280,0.00000,0.04780,0.23240,0.6000,0.05200,0.00700,random
random_push,vision_bias,0,8,0,0.17628,0.39097,4.37581,0,1,0,0.02909,0.00000,0.07075,0.25312,0.6000,0.05200,0.00700,random
random_push,vision_bias,0,9,0,0.20089,0.29022,3.98631,0,1,0,0.05684,0.00000,0.07418,0.16841,0.6000,0.05200,0.00700,random
random_push,vision_bias,0,10,0,0.11387,0.39518,5.37130,0,1,0,0.02313,0.00000,0.12278,0.22982,0.6000,0.05200,0.00700,random
random_push,vision_bias,0,11,0,0.11270,0.43187,3.94903,0,1,0,0.01100,0.00000,0.11343,0.27742,0.6000,0.05200,0.00700,random
random_push,vision_bias,1,0,0,0.17749,0.28573,2.87205,0,1,0,0.01752,0.00000,0.00000,0.17847,0.6000,0.05200,0.00700,random
random_push,vision_bias,1,1,0,0.16181,0.29644,5.53005,0,1,0,0.03777,0.00000,0.07600,0.13907,0.6000,0.05200,0.00700,random
random_push,vision_bias,1,2,0,0.19558,0.37527,2.98814,0,1,0,0.03511,0.00000,0.12470,0.24415,0.6000,0.05200,0.00700,random
random_push,vision_bias,1,3,0,0.21299,0.40302,6.78483,0,1,0,0.02047,0.00000,0.17595,0.25291,0.6000,0.05200,0.00700,random
random_push,vision_bias,1,4,0,0.09836,0.27642,5.65009,0,1,0,0.00745,0.00000,0.05201,0.13986,0.6000,0.05200,0.00700,random
random_push,vision_bias,1,5,0,0.08844,0.28540,3.45679,0,1,0,0.06282,0.00000,0.06278,0.16182,0.6000,0.05200,0.00700,random
random_push,vision_bias,1,6,1,0.06773,0.38655,5.37904,0,1,0,0.00451,0.00000,0.06405,0.21928,0.6000,0.05200,0.00700,random
random_push,vision_bias,1,7,0,0.27219,0.22134,0.00000,0,0,0,0.00965,0.00000,0.00000,0.14020,0.6000,0.05200,0.00700,random
random_push,vision_bias,1,8,1,0.01783,0.44344,10.92654,0,1,0,0.06392,0.00000,0.20981,0.26291,0.6000,0.05200,0.00700,random
random_push,vision_bias,1,9,0,0.10290,0.40111,5.68366,0,1,0,0.02772,0.00000,0.09330,0.25359,0.6000,0.05200,0.00700,random
random_push,vision_bias,1,10,0,0.19145,0.33519,3.43067,0,1,0,0.01862,0.00000,0.05812,0.19655,0.6000,0.05200,0.00700,random
random_push,vision_bias,1,11,0,0.20320,0.26925,3.60880,0,1,0,0.05259,0.00000,0.04569,0.14078,0.6000,0.05200,0.00700,random
random_push,vision_bias,2,0,0,0.10677,0.29738,5.43059,0,1,0,0.05186,0.00000,0.06863,0.17228,0.6000,0.05200,0.00700,random
random_push,vision_bias,2,1,0,0.12713,0.35862,4.53438,0,1,0,0.00424,0.00000,0.06553,0.22358,0.6000,0.05200,0.00700,random
random_push,vision_bias,2,2,1,0.05915,0.41911,4.29269,0,1,0,0.06225,0.00000,0.18833,0.28771,0.6000,0.05200,0.00700,random
random_push,vision_bias,2,3,1,0.01945,0.53628,8.21042,0,1,0,0.00638,0.00000,0.21469,0.25589,0.6000,0.05200,0.00700,random
random_push,vision_bias,2,4,0,0.13826,0.42200,5.85853,0,1,0,0.03666,0.00000,0.05613,0.29478,0.6000,0.05200,0.00700,random
random_push,vision_bias,2,5,0,0.17811,0.33215,6.27693,0,1,0,0.04435,0.00000,0.08721,0.18830,0.6000,0.05200,0.00700,random
random_push,vision_bias,2,6,1,0.05146,0.32842,3.73085,0,1,0,0.00860,0.00000,0.12634,0.16427,0.6000,0.05200,0.00700,random
random_push,vision_bias,2,7,0,0.23772,0.34511,2.25477,0,1,0,0.03987,0.00000,0.01502,0.23800,0.6000,0.05200,0.00700,random
random_push,vision_bias,2,8,0,0.09506,0.33639,6.27712,0,1,0,0.04532,0.00000,0.11761,0.19599,0.6000,0.05200,0.00700,random
random_push,vision_bias,2,9,1,0.04499,0.46848,8.88956,0,1,0,0.00438,0.00000,0.16387,0.24166,0.6000,0.05200,0.00700,random
random_push,vision_bias,2,10,0,0.13708,0.36023,5.23926,0,1,0,0.01285,0.00000,0.05308,0.21721,0.6000,0.05200,0.00700,random
random_push,vision_bias,2,11,0,0.11629,0.41615,6.19151,0,1,0,0.05050,0.00000,0.06435,0.29675,0.6000,0.05200,0.00700,random
random_push,vision_bias,3,0,0,0.15965,0.32659,6.22477,0,1,0,0.06542,0.00000,0.10391,0.18801,0.6000,0.05200,0.00700,random
random_push,vision_bias,3,1,0,0.12673,0.39758,8.44870,0,1,0,0.05163,0.00000,0.18321,0.25057,0.6000,0.05200,0.00700,random
random_push,vision_bias,3,2,0,0.13506,0.34455,6.71442,0,1,0,0.02085,0.00000,0.11999,0.17042,0.6000,0.05200,0.00700,random
random_push,vision_bias,3,3,0,0.18717,0.36621,5.30431,0,1,0,0.03117,0.00000,0.13078,0.20283,0.6000,0.05200,0.00700,random
random_push,vision_bias,3,4,1,0.04371,0.47123,7.19960,0,1,0,0.00675,0.00000,0.13110,0.20985,0.6000,0.05200,0.00700,random
random_push,vision_bias,3,5,0,0.11088,0.44144,8.82544,0,1,0,0.00415,0.00000,0.19273,0.27620,0.6000,0.05200,0.00700,random
random_push,vision_bias,3,6,0,0.17481,0.27510,5.97864,0,1,0,0.04964,0.00000,0.05592,0.14298,0.6000,0.05200,0.00700,random
random_push,vision_bias,3,7,0,0.23929,0.24340,2.90574,0,1,0,0.01315,0.00000,0.00000,0.13811,0.6000,0.05200,0.00700,random
random_push,vision_bias,3,8,0,0.11003,0.37476,6.62720,0,1,0,0.01754,0.00000,0.07417,0.23439,0.6000,0.05200,0.00700,random
random_push,vision_bias,3,9,0,0.13172,0.38641,3.16352,0,1,0,0.00879,0.00000,0.13843,0.23176,0.6000,0.05200,0.00700,random
random_push,vision_bias,3,10,0,0.09085,0.37745,6.91197,0,1,0,0.00931,0.00000,0.08930,0.23536,0.6000,0.05200,0.00700,random
random_push,vision_bias,3,11,0,0.24068,0.40167,4.40986,0,1,0,0.01550,0.00000,0.02863,0.27361,0.6000,0.05200,0.00700,random
random_push,vision_bias,4,0,0,0.16321,0.27234,6.69913,0,1,0,0.06056,0.00000,0.07861,0.13883,0.6000,0.05200,0.00700,random
random_push,vision_bias,4,1,0,0.10727,0.41134,5.91873,0,1,0,0.04736,0.00000,0.07755,0.27532,0.6000,0.05200,0.00700,random
random_push,vision_bias,4,2,0,0.12978,0.27565,3.95260,0,1,0,0.01370,0.00000,0.06058,0.12583,0.6000,0.05200,0.00700,random
random_push,vision_bias,4,3,0,0.18523,0.27255,2.80975,0,1,0,0.00874,0.00000,0.05852,0.12327,0.6000,0.05200,0.00700,random
random_push,vision_bias,4,4,0,0.14416,0.39714,7.19576,0,1,0,0.04407,0.00000,0.10113,0.25189,0.6000,0.05200,0.00700,random
random_push,vision_bias,4,5,1,0.02115,0.38921,6.28015,0,1,0,0.03237,0.00000,0.18129,0.20946,0.6000,0.05200,0.00700,random
random_push,vision_bias,4,6,1,0.06273,0.43890,5.21378,0,1,0,0.00699,0.00000,0.18044,0.27867,0.6000,0.05200,0.00700,random
random_push,vision_bias,4,7,0,0.15070,0.40317,5.50568,0,1,0,0.03084,0.00000,0.14182,0.26150,0.6000,0.05200,0.00700,random
random_push,vision_bias,4,8,0,0.13757,0.31042,4.69556,0,1,0,0.06769,0.00000,0.09859,0.18374,0.6000,0.05200,0.00700,random
random_push,vision_bias,4,9,0,0.15069,0.37446,8.17049,0,1,0,0.05244,0.00000,0.15940,0.19375,0.6000,0.05200,0.00700,random
random_push,vision_bias,4,10,0,0.21180,0.41972,9.47788,0,1,0,0.04701,0.00000,0.05362,0.29952,0.6000,0.05200,0.00700,random
random_push,vision_bias,4,11,0,0.10615,0.43980,7.97040,0,1,0,0.01229,0.00000,0.13079,0.19174,0.6000,0.05200,0.00700,random
random_push,tactile_noise,0,0,1,0.02659,0.46753,8.90418,0,1,0,0.01811,0.00000,0.21046,0.28310,0.6200,0.00000,0.04000,random
random_push,tactile_noise,0,1,0,0.07682,0.39781,8.12508,0,1,0,0.02633,0.00000,0.12967,0.23087,0.6200,0.00000,0.04000,random
random_push,tactile_noise,0,2,1,0.02477,0.42546,8.21580,0,1,0,0.06156,0.00000,0.10985,0.23955,0.6200,0.00000,0.04000,random
random_push,tactile_noise,0,3,1,0.06823,0.42798,5.02857,0,1,0,0.03507,0.00000,0.19784,0.25778,0.6200,0.00000,0.04000,random
random_push,tactile_noise,0,4,0,0.10432,0.39133,9.08716,0,1,0,0.07460,0.00000,0.12573,0.21062,0.6200,0.00000,0.04000,random
random_push,tactile_noise,0,5,1,0.07043,0.41553,6.66748,0,1,0,0.07789,0.00000,0.18611,0.21378,0.6200,0.00000,0.04000,random
random_push,tactile_noise,0,6,0,0.15304,0.26784,5.02961,0,1,0,0.06668,0.00000,0.00096,0.15397,0.6200,0.00000,0.04000,random
random_push,tactile_noise,0,7,0,0.11660,0.39390,4.85428,0,1,0,0.03032,0.00000,0.14738,0.20619,0.6200,0.00000,0.04000,random
random_push,tactile_noise,0,8,0,0.09248,0.36791,5.33113,0,1,0,0.02050,0.00000,0.11192,0.19956,0.6200,0.00000,0.04000,random
random_push,tactile_noise,0,9,0,0.11202,0.34775,6.32580,0,1,0,0.04105,0.00000,0.04435,0.19455,0.6200,0.00000,0.04000,random
random_push,tactile_noise,0,10,0,0.08556,0.26332,2.49747,0,1,0,0.10283,0.00000,0.04766,0.12230,0.6200,0.00000,0.04000,random
random_push,tactile_noise,0,11,1,0.07468,0.38730,6.25754,0,1,0,0.02885,0.00000,0.13234,0.23129,0.6200,0.00000,0.04000,random
random_push,tactile_noise,1,0,0,0.13324,0.26356,5.57379,0,1,0,0.01152,0.00000,0.03442,0.12041,0.6200,0.00000,0.04000,random
random_push,tactile_noise,1,1,0,0.10734,0.45930,5.63598,0,1,0,0.01913,0.00000,0.22030,0.28744,0.6200,0.00000,0.04000,random
random_push,tactile_noise,1,2,1,0.06503,0.39734,6.65928,0,1,0,0.04265,0.00000,0.13372,0.23474,0.6200,0.00000,0.04000,random
random_push,tactile_noise,1,3,0,0.09091,0.43686,7.81708,0,1,0,0.07754,0.00000,0.18355,0.27739,0.6200,0.00000,0.04000,random
random_push,tactile_noise,1,4,0,0.18922,0.34448,6.47714,0,1,0,0.09650,0.00000,0.01212,0.20643,0.6200,0.00000,0.04000,random
random_push,tactile_noise,1,5,0,0.07566,0.45335,4.99682,0,1,0,0.05116,0.00000,0.19185,0.28715,0.6200,0.00000,0.04000,random
random_push,tactile_noise,1,6,0,0.08361,0.46614,6.82291,0,1,0,0.10041,0.00000,0.21100,0.28616,0.6200,0.00000,0.04000,random
random_push,tactile_noise,1,7,0,0.18553,0.37974,4.96478,0,1,0,0.02789,0.00000,0.03790,0.24185,0.6200,0.00000,0.04000,random
random_push,tactile_noise,1,8,0,0.09789,0.32148,4.71671,0,1,0,0.04023,0.00000,0.04526,0.17667,0.6200,0.00000,0.04000,random
random_push,tactile_noise,1,9,0,0.07908,0.42585,5.98926,0,1,0,0.03384,0.00000,0.06594,0.27745,0.6200,0.00000,0.04000,random
random_push,tactile_noise,1,10,1,0.05533,0.37790,7.41325,0,1,0,0.05610,0.00000,0.11629,0.19091,0.6200,0.00000,0.04000,random
random_push,tactile_noise,1,11,0,0.10683,0.47297,10.81557,0,1,0,0.01480,0.00000,0.23129,0.27287,0.6200,0.00000,0.04000,random
random_push,tactile_noise,2,0,0,0.13061,0.26686,5.61183,0,1,0,0.04166,0.00000,0.03000,0.12113,0.6200,0.00000,0.04000,random
random_push,tactile_noise,2,1,0,0.09042,0.44187,5.53142,0,1,0,0.09821,0.00000,0.19902,0.27629,0.6200,0.00000,0.04000,random
random_push,tactile_noise,2,2,0,0.15788,0.31054,4.60367,0,1,0,0.04512,0.00000,0.03383,0.15771,0.6200,0.00000,0.04000,random
random_push,tactile_noise,2,3,0,0.08537,0.35768,7.41633,0,1,0,0.02621,0.00000,0.05317,0.19895,0.6200,0.00000,0.04000,random
random_push,tactile_noise,2,4,1,0.05419,0.41167,6.93161,0,1,0,0.02207,0.00000,0.16502,0.24576,0.6200,0.00000,0.04000,random
random_push,tactile_noise,2,5,1,0.07301,0.43681,6.89000,0,1,0,0.01971,0.00000,0.17836,0.25398,0.6200,0.00000,0.04000,random
random_push,tactile_noise,2,6,0,0.16441,0.43693,11.45010,0,1,0,0.06534,0.00000,0.16132,0.25431,0.6200,0.00000,0.04000,random
random_push,tactile_noise,2,7,0,0.16349,0.44645,8.64103,0,1,0,0.03663,0.00000,0.25014,0.28162,0.6200,0.00000,0.04000,random
random_push,tactile_noise,2,8,0,0.08224,0.38656,4.83174,0,1,0,0.10828,0.00000,0.12819,0.24397,0.6200,0.00000,0.04000,random
random_push,tactile_noise,2,9,0,0.17132,0.25678,2.89070,0,1,0,0.04554,0.00000,0.02079,0.12903,0.6200,0.00000,0.04000,random
random_push,tactile_noise,2,10,0,0.15230,0.36161,5.21607,0,1,0,0.08585,0.00000,0.10115,0.19642,0.6200,0.00000,0.04000,random
random_push,tactile_noise,2,11,1,0.04655,0.32452,6.35976,0,1,0,0.04726,0.00000,0.11702,0.12513,0.6200,0.00000,0.04000,random
random_push,tactile_noise,3,0,0,0.12189,0.36112,7.73069,0,1,0,0.08922,0.00000,0.10084,0.18452,0.6200,0.00000,0.04000,random
random_push,tactile_noise,3,1,1,0.02784,0.41942,7.11403,0,1,0,0.04224,0.00000,0.15688,0.24531,0.6200,0.00000,0.04000,random
random_push,tactile_noise,3,2,0,0.14249,0.26093,3.71204,0,1,0,0.01679,0.00000,0.00954,0.13786,0.6200,0.00000,0.04000,random
random_push,tactile_noise,3,3,1,0.04846,0.36659,4.85276,0,1,0,0.06499,0.00000,0.08032,0.20678,0.6200,0.00000,0.04000,random
random_push,tactile_noise,3,4,0,0.08708,0.27718,4.41453,0,1,0,0.06856,0.00000,0.04739,0.13713,0.6200,0.00000,0.04000,random
random_push,tactile_noise,3,5,0,0.14934,0.35387,6.47555,0,1,0,0.08488,0.00000,0.11627,0.17258,0.6200,0.00000,0.04000,random
random_push,tactile_noise,3,6,1,0.03187,0.43645,6.42669,0,1,0,0.04586,0.00000,0.15286,0.25210,0.6200,0.00000,0.04000,random
random_push,tactile_noise,3,7,0,0.22680,0.25412,5.99214,0,1,0,0.07042,0.00000,0.00000,0.13335,0.6200,0.00000,0.04000,random
random_push,tactile_noise,3,8,0,0.18662,0.26282,3.78523,0,1,0,0.07892,0.00000,0.04042,0.13060,0.6200,0.00000,0.04000,random
random_push,tactile_noise,3,9,0,0.16317,0.27405,6.10504,0,1,0,0.07620,0.00000,0.00000,0.14888,0.6200,0.00000,0.04000,random
random_push,tactile_noise,3,10,1,0.03355,0.38446,6.31923,0,1,0,0.07051,0.00000,0.14315,0.20496,0.6200,0.00000,0.04000,random
random_push,tactile_noise,3,11,0,0.13339,0.29596,5.34103,0,1,0,0.02031,0.00000,0.01508,0.16591,0.6200,0.00000,0.04000,random
random_push,tactile_noise,4,0,1,0.07239,0.36995,4.94357,0,1,0,0.01451,0.00000,0.11015,0.20657,0.6200,0.00000,0.04000,random
random_push,tactile_noise,4,1,0,0.09646,0.32969,3.96539,0,1,0,0.04087,0.00000,0.07013,0.18568,0.6200,0.00000,0.04000,random
random_push,tactile_noise,4,2,1,0.01527,0.37434,9.52072,0,1,0,0.01725,0.00000,0.12488,0.18414,0.6200,0.00000,0.04000,random
random_push,tactile_noise,4,3,0,0.16225,0.27988,5.08395,0,1,0,0.05802,0.00000,0.00000,0.16856,0.6200,0.00000,0.04000,random
random_push,tactile_noise,4,4,0,0.08030,0.46211,9.10178,0,1,0,0.07377,0.00000,0.18188,0.28460,0.6200,0.00000,0.04000,random
random_push,tactile_noise,4,5,0,0.15160,0.43257,5.14572,0,1,0,0.02512,0.00000,0.15913,0.26653,0.6200,0.00000,0.04000,random
random_push,tactile_noise,4,6,0,0.10423,0.34264,6.02919,0,1,0,0.07191,0.00000,0.05227,0.18200,0.6200,0.00000,0.04000,random
random_push,tactile_noise,4,7,0,0.15130,0.27561,6.79638,0,1,0,0.02848,0.00000,0.03002,0.12277,0.6200,0.00000,0.04000,random
random_push,tactile_noise,4,8,1,0.05046,0.47233,7.83367,0,1,0,0.02902,0.00000,0.21720,0.28655,0.6200,0.00000,0.04000,random
random_push,tactile_noise,4,9,0,0.11340,0.29288,5.51139,0,1,0,0.01082,0.00000,0.05130,0.14562,0.6200,0.00000,0.04000,random
random_push,tactile_noise,4,10,0,0.11710,0.26925,5.04282,0,1,0,0.03730,0.00000,0.03142,0.12784,0.6200,0.00000,0.04000,random
random_push,tactile_noise,4,11,1,0.07165,0.41490,7.79916,0,1,0,0.05520,0.00000,0.16693,0.23658,0.6200,0.00000,0.04000,random
random_push,sticky_contact,0,0,1,0.06521,0.64652,9.56533,0,1,0,0.01660,0.00000,0.14292,0.22247,1.5500,0.01000,0.01000,random
random_push,sticky_contact,0,1,0,0.12775,0.49338,9.26614,0,1,0,0.00422,0.00000,0.06306,0.15103,1.5500,0.01000,0.01000,random
random_push,sticky_contact,0,2,1,0.07461,0.67148,9.88016,0,1,0,0.03832,0.00000,0.21718,0.23156,1.5500,0.01000,0.01000,random
random_push,sticky_contact,0,3,0,0.15109,0.67803,9.05933,0,1,0,0.02629,0.00000,0.18999,0.24093,1.5500,0.01000,0.01000,random
random_push,sticky_contact,0,4,1,0.07221,0.63356,8.96643,0,1,0,0.00485,0.00000,0.15748,0.22681,1.5500,0.01000,0.01000,random
random_push,sticky_contact,0,5,0,0.08997,0.52093,9.09200,0,1,0,0.01172,0.00000,0.05067,0.10489,1.5500,0.01000,0.01000,random
random_push,sticky_contact,0,6,0,0.09379,0.64779,10.12952,0,1,0,0.00367,0.00000,0.13002,0.22539,1.5500,0.01000,0.01000,random
random_push,sticky_contact,0,7,1,0.04635,0.76381,11.37782,0,1,0,0.02153,0.00000,0.20943,0.26641,1.5500,0.01000,0.01000,random
random_push,sticky_contact,0,8,0,0.15122,0.52614,8.93441,0,1,0,0.02163,0.00000,0.06162,0.19675,1.5500,0.01000,0.01000,random
random_push,sticky_contact,0,9,0,0.08691,0.62638,9.90509,0,1,0,0.02279,0.00000,0.16993,0.25883,1.5500,0.01000,0.01000,random
random_push,sticky_contact,0,10,1,0.05279,0.64678,9.67219,0,1,0,0.02375,0.00000,0.22964,0.25762,1.5500,0.01000,0.01000,random
random_push,sticky_contact,0,11,0,0.11548,0.58437,10.28806,0,1,0,0.03232,0.00000,0.11954,0.23987,1.5500,0.01000,0.01000,random
random_push,sticky_contact,1,0,1,0.06886,0.60711,10.21477,0,1,0,0.02304,0.00000,0.13523,0.19966,1.5500,0.01000,0.01000,random
random_push,sticky_contact,1,1,0,0.09227,0.55652,9.35882,0,1,0,0.03161,0.00000,0.09376,0.23253,1.5500,0.01000,0.01000,random
random_push,sticky_contact,1,2,0,0.22737,0.38034,9.71407,0,1,0,0.01988,0.00000,0.01413,0.11395,1.5500,0.01000,0.01000,random
random_push,sticky_contact,1,3,0,0.14026,0.52350,9.21742,0,1,0,0.01435,0.00000,0.08940,0.16592,1.5500,0.01000,0.01000,random
random_push,sticky_contact,1,4,0,0.07619,0.74967,10.71910,0,1,0,0.01767,0.00000,0.17617,0.21836,1.5500,0.01000,0.01000,random
random_push,sticky_contact,1,5,0,0.13515,0.41649,7.96258,0,1,0,0.01477,0.00000,0.02268,0.13799,1.5500,0.01000,0.01000,random
random_push,sticky_contact,1,6,1,0.06977,0.57930,9.84647,0,1,0,0.00874,0.00000,0.09649,0.17224,1.5500,0.01000,0.01000,random
random_push,sticky_contact,1,7,0,0.15479,0.56624,10.30418,0,1,0,0.00735,0.00000,0.06136,0.15393,1.5500,0.01000,0.01000,random
random_push,sticky_contact,1,8,0,0.10390,0.68856,10.87724,0,1,0,0.01362,0.00000,0.13747,0.21327,1.5500,0.01000,0.01000,random
random_push,sticky_contact,1,9,1,0.03785,0.67957,9.64180,0,1,0,0.00667,0.00000,0.12263,0.17828,1.5500,0.01000,0.01000,random
random_push,sticky_contact,1,10,1,0.05888,0.73508,11.08105,0,1,0,0.00286,0.00000,0.16030,0.21003,1.5500,0.01000,0.01000,random
random_push,sticky_contact,1,11,1,0.04698,0.62516,9.68716,0,1,0,0.01627,0.00000,0.13354,0.17268,1.5500,0.01000,0.01000,random
random_push,sticky_contact,2,0,1,0.07320,0.74637,10.36470,0,1,0,0.02234,0.00000,0.14610,0.20815,1.5500,0.01000,0.01000,random
random_push,sticky_contact,2,1,0,0.18991,0.54338,12.70708,0,1,0,0.01935,0.00000,0.05095,0.27561,1.5500,0.01000,0.01000,random
random_push,sticky_contact,2,2,1,0.05919,0.55715,8.44591,0,1,0,0.01102,0.00000,0.06751,0.19973,1.5500,0.01000,0.01000,random
random_push,sticky_contact,2,3,1,0.04921,0.70308,10.46023,0,1,0,0.01182,0.00000,0.16153,0.23881,1.5500,0.01000,0.01000,random
random_push,sticky_contact,2,4,0,0.08479,0.67529,9.74726,0,1,0,0.02370,0.00000,0.14341,0.16600,1.5500,0.01000,0.01000,random
random_push,sticky_contact,2,5,0,0.16969,0.38373,9.74744,0,1,0,0.03555,0.00000,0.01988,0.13656,1.5500,0.01000,0.01000,random
random_push,sticky_contact,2,6,0,0.17686,0.39094,9.37107,0,1,0,0.01763,0.00000,0.02663,0.10844,1.5500,0.01000,0.01000,random
random_push,sticky_contact,2,7,0,0.09778,0.66065,9.68493,0,1,0,0.00902,0.00000,0.11156,0.13033,1.5500,0.01000,0.01000,random
random_push,sticky_contact,2,8,0,0.12629,0.68660,12.14010,0,1,0,0.01851,0.00000,0.15208,0.24658,1.5500,0.01000,0.01000,random
random_push,sticky_contact,2,9,0,0.16859,0.57595,9.62173,0,1,0,0.02778,0.00000,0.13195,0.16841,1.5500,0.01000,0.01000,random
random_push,sticky_contact,2,10,1,0.07489,0.63397,9.90759,0,1,0,0.01834,0.00000,0.15103,0.21323,1.5500,0.01000,0.01000,random
random_push,sticky_contact,2,11,0,0.09377,0.62774,9.48101,0,1,0,0.01472,0.00000,0.11412,0.18378,1.5500,0.01000,0.01000,random
random_push,sticky_contact,3,0,1,0.04570,0.69991,10.37922,0,1,0,0.00545,0.00000,0.13726,0.19971,1.5500,0.01000,0.01000,random
random_push,sticky_contact,3,1,1,0.07264,0.57682,10.06371,0,1,0,0.02650,0.00000,0.09574,0.17678,1.5500,0.01000,0.01000,random
random_push,sticky_contact,3,2,1,0.04584,0.71128,8.86916,0,1,0,0.01198,0.00000,0.21343,0.25526,1.5500,0.01000,0.01000,random
random_push,sticky_contact,3,3,1,0.03709,0.63767,10.17883,0,1,0,0.01325,0.00000,0.15278,0.25487,1.5500,0.01000,0.01000,random
random_push,sticky_contact,3,4,1,0.06720,0.71563,11.11079,0,1,0,0.02289,0.00000,0.15506,0.21258,1.5500,0.01000,0.01000,random
random_push,sticky_contact,3,5,0,0.19610,0.45237,8.40205,0,1,0,0.01691,0.00000,0.03976,0.10585,1.5500,0.01000,0.01000,random
random_push,sticky_contact,3,6,0,0.13196,0.50059,9.29939,0,1,0,0.02391,0.00000,0.03405,0.17735,1.5500,0.01000,0.01000,random
random_push,sticky_contact,3,7,0,0.07689,0.63921,9.35387,0,1,0,0.01218,0.00000,0.11123,0.17048,1.5500,0.01000,0.01000,random
random_push,sticky_contact,3,8,0,0.14067,0.54801,11.09227,0,1,0,0.01917,0.00000,0.08612,0.22162,1.5500,0.01000,0.01000,random
random_push,sticky_contact,3,9,0,0.11538,0.63108,10.12251,0,1,0,0.01095,0.00000,0.09168,0.16791,1.5500,0.01000,0.01000,random
random_push,sticky_contact,3,10,0,0.09575,0.70787,10.04926,0,1,0,0.00493,0.00000,0.11496,0.15219,1.5500,0.01000,0.01000,random
random_push,sticky_contact,3,11,1,0.03548,0.67402,10.23860,0,1,0,0.00354,0.00000,0.13310,0.18671,1.5500,0.01000,0.01000,random
random_push,sticky_contact,4,0,0,0.08922,0.59792,9.75962,0,1,0,0.02265,0.00000,0.08836,0.15084,1.5500,0.01000,0.01000,random
random_push,sticky_contact,4,1,1,0.02708,0.69312,11.48146,0,1,0,0.01698,0.00000,0.18853,0.21608,1.5500,0.01000,0.01000,random
random_push,sticky_contact,4,2,0,0.10301,0.70816,9.69937,0,1,0,0.01731,0.00000,0.22909,0.23746,1.5500,0.01000,0.01000,random
random_push,sticky_contact,4,3,1,0.05376,0.57982,8.27884,0,1,0,0.01492,0.00000,0.09291,0.21925,1.5500,0.01000,0.01000,random
random_push,sticky_contact,4,4,0,0.09480,0.67678,11.06967,0,1,0,0.00888,0.00000,0.15666,0.18584,1.5500,0.01000,0.01000,random
random_push,sticky_contact,4,5,1,0.07429,0.60787,9.16992,0,1,0,0.00504,0.00000,0.12429,0.20762,1.5500,0.01000,0.01000,random
random_push,sticky_contact,4,6,1,0.03590,0.68733,12.95055,0,1,0,0.00630,0.00000,0.16937,0.27961,1.5500,0.01000,0.01000,random
random_push,sticky_contact,4,7,1,0.04858,0.62680,9.19812,0,1,0,0.02691,0.00000,0.15070,0.25075,1.5500,0.01000,0.01000,random
random_push,sticky_contact,4,8,0,0.08652,0.51332,7.87792,0,1,0,0.02284,0.00000,0.06784,0.19015,1.5500,0.01000,0.01000,random
random_push,sticky_contact,4,9,1,0.06843,0.63877,10.06867,0,1,0,0.01379,0.00000,0.15639,0.26468,1.5500,0.01000,0.01000,random
random_push,sticky_contact,4,10,0,0.21997,0.50947,10.02798,0,1,0,0.01761,0.00000,0.01891,0.25482,1.5500,0.01000,0.01000,random
random_push,sticky_contact,4,11,0,0.10791,0.63443,10.36868,0,1,0,0.00582,0.00000,0.13423,0.19488,1.5500,0.01000,0.01000,random
random_push,combined_shift,0,0,0,0.15339,0.45293,4.25703,0,1,0,0.03148,0.00000,0.02816,0.26602,1.3500,0.04500,0.03000,random
random_push,combined_shift,0,1,0,0.20665,0.40884,5.06961,0,1,0,0.03256,0.00000,0.05049,0.21537,1.3500,0.04500,0.03000,random
random_push,combined_shift,0,2,0,0.12263,0.42035,7.96650,0,1,0,0.03184,0.00000,0.08209,0.18052,1.3500,0.04500,0.03000,random
random_push,combined_shift,0,3,0,0.12656,0.37395,5.47227,0,1,0,0.04005,0.00000,0.04971,0.12322,1.3500,0.04500,0.03000,random
random_push,combined_shift,0,4,0,0.16273,0.43705,7.32691,0,1,0,0.03668,0.00000,0.01828,0.26717,1.3500,0.04500,0.03000,random
random_push,combined_shift,0,5,0,0.13017,0.41737,7.09817,0,1,0,0.02418,0.00000,0.10572,0.16142,1.3500,0.04500,0.03000,random
random_push,combined_shift,0,6,0,0.15776,0.32658,5.00030,0,1,0,0.03312,0.00000,0.02212,0.12064,1.3500,0.04500,0.03000,random
random_push,combined_shift,0,7,0,0.21618,0.27976,6.20272,0,1,0,0.09444,0.00000,0.01444,0.11660,1.3500,0.04500,0.03000,random
random_push,combined_shift,0,8,0,0.22430,0.35521,5.25814,0,1,0,0.02533,0.00000,0.00000,0.22365,1.3500,0.04500,0.03000,random
random_push,combined_shift,0,9,0,0.22684,0.33530,5.61073,0,1,0,0.01494,0.00000,0.03229,0.13203,1.3500,0.04500,0.03000,random
random_push,combined_shift,0,10,0,0.16482,0.46125,9.83747,0,1,0,0.01661,0.00000,0.09944,0.21021,1.3500,0.04500,0.03000,random
random_push,combined_shift,0,11,0,0.16971,0.27577,4.56885,0,1,0,0.05109,0.00000,0.00000,0.12328,1.3500,0.04500,0.03000,random
random_push,combined_shift,1,0,0,0.08589,0.56551,7.56688,0,1,0,0.04954,0.00000,0.17356,0.27259,1.3500,0.04500,0.03000,random
random_push,combined_shift,1,1,0,0.21274,0.59903,10.86963,0,1,0,0.02717,0.00000,0.19052,0.24623,1.3500,0.04500,0.03000,random
random_push,combined_shift,1,2,0,0.22374,0.32918,7.81036,0,1,0,0.01077,0.00000,0.00000,0.17624,1.3500,0.04500,0.03000,random
random_push,combined_shift,1,3,0,0.18058,0.27588,7.60094,0,1,0,0.03310,0.00000,0.00000,0.13508,1.3500,0.04500,0.03000,random
random_push,combined_shift,1,4,1,0.05720,0.52088,7.95702,0,1,0,0.03573,0.00000,0.13276,0.21945,1.3500,0.04500,0.03000,random
random_push,combined_shift,1,5,0,0.15670,0.47955,7.14341,0,1,0,0.03296,0.00000,0.12249,0.20219,1.3500,0.04500,0.03000,random
random_push,combined_shift,1,6,1,0.04524,0.40917,6.49450,0,1,0,0.04848,0.00000,0.09239,0.13890,1.3500,0.04500,0.03000,random
random_push,combined_shift,1,7,0,0.13180,0.44537,7.30758,0,1,0,0.03573,0.00000,0.11116,0.16257,1.3500,0.04500,0.03000,random
random_push,combined_shift,1,8,0,0.22369,0.35301,3.13040,0,1,0,0.03368,0.00000,0.00000,0.20875,1.3500,0.04500,0.03000,random
random_push,combined_shift,1,9,0,0.22346,0.25736,7.00744,0,1,0,0.04732,0.00000,0.00000,0.14134,1.3500,0.04500,0.03000,random
random_push,combined_shift,1,10,0,0.15470,0.50495,8.51228,0,1,0,0.04826,0.00000,0.12317,0.26546,1.3500,0.04500,0.03000,random
random_push,combined_shift,1,11,0,0.18203,0.40591,5.41890,0,1,0,0.05644,0.00000,0.04995,0.14817,1.3500,0.04500,0.03000,random
random_push,combined_shift,2,0,0,0.10108,0.48118,6.76636,0,1,0,0.07342,0.00000,0.15128,0.23963,1.3500,0.04500,0.03000,random
random_push,combined_shift,2,1,0,0.14295,0.39226,7.48433,0,1,0,0.08590,0.00000,0.05336,0.12519,1.3500,0.04500,0.03000,random
random_push,combined_shift,2,2,0,0.20003,0.49177,9.93825,0,1,0,0.05086,0.00000,0.15921,0.26068,1.3500,0.04500,0.03000,random
random_push,combined_shift,2,3,0,0.09985,0.46487,4.92740,0,1,0,0.04252,0.00000,0.11162,0.23054,1.3500,0.04500,0.03000,random
random_push,combined_shift,2,4,0,0.10688,0.49333,5.61206,0,1,0,0.03368,0.00000,0.12473,0.18655,1.3500,0.04500,0.03000,random
random_push,combined_shift,2,5,0,0.16007,0.32302,6.83773,0,1,0,0.02403,0.00000,0.02011,0.13647,1.3500,0.04500,0.03000,random
random_push,combined_shift,2,6,0,0.11869,0.41631,7.14456,0,1,0,0.01519,0.00000,0.07984,0.16381,1.3500,0.04500,0.03000,random
random_push,combined_shift,2,7,1,0.01900,0.50400,10.97846,0,1,0,0.03118,0.00000,0.08784,0.27981,1.3500,0.04500,0.03000,random
random_push,combined_shift,2,8,0,0.08114,0.38663,5.61906,0,1,0,0.02961,0.00000,0.04703,0.13564,1.3500,0.04500,0.03000,random
random_push,combined_shift,2,9,0,0.09484,0.57143,15.80037,0,1,0,0.03138,0.00000,0.13784,0.14726,1.3500,0.04500,0.03000,random
random_push,combined_shift,2,10,0,0.09079,0.52987,7.15511,0,1,0,0.04313,0.00000,0.20096,0.22200,1.3500,0.04500,0.03000,random
random_push,combined_shift,2,11,0,0.12791,0.60750,9.19719,0,1,0,0.00651,0.00000,0.22066,0.24653,1.3500,0.04500,0.03000,random
random_push,combined_shift,3,0,0,0.08071,0.51549,8.92982,0,1,0,0.04520,0.00000,0.11888,0.23788,1.3500,0.04500,0.03000,random
random_push,combined_shift,3,1,0,0.19758,0.33589,5.99437,0,1,0,0.00230,0.00000,0.05228,0.11288,1.3500,0.04500,0.03000,random
random_push,combined_shift,3,2,0,0.20166,0.38543,5.25892,0,1,0,0.05021,0.00000,0.00000,0.23435,1.3500,0.04500,0.03000,random
random_push,combined_shift,3,3,0,0.21617,0.35141,7.71692,0,1,0,0.03432,0.00000,0.03886,0.14098,1.3500,0.04500,0.03000,random
random_push,combined_shift,3,4,0,0.12356,0.38002,7.72006,0,1,0,0.05284,0.00000,0.06425,0.16026,1.3500,0.04500,0.03000,random
random_push,combined_shift,3,5,0,0.10730,0.35738,7.81439,0,1,0,0.03234,0.00000,0.03750,0.13332,1.3500,0.04500,0.03000,random
random_push,combined_shift,3,6,0,0.25278,0.29239,7.39257,0,1,0,0.05472,0.00000,0.03642,0.15130,1.3500,0.04500,0.03000,random
random_push,combined_shift,3,7,0,0.07701,0.41620,7.85422,0,1,0,0.05480,0.00000,0.04063,0.18402,1.3500,0.04500,0.03000,random
random_push,combined_shift,3,8,0,0.14428,0.40804,6.77232,0,1,0,0.02088,0.00000,0.06948,0.14255,1.3500,0.04500,0.03000,random
random_push,combined_shift,3,9,0,0.12049,0.37948,7.58294,0,1,0,0.05644,0.00000,0.09159,0.16781,1.3500,0.04500,0.03000,random
random_push,combined_shift,3,10,0,0.22706,0.25410,7.17936,0,1,0,0.06177,0.00000,0.01442,0.11664,1.3500,0.04500,0.03000,random
random_push,combined_shift,3,11,0,0.18620,0.38292,7.35220,0,1,0,0.01115,0.00000,0.05841,0.16602,1.3500,0.04500,0.03000,random
random_push,combined_shift,4,0,0,0.17730,0.35670,7.18877,0,1,0,0.01806,0.00000,0.00529,0.20371,1.3500,0.04500,0.03000,random
random_push,combined_shift,4,1,0,0.23226,0.45145,18.84027,0,1,0,0.09750,0.00000,0.02748,0.20842,1.3500,0.04500,0.03000,random
random_push,combined_shift,4,2,0,0.24310,0.30847,7.31521,0,1,0,0.01109,0.00000,0.00000,0.14976,1.3500,0.04500,0.03000,random
random_push,combined_shift,4,3,0,0.11343,0.40794,8.09186,0,1,0,0.05214,0.00000,0.08557,0.18751,1.3500,0.04500,0.03000,random
random_push,combined_shift,4,4,1,0.06031,0.48856,8.80013,0,1,0,0.05413,0.00000,0.13322,0.23752,1.3500,0.04500,0.03000,random
random_push,combined_shift,4,5,0,0.21353,0.33597,8.25473,0,1,0,0.11485,0.00000,0.09050,0.17566,1.3500,0.04500,0.03000,random
random_push,combined_shift,4,6,0,0.20542,0.27054,4.33910,0,1,0,0.03949,0.00000,0.00000,0.11861,1.3500,0.04500,0.03000,random
random_push,combined_shift,4,7,1,0.06711,0.43009,6.79433,0,1,0,0.04327,0.00000,0.08171,0.19993,1.3500,0.04500,0.03000,random
random_push,combined_shift,4,8,0,0.12501,0.58520,14.27667,0,1,0,0.03305,0.00000,0.20284,0.19942,1.3500,0.04500,0.03000,random
random_push,combined_shift,4,9,0,0.08764,0.47932,9.35753,0,1,0,0.08936,0.00000,0.16891,0.23626,1.3500,0.04500,0.03000,random
random_push,combined_shift,4,10,0,0.11191,0.54659,8.37002,0,1,0,0.04814,0.00000,0.18351,0.24440,1.3500,0.04500,0.03000,random
random_push,combined_shift,4,11,0,0.17445,0.43110,6.73960,0,1,0,0.02071,0.00000,0.04232,0.26218,1.3500,0.04500,0.03000,random
vision_only_mpc,nominal,0,0,1,0.00902,0.35732,3.79240,0,1,0,0.01279,-0.00000,0.13272,0.21336,0.5500,0.00000,0.00600,vision
vision_only_mpc,nominal,0,1,1,0.02251,0.36421,6.27868,0,1,0,0.01931,-0.00000,0.12617,0.20080,0.5500,0.00000,0.00600,vision
vision_only_mpc,nominal,0,2,1,0.01907,0.40353,6.85949,0,1,0,0.00299,-0.00000,0.16852,0.24631,0.5500,0.00000,0.00600,vision
vision_only_mpc,nominal,0,3,1,0.00964,0.38870,6.43407,0,1,0,0.01576,-0.00000,0.14203,0.22221,0.5500,0.00000,0.00600,vision
vision_only_mpc,nominal,0,4,1,0.02090,0.43448,8.68783,0,1,0,0.01218,-0.00000,0.17618,0.25870,0.5500,0.00000,0.00600,vision
vision_only_mpc,nominal,0,5,1,0.00699,0.33930,4.01367,0,1,0,0.00490,-0.00000,0.11384,0.19309,0.5500,0.00000,0.00600,vision
vision_only_mpc,nominal,0,6,1,0.02011,0.41015,6.72641,0,1,0,0.01336,-0.00000,0.17856,0.25625,0.5500,0.00000,0.00600,vision
vision_only_mpc,nominal,0,7,1,0.00892,0.39652,5.83173,0,1,0,0.01444,-0.00000,0.15839,0.23516,0.5500,0.00000,0.00600,vision
vision_only_mpc,nominal,0,8,1,0.01467,0.43761,7.65008,0,1,0,0.01074,-0.00000,0.18675,0.26854,0.5500,0.00000,0.00600,vision
vision_only_mpc,nominal,0,9,1,0.01566,0.36337,4.65654,0,1,0,0.00646,-0.00000,0.12930,0.21227,0.5500,0.00000,0.00600,vision
vision_only_mpc,nominal,0,10,1,0.02723,0.32548,4.55164,0,1,0,0.01041,-0.00000,0.09255,0.17353,0.5500,0.00000,0.00600,vision
vision_only_mpc,nominal,0,11,1,0.01913,0.44197,4.68336,0,1,0,0.01491,-0.00000,0.20482,0.28998,0.5500,0.00000,0.00600,vision
vision_only_mpc,nominal,1,0,1,0.00925,0.43199,6.16088,0,1,0,0.00996,-0.00000,0.19471,0.27391,0.5500,0.00000,0.00600,vision
vision_only_mpc,nominal,1,1,1,0.00213,0.36354,7.80480,0,1,0,0.00665,-0.00000,0.12591,0.19817,0.5500,0.00000,0.00600,vision
vision_only_mpc,nominal,1,2,1,0.00969,0.45760,5.20160,0,1,0,0.00690,-0.00000,0.21902,0.29433,0.5500,0.00000,0.00600,vision
vision_only_mpc,nominal,1,3,1,0.00147,0.35270,5.62620,0,1,0,0.01275,-0.00000,0.11836,0.18979,0.5500,0.00000,0.00600,vision
vision_only_mpc,nominal,1,4,1,0.00820,0.39530,7.03654,0,1,0,0.02554,-0.00000,0.15645,0.23131,0.5500,0.00000,0.00600,vision
vision_only_mpc,nominal,1,5,1,0.00807,0.35408,6.44980,0,1,0,0.00478,-0.00000,0.11646,0.19493,0.5500,0.00000,0.00600,vision
vision_only_mpc,nominal,1,6,1,0.01157,0.39980,5.22224,0,1,0,0.01263,-0.00000,0.15420,0.23560,0.5500,0.00000,0.00600,vision
vision_only_mpc,nominal,1,7,1,0.01617,0.35617,6.00332,0,1,0,0.01471,-0.00000,0.12019,0.20181,0.5500,0.00000,0.00600,vision
vision_only_mpc,nominal,1,8,1,0.00812,0.45290,3.70737,0,1,0,0.00766,-0.00000,0.21554,0.29723,0.5500,0.00000,0.00600,vision
vision_only_mpc,nominal,1,9,1,0.01222,0.37429,4.86099,0,1,0,0.00844,-0.00000,0.13190,0.21137,0.5500,0.00000,0.00600,vision
vision_only_mpc,nominal,1,10,1,0.01518,0.37198,6.06832,0,1,0,0.01601,-0.00000,0.12672,0.20685,0.5500,0.00000,0.00600,vision
vision_only_mpc,nominal,1,11,1,0.00983,0.44413,6.23291,0,1,0,0.00971,-0.00000,0.18834,0.27112,0.5500,0.00000,0.00600,vision
vision_only_mpc,nominal,2,0,1,0.00948,0.45734,4.63928,0,1,0,0.01731,-0.00000,0.21676,0.29538,0.5500,0.00000,0.00600,vision
vision_only_mpc,nominal,2,1,1,0.01087,0.39265,6.79518,0,1,0,0.00546,-0.00000,0.15069,0.23191,0.5500,0.00000,0.00600,vision
vision_only_mpc,nominal,2,2,1,0.00312,0.40527,8.21523,0,1,0,0.02799,-0.00000,0.16498,0.23717,0.5500,0.00000,0.00600,vision
vision_only_mpc,nominal,2,3,1,0.01109,0.41916,5.67093,0,1,0,0.02586,-0.00000,0.18623,0.26511,0.5500,0.00000,0.00600,vision
vision_only_mpc,nominal,2,4,1,0.00512,0.37663,6.96887,0,1,0,0.01378,-0.00000,0.12917,0.20435,0.5500,0.00000,0.00600,vision
vision_only_mpc,nominal,2,5,1,0.02638,0.38962,6.15164,0,1,0,0.00449,-0.00000,0.12863,0.21367,0.5500,0.00000,0.00600,vision
vision_only_mpc,nominal,2,6,1,0.01355,0.44928,7.50327,0,1,0,0.01242,-0.00000,0.21231,0.29600,0.5500,0.00000,0.00600,vision
vision_only_mpc,nominal,2,7,1,0.00742,0.42278,7.33171,0,1,0,0.00722,-0.00000,0.18984,0.26953,0.5500,0.00000,0.00600,vision
vision_only_mpc,nominal,2,8,1,0.02199,0.41999,6.40506,0,1,0,0.00626,-0.00000,0.18305,0.26313,0.5500,0.00000,0.00600,vision
vision_only_mpc,nominal,2,9,1,0.01402,0.35944,6.86295,0,1,0,0.01664,-0.00000,0.11913,0.20027,0.5500,0.00000,0.00600,vision
vision_only_mpc,nominal,2,10,1,0.02116,0.42249,6.87621,0,1,0,0.00617,-0.00000,0.18578,0.26842,0.5500,0.00000,0.00600,vision
vision_only_mpc,nominal,2,11,1,0.01139,0.39783,10.26550,0,1,0,0.00637,-0.00000,0.12951,0.21494,0.5500,0.00000,0.00600,vision
vision_only_mpc,nominal,3,0,1,0.00526,0.39272,8.29080,0,1,0,0.00427,-0.00000,0.15365,0.22342,0.5500,0.00000,0.00600,vision
vision_only_mpc,nominal,3,1,1,0.00692,0.45789,7.63009,0,1,0,0.01026,-0.00000,0.20808,0.29027,0.5500,0.00000,0.00600,vision
vision_only_mpc,nominal,3,2,1,0.01058,0.39998,6.86060,0,1,0,0.00504,-0.00000,0.15154,0.23672,0.5500,0.00000,0.00600,vision
vision_only_mpc,nominal,3,3,1,0.00828,0.42030,6.20908,0,1,0,0.00472,-0.00000,0.17976,0.25941,0.5500,0.00000,0.00600,vision
vision_only_mpc,nominal,3,4,1,0.01704,0.42058,7.50237,0,1,0,0.00940,-0.00000,0.18481,0.26199,0.5500,0.00000,0.00600,vision
vision_only_mpc,nominal,3,5,1,0.00965,0.46148,8.90175,0,1,0,0.01949,-0.00000,0.21469,0.29477,0.5500,0.00000,0.00600,vision
vision_only_mpc,nominal,3,6,1,0.01368,0.45518,8.13266,0,1,0,0.02202,-0.00000,0.21060,0.28771,0.5500,0.00000,0.00600,vision
vision_only_mpc,nominal,3,7,1,0.00816,0.36712,5.68031,0,1,0,0.00391,-0.00000,0.12391,0.20660,0.5500,0.00000,0.00600,vision
vision_only_mpc,nominal,3,8,1,0.00621,0.39869,5.48517,0,1,0,0.00222,-0.00000,0.16436,0.24343,0.5500,0.00000,0.00600,vision
vision_only_mpc,nominal,3,9,1,0.00875,0.45744,7.72320,0,1,0,0.00914,-0.00000,0.19913,0.27585,0.5500,0.00000,0.00600,vision
vision_only_mpc,nominal,3,10,1,0.01616,0.34715,4.45326,0,1,0,0.01047,-0.00000,0.11596,0.19563,0.5500,0.00000,0.00600,vision
vision_only_mpc,nominal,3,11,1,0.01372,0.43314,7.34071,0,1,0,0.01014,-0.00000,0.17128,0.25281,0.5500,0.00000,0.00600,vision
vision_only_mpc,nominal,4,0,1,0.02186,0.43375,6.51376,0,1,0,0.01462,-0.00000,0.16370,0.24790,0.5500,0.00000,0.00600,vision
vision_only_mpc,nominal,4,1,1,0.01122,0.43293,4.37103,0,1,0,0.02260,-0.00000,0.20027,0.27924,0.5500,0.00000,0.00600,vision
vision_only_mpc,nominal,4,2,1,0.00583,0.39559,10.22810,0,1,0,0.01275,-0.00000,0.14167,0.21406,0.5500,0.00000,0.00600,vision
vision_only_mpc,nominal,4,3,1,0.00675,0.39905,6.53074,0,1,0,0.00643,-0.00000,0.15230,0.23043,0.5500,0.00000,0.00600,vision
vision_only_mpc,nominal,4,4,1,0.00213,0.36620,7.00020,0,1,0,0.00502,-0.00000,0.12029,0.19389,0.5500,0.00000,0.00600,vision
vision_only_mpc,nominal,4,5,1,0.01141,0.36259,3.87681,0,1,0,0.01701,-0.00000,0.13842,0.21470,0.5500,0.00000,0.00600,vision
vision_only_mpc,nominal,4,6,1,0.00282,0.45316,5.38044,0,1,0,0.00969,-0.00000,0.20732,0.28987,0.5500,0.00000,0.00600,vision
vision_only_mpc,nominal,4,7,1,0.01356,0.45443,7.69588,0,1,0,0.01163,-0.00000,0.20131,0.28235,0.5500,0.00000,0.00600,vision
vision_only_mpc,nominal,4,8,1,0.01047,0.38590,7.75469,0,1,0,0.01830,-0.00000,0.14555,0.22467,0.5500,0.00000,0.00600,vision
vision_only_mpc,nominal,4,9,1,0.01340,0.34683,6.41038,0,1,0,0.00812,-0.00000,0.11034,0.18905,0.5500,0.00000,0.00600,vision
vision_only_mpc,nominal,4,10,1,0.00625,0.44167,4.90508,0,1,0,0.00740,-0.00000,0.20203,0.28233,0.5500,0.00000,0.00600,vision
vision_only_mpc,nominal,4,11,1,0.00980,0.36360,5.83201,0,1,0,0.00151,-0.00000,0.12796,0.20970,0.5500,0.00000,0.00600,vision
vision_only_mpc,high_friction,0,0,1,0.02266,0.55839,11.20145,0,1,0,0.02303,-0.00000,0.19814,0.27383,1.2500,0.00000,0.00800,vision
vision_only_mpc,high_friction,0,1,1,0.02184,0.46428,6.50061,0,1,0,0.01257,-0.00000,0.13177,0.20575,1.2500,0.00000,0.00800,vision
vision_only_mpc,high_friction,0,2,1,0.02163,0.50748,10.45171,0,1,0,0.00988,-0.00000,0.17650,0.25200,1.2500,0.00000,0.00800,vision
vision_only_mpc,high_friction,0,3,1,0.02482,0.51877,7.75430,0,1,0,0.01228,-0.00000,0.17190,0.24757,1.2500,0.00000,0.00800,vision
vision_only_mpc,high_friction,0,4,1,0.01895,0.41669,7.05725,0,1,0,0.02415,-0.00000,0.11145,0.18561,1.2500,0.00000,0.00800,vision
vision_only_mpc,high_friction,0,5,1,0.02371,0.52861,5.91963,0,1,0,0.02410,-0.00000,0.20241,0.27573,1.2500,0.00000,0.00800,vision
vision_only_mpc,high_friction,0,6,1,0.02111,0.49208,5.84665,0,1,0,0.00665,-0.00000,0.15981,0.23548,1.2500,0.00000,0.00800,vision
vision_only_mpc,high_friction,0,7,1,0.02535,0.42769,6.14993,0,1,0,0.00034,-0.00000,0.10769,0.18192,1.2500,0.00000,0.00800,vision
vision_only_mpc,high_friction,0,8,1,0.01714,0.45145,6.60511,0,1,0,0.01928,-0.00000,0.10533,0.18057,1.2500,0.00000,0.00800,vision
vision_only_mpc,high_friction,0,9,1,0.01872,0.46672,8.17177,0,1,0,0.01573,-0.00000,0.13676,0.21117,1.2500,0.00000,0.00800,vision
vision_only_mpc,high_friction,0,10,1,0.02200,0.50014,6.61218,0,1,0,0.01165,-0.00000,0.17509,0.24912,1.2500,0.00000,0.00800,vision
vision_only_mpc,high_friction,0,11,1,0.02371,0.46280,6.53414,0,1,0,0.01635,-0.00000,0.14106,0.21478,1.2500,0.00000,0.00800,vision
vision_only_mpc,high_friction,1,0,1,0.01884,0.45686,8.27711,0,1,0,0.00225,-0.00000,0.13610,0.21245,1.2500,0.00000,0.00800,vision
vision_only_mpc,high_friction,1,1,1,0.01711,0.44134,6.93978,0,1,0,0.01432,-0.00000,0.12079,0.19474,1.2500,0.00000,0.00800,vision
vision_only_mpc,high_friction,1,2,1,0.01762,0.43321,6.40647,0,1,0,0.00813,-0.00000,0.11937,0.19363,1.2500,0.00000,0.00800,vision
vision_only_mpc,high_friction,1,3,1,0.02471,0.55139,8.04986,0,1,0,0.01439,-0.00000,0.20572,0.27790,1.2500,0.00000,0.00800,vision
vision_only_mpc,high_friction,1,4,1,0.02003,0.50784,6.46259,0,1,0,0.01866,-0.00000,0.17375,0.24976,1.2500,0.00000,0.00800,vision
vision_only_mpc,high_friction,1,5,1,0.02169,0.52417,9.75347,0,1,0,0.00615,-0.00000,0.15513,0.22960,1.2500,0.00000,0.00800,vision
vision_only_mpc,high_friction,1,6,1,0.02531,0.50137,7.89820,0,1,0,0.01350,-0.00000,0.17711,0.25130,1.2500,0.00000,0.00800,vision
vision_only_mpc,high_friction,1,7,1,0.02747,0.52255,6.33880,0,1,0,0.01422,-0.00000,0.18028,0.25397,1.2500,0.00000,0.00800,vision
vision_only_mpc,high_friction,1,8,1,0.02218,0.45884,7.87648,0,1,0,0.01394,-0.00000,0.13509,0.21004,1.2500,0.00000,0.00800,vision
vision_only_mpc,high_friction,1,9,1,0.01389,0.46202,6.67083,0,1,0,0.00649,-0.00000,0.13546,0.21194,1.2500,0.00000,0.00800,vision
vision_only_mpc,high_friction,1,10,1,0.02845,0.53039,8.09039,0,1,0,0.03065,-0.00000,0.19770,0.27114,1.2500,0.00000,0.00800,vision
vision_only_mpc,high_friction,1,11,1,0.02385,0.55108,7.63994,0,1,0,0.01422,-0.00000,0.19860,0.27224,1.2500,0.00000,0.00800,vision
vision_only_mpc,high_friction,2,0,1,0.02227,0.49771,7.51312,0,1,0,0.00470,-0.00000,0.15691,0.23104,1.2500,0.00000,0.00800,vision
vision_only_mpc,high_friction,2,1,1,0.02419,0.53769,6.49879,0,1,0,0.01299,-0.00000,0.19804,0.27405,1.2500,0.00000,0.00800,vision
vision_only_mpc,high_friction,2,2,1,0.02299,0.50906,6.48328,0,1,0,0.00508,-0.00000,0.16138,0.23626,1.2500,0.00000,0.00800,vision
vision_only_mpc,high_friction,2,3,1,0.01616,0.45739,8.12281,0,1,0,0.01947,-0.00000,0.11788,0.19335,1.2500,0.00000,0.00800,vision
vision_only_mpc,high_friction,2,4,1,0.02348,0.46755,5.82272,0,1,0,0.01474,-0.00000,0.13805,0.21098,1.2500,0.00000,0.00800,vision
vision_only_mpc,high_friction,2,5,1,0.02008,0.52677,6.91315,0,1,0,0.00758,-0.00000,0.18289,0.26069,1.2500,0.00000,0.00800,vision
vision_only_mpc,high_friction,2,6,1,0.02596,0.47019,5.63693,0,1,0,0.00126,-0.00000,0.15106,0.22674,1.2500,0.00000,0.00800,vision
vision_only_mpc,high_friction,2,7,1,0.02163,0.48510,11.43670,0,1,0,0.01140,-0.00000,0.15562,0.22977,1.2500,0.00000,0.00800,vision
vision_only_mpc,high_friction,2,8,1,0.01971,0.45566,6.56806,0,1,0,0.01212,-0.00000,0.12412,0.19771,1.2500,0.00000,0.00800,vision
vision_only_mpc,high_friction,2,9,1,0.02362,0.50284,6.59003,0,1,0,0.00631,-0.00000,0.16282,0.23861,1.2500,0.00000,0.00800,vision
vision_only_mpc,high_friction,2,10,1,0.02346,0.48321,6.42457,0,1,0,0.01635,-0.00000,0.16418,0.23882,1.2500,0.00000,0.00800,vision
vision_only_mpc,high_friction,2,11,1,0.01756,0.50401,8.25413,0,1,0,0.00676,-0.00000,0.17154,0.24621,1.2500,0.00000,0.00800,vision
vision_only_mpc,high_friction,3,0,1,0.02263,0.50277,7.73648,0,1,0,0.01406,-0.00000,0.16063,0.23456,1.2500,0.00000,0.00800,vision
vision_only_mpc,high_friction,3,1,1,0.02570,0.52504,8.24481,0,1,0,0.01694,-0.00000,0.17407,0.24745,1.2500,0.00000,0.00800,vision
vision_only_mpc,high_friction,3,2,1,0.02204,0.53775,6.48199,0,1,0,0.01296,-0.00000,0.19234,0.26829,1.2500,0.00000,0.00800,vision
vision_only_mpc,high_friction,3,3,1,0.02018,0.45000,7.36894,0,1,0,0.01752,-0.00000,0.13373,0.20831,1.2500,0.00000,0.00800,vision
vision_only_mpc,high_friction,3,4,1,0.02102,0.55955,9.79676,0,1,0,0.01445,-0.00000,0.20828,0.28451,1.2500,0.00000,0.00800,vision
vision_only_mpc,high_friction,3,5,1,0.02124,0.55070,9.05742,0,1,0,0.01016,-0.00000,0.19656,0.27036,1.2500,0.00000,0.00800,vision
vision_only_mpc,high_friction,3,6,1,0.02572,0.52753,10.18353,0,1,0,0.00891,-0.00000,0.16924,0.24477,1.2500,0.00000,0.00800,vision
vision_only_mpc,high_friction,3,7,1,0.01842,0.49177,6.53963,0,1,0,0.00415,-0.00000,0.15990,0.23581,1.2500,0.00000,0.00800,vision
vision_only_mpc,high_friction,3,8,1,0.01915,0.50253,6.91109,0,1,0,0.00437,-0.00000,0.16388,0.23750,1.2500,0.00000,0.00800,vision
vision_only_mpc,high_friction,3,9,1,0.02290,0.43078,7.01427,0,1,0,0.01394,-0.00000,0.11123,0.18470,1.2500,0.00000,0.00800,vision
vision_only_mpc,high_friction,3,10,1,0.02228,0.53678,6.06556,0,1,0,0.01865,-0.00000,0.19455,0.26859,1.2500,0.00000,0.00800,vision
vision_only_mpc,high_friction,3,11,1,0.02417,0.52172,5.40923,0,1,0,0.00416,-0.00000,0.19147,0.26686,1.2500,0.00000,0.00800,vision
vision_only_mpc,high_friction,4,0,1,0.01954,0.48699,7.73438,0,1,0,0.01161,-0.00000,0.15173,0.22692,1.2500,0.00000,0.00800,vision
vision_only_mpc,high_friction,4,1,1,0.02141,0.49815,5.51580,0,1,0,0.00647,-0.00000,0.14676,0.22120,1.2500,0.00000,0.00800,vision
vision_only_mpc,high_friction,4,2,1,0.02622,0.49233,8.77019,0,1,0,0.01485,-0.00000,0.16411,0.23868,1.2500,0.00000,0.00800,vision
vision_only_mpc,high_friction,4,3,1,0.02129,0.47728,5.29811,0,1,0,0.01443,-0.00000,0.16113,0.23419,1.2500,0.00000,0.00800,vision
vision_only_mpc,high_friction,4,4,1,0.02399,0.54270,6.31483,0,1,0,0.02175,-0.00000,0.21549,0.29017,1.2500,0.00000,0.00800,vision
vision_only_mpc,high_friction,4,5,1,0.02271,0.51908,10.46559,0,1,0,0.01569,-0.00000,0.17619,0.25060,1.2500,0.00000,0.00800,vision
vision_only_mpc,high_friction,4,6,1,0.01893,0.49851,8.15553,0,1,0,0.02284,-0.00000,0.16056,0.23560,1.2500,0.00000,0.00800,vision
vision_only_mpc,high_friction,4,7,1,0.01739,0.50509,6.72841,0,1,0,0.00454,-0.00000,0.16383,0.23924,1.2500,0.00000,0.00800,vision
vision_only_mpc,high_friction,4,8,1,0.02208,0.52343,8.14824,0,1,0,0.02551,-0.00000,0.16624,0.24038,1.2500,0.00000,0.00800,vision
vision_only_mpc,high_friction,4,9,1,0.02115,0.49072,8.35685,0,1,0,0.01127,-0.00000,0.15651,0.22922,1.2500,0.00000,0.00800,vision
vision_only_mpc,high_friction,4,10,1,0.02383,0.54778,6.03344,0,1,0,0.02487,-0.00000,0.20347,0.27756,1.2500,0.00000,0.00800,vision
vision_only_mpc,high_friction,4,11,1,0.02443,0.52805,6.76357,0,1,0,0.00118,-0.00000,0.21210,0.28180,1.2500,0.00000,0.00800,vision
vision_only_mpc,low_friction,0,0,1,0.01177,0.39289,2.36831,0,1,0,0.01640,-0.00000,0.19102,0.27641,0.2200,0.00000,0.00800,vision
vision_only_mpc,low_friction,0,1,1,0.01766,0.36297,1.89379,0,1,0,0.01159,-0.00000,0.16805,0.25381,0.2200,0.00000,0.00800,vision
vision_only_mpc,low_friction,0,2,1,0.00541,0.38599,2.67118,0,1,0,0.01370,-0.00000,0.18741,0.27356,0.2200,0.00000,0.00800,vision
vision_only_mpc,low_friction,0,3,1,0.00550,0.37997,2.40703,0,1,0,0.00168,-0.00000,0.18811,0.27189,0.2200,0.00000,0.00800,vision
vision_only_mpc,low_friction,0,4,1,0.01081,0.38019,2.39713,0,1,0,0.00404,-0.00000,0.17990,0.26399,0.2200,0.00000,0.00800,vision
vision_only_mpc,low_friction,0,5,1,0.01050,0.34566,2.71435,0,1,0,0.00687,-0.00000,0.14400,0.22906,0.2200,0.00000,0.00800,vision
vision_only_mpc,low_friction,0,6,1,0.00132,0.32214,2.19715,0,1,0,0.03120,-0.00000,0.12123,0.20856,0.2200,0.00000,0.00800,vision
vision_only_mpc,low_friction,0,7,1,0.00837,0.32882,2.79511,0,1,0,0.01111,-0.00000,0.13393,0.21782,0.2200,0.00000,0.00800,vision
vision_only_mpc,low_friction,0,8,1,0.01271,0.40673,2.48556,0,1,0,0.00809,-0.00000,0.20620,0.29463,0.2200,0.00000,0.00800,vision
vision_only_mpc,low_friction,0,9,1,0.01663,0.31567,2.46781,0,1,0,0.01254,-0.00000,0.11215,0.19700,0.2200,0.00000,0.00800,vision
vision_only_mpc,low_friction,0,10,1,0.01143,0.36488,2.59916,0,1,0,0.01151,-0.00000,0.16502,0.25175,0.2200,0.00000,0.00800,vision
vision_only_mpc,low_friction,0,11,1,0.00362,0.36649,2.66441,0,1,0,0.01231,-0.00000,0.16823,0.25301,0.2200,0.00000,0.00800,vision
vision_only_mpc,low_friction,1,0,1,0.00244,0.33737,2.76512,0,1,0,0.02891,-0.00000,0.14151,0.22644,0.2200,0.00000,0.00800,vision
vision_only_mpc,low_friction,1,1,1,0.00967,0.39744,2.47256,0,1,0,0.00915,-0.00000,0.19704,0.28430,0.2200,0.00000,0.00800,vision
vision_only_mpc,low_friction,1,2,1,0.01439,0.34643,2.79761,0,1,0,0.01359,-0.00000,0.14838,0.23426,0.2200,0.00000,0.00800,vision
vision_only_mpc,low_friction,1,3,1,0.00515,0.42030,4.11908,0,1,0,0.00928,-0.00000,0.21782,0.30108,0.2200,0.00000,0.00800,vision
vision_only_mpc,low_friction,1,4,1,0.00765,0.35589,2.55133,0,1,0,0.01292,-0.00000,0.15933,0.24155,0.2200,0.00000,0.00800,vision
vision_only_mpc,low_friction,1,5,1,0.01135,0.41165,3.59786,0,1,0,0.00504,-0.00000,0.21460,0.30074,0.2200,0.00000,0.00800,vision
vision_only_mpc,low_friction,1,6,1,0.00345,0.35355,2.27160,0,1,0,0.02144,-0.00000,0.15703,0.24159,0.2200,0.00000,0.00800,vision
vision_only_mpc,low_friction,1,7,1,0.01789,0.41724,3.94888,0,1,0,0.01279,-0.00000,0.21600,0.30084,0.2200,0.00000,0.00800,vision
vision_only_mpc,low_friction,1,8,1,0.01744,0.43449,4.14052,0,1,0,0.00925,-0.00000,0.23107,0.31849,0.2200,0.00000,0.00800,vision
vision_only_mpc,low_friction,1,9,1,0.02372,0.33654,2.06693,0,1,0,0.01601,-0.00000,0.13977,0.22619,0.2200,0.00000,0.00800,vision
vision_only_mpc,low_friction,1,10,1,0.01008,0.36481,3.27901,0,1,0,0.01998,-0.00000,0.16683,0.25230,0.2200,0.00000,0.00800,vision
vision_only_mpc,low_friction,1,11,1,0.01011,0.36633,2.59532,0,1,0,0.00235,-0.00000,0.16101,0.24647,0.2200,0.00000,0.00800,vision
vision_only_mpc,low_friction,2,0,1,0.01048,0.33824,2.04905,0,1,0,0.01032,-0.00000,0.14261,0.22700,0.2200,0.00000,0.00800,vision
vision_only_mpc,low_friction,2,1,1,0.00676,0.38481,3.61345,0,1,0,0.00459,-0.00000,0.19013,0.27204,0.2200,0.00000,0.00800,vision
vision_only_mpc,low_friction,2,2,1,0.01769,0.42977,2.32616,0,1,0,0.01846,-0.00000,0.22536,0.31604,0.2200,0.00000,0.00800,vision
vision_only_mpc,low_friction,2,3,1,0.01317,0.35455,2.54444,0,1,0,0.01042,-0.00000,0.15736,0.24106,0.2200,0.00000,0.00800,vision
vision_only_mpc,low_friction,2,4,1,0.01046,0.39372,2.73464,0,1,0,0.00489,-0.00000,0.19326,0.27930,0.2200,0.00000,0.00800,vision
vision_only_mpc,low_friction,2,5,1,0.00122,0.34571,3.39007,0,1,0,0.01149,-0.00000,0.14918,0.23123,0.2200,0.00000,0.00800,vision
vision_only_mpc,low_friction,2,6,1,0.01483,0.32807,2.06583,0,1,0,0.01241,-0.00000,0.13237,0.21616,0.2200,0.00000,0.00800,vision
vision_only_mpc,low_friction,2,7,1,0.01077,0.42503,3.08987,0,1,0,0.01983,-0.00000,0.22728,0.31036,0.2200,0.00000,0.00800,vision
vision_only_mpc,low_friction,2,8,1,0.01965,0.34502,1.98702,0,1,0,0.02113,-0.00000,0.15057,0.23668,0.2200,0.00000,0.00800,vision
vision_only_mpc,low_friction,2,9,1,0.00450,0.31817,2.92484,0,1,0,0.00587,-0.00000,0.11789,0.20254,0.2200,0.00000,0.00800,vision
vision_only_mpc,low_friction,2,10,1,0.02252,0.37634,2.26692,0,1,0,0.00379,-0.00000,0.18008,0.26623,0.2200,0.00000,0.00800,vision
vision_only_mpc,low_friction,2,11,1,0.00183,0.32736,2.03446,0,1,0,0.01793,-0.00000,0.13391,0.21560,0.2200,0.00000,0.00800,vision
vision_only_mpc,low_friction,3,0,1,0.00255,0.33253,2.47309,0,1,0,0.00931,-0.00000,0.13785,0.22108,0.2200,0.00000,0.00800,vision
vision_only_mpc,low_friction,3,1,1,0.01300,0.35109,2.78002,0,1,0,0.00950,-0.00000,0.15191,0.23803,0.2200,0.00000,0.00800,vision
vision_only_mpc,low_friction,3,2,1,0.01771,0.42438,2.97674,0,1,0,0.01385,-0.00000,0.22787,0.31309,0.2200,0.00000,0.00800,vision
vision_only_mpc,low_friction,3,3,1,0.02522,0.42470,3.20034,0,1,0,0.02317,-0.00000,0.21996,0.30973,0.2200,0.00000,0.00800,vision
vision_only_mpc,low_friction,3,4,1,0.00785,0.31275,2.21405,0,1,0,0.01973,-0.00000,0.11579,0.19820,0.2200,0.00000,0.00800,vision
vision_only_mpc,low_friction,3,5,1,0.01308,0.37235,2.40151,0,1,0,0.01091,-0.00000,0.17491,0.25861,0.2200,0.00000,0.00800,vision
vision_only_mpc,low_friction,3,6,1,0.00540,0.31398,1.82641,0,1,0,0.01123,-0.00000,0.12068,0.20451,0.2200,0.00000,0.00800,vision
vision_only_mpc,low_friction,3,7,1,0.00574,0.34094,2.27059,0,1,0,0.02227,-0.00000,0.14447,0.23013,0.2200,0.00000,0.00800,vision
vision_only_mpc,low_friction,3,8,1,0.00470,0.36745,2.80580,0,1,0,0.00849,-0.00000,0.16612,0.25271,0.2200,0.00000,0.00800,vision
vision_only_mpc,low_friction,3,9,1,0.00989,0.33952,2.13935,0,1,0,0.00409,-0.00000,0.14283,0.22901,0.2200,0.00000,0.00800,vision
vision_only_mpc,low_friction,3,10,1,0.01382,0.42502,4.05235,0,1,0,0.00111,-0.00000,0.22967,0.31292,0.2200,0.00000,0.00800,vision
vision_only_mpc,low_friction,3,11,1,0.01320,0.35221,2.42583,0,1,0,0.00599,-0.00000,0.15453,0.23932,0.2200,0.00000,0.00800,vision
vision_only_mpc,low_friction,4,0,1,0.00589,0.32064,2.40014,0,1,0,0.02677,-0.00000,0.12000,0.20551,0.2200,0.00000,0.00800,vision
vision_only_mpc,low_friction,4,1,1,0.00906,0.40313,3.83211,0,1,0,0.00873,-0.00000,0.20346,0.28660,0.2200,0.00000,0.00800,vision
vision_only_mpc,low_friction,4,2,1,0.01831,0.42364,3.78670,0,1,0,0.02142,-0.00000,0.22576,0.30910,0.2200,0.00000,0.00800,vision
vision_only_mpc,low_friction,4,3,1,0.01367,0.38369,2.70026,0,1,0,0.01683,-0.00000,0.18462,0.27190,0.2200,0.00000,0.00800,vision
vision_only_mpc,low_friction,4,4,1,0.00413,0.31103,2.50136,0,1,0,0.01745,-0.00000,0.11286,0.19703,0.2200,0.00000,0.00800,vision
vision_only_mpc,low_friction,4,5,1,0.01792,0.34284,2.19124,0,1,0,0.00703,-0.00000,0.14317,0.22937,0.2200,0.00000,0.00800,vision
vision_only_mpc,low_friction,4,6,1,0.00598,0.38203,3.42246,0,1,0,0.02225,-0.00000,0.18138,0.26429,0.2200,0.00000,0.00800,vision
vision_only_mpc,low_friction,4,7,1,0.00458,0.31949,3.14838,0,1,0,0.01569,-0.00000,0.12241,0.20660,0.2200,0.00000,0.00800,vision
vision_only_mpc,low_friction,4,8,1,0.00340,0.40378,3.91583,0,1,0,0.01313,-0.00000,0.19741,0.28335,0.2200,0.00000,0.00800,vision
vision_only_mpc,low_friction,4,9,1,0.00998,0.41059,2.44190,0,1,0,0.01327,-0.00000,0.20967,0.29379,0.2200,0.00000,0.00800,vision
vision_only_mpc,low_friction,4,10,1,0.01651,0.39037,3.58635,0,1,0,0.01291,-0.00000,0.19177,0.27703,0.2200,0.00000,0.00800,vision
vision_only_mpc,low_friction,4,11,1,0.00403,0.37459,2.96166,0,1,0,0.01867,-0.00000,0.17382,0.25880,0.2200,0.00000,0.00800,vision
vision_only_mpc,vision_bias,0,0,0,0.11803,0.35379,2.46914,0,1,0,0.00913,-0.00000,0.05427,0.21817,0.6000,0.05200,0.00700,vision
vision_only_mpc,vision_bias,0,1,0,0.16453,0.42304,3.42778,0,1,0,0.02106,-0.00000,0.07415,0.29185,0.6000,0.05200,0.00700,vision
vision_only_mpc,vision_bias,0,2,1,0.01963,0.48341,5.71729,0,1,0,0.06326,-0.00000,0.25199,0.33894,0.6000,0.05200,0.00700,vision
vision_only_mpc,vision_bias,0,3,1,0.01109,0.40046,8.11064,0,1,0,0.00906,-0.00000,0.13180,0.14102,0.6000,0.05200,0.00700,vision
vision_only_mpc,vision_bias,0,4,0,0.17516,0.37331,3.31640,0,1,0,0.01015,-0.00000,0.02840,0.24446,0.6000,0.05200,0.00700,vision
vision_only_mpc,vision_bias,0,5,1,0.03917,0.50326,12.42781,0,1,0,0.06681,-0.00000,0.26266,0.33951,0.6000,0.05200,0.00700,vision
vision_only_mpc,vision_bias,0,6,0,0.13116,0.41533,6.48152,0,1,0,0.00967,-0.00000,0.10505,0.25568,0.6000,0.05200,0.00700,vision
vision_only_mpc,vision_bias,0,7,0,0.13382,0.42178,3.22822,0,1,0,0.00733,-0.00000,0.09875,0.28238,0.6000,0.05200,0.00700,vision
vision_only_mpc,vision_bias,0,8,0,0.11614,0.38060,4.51494,0,1,0,0.05782,-0.00000,0.11623,0.25255,0.6000,0.05200,0.00700,vision
vision_only_mpc,vision_bias,0,9,0,0.18819,0.42048,3.66631,0,1,0,0.01384,-0.00000,0.07282,0.27711,0.6000,0.05200,0.00700,vision
vision_only_mpc,vision_bias,0,10,1,0.00651,0.48295,6.31613,0,1,0,0.04321,-0.00000,0.26225,0.33507,0.6000,0.05200,0.00700,vision
vision_only_mpc,vision_bias,0,11,1,0.01058,0.45686,8.71577,0,1,0,0.00933,-0.00000,0.15740,0.18635,0.6000,0.05200,0.00700,vision
vision_only_mpc,vision_bias,1,0,0,0.13721,0.46803,4.75180,0,1,0,0.03155,-0.00000,0.16507,0.33107,0.6000,0.05200,0.00700,vision
vision_only_mpc,vision_bias,1,1,0,0.10360,0.39221,7.47775,0,1,0,0.03715,-0.00000,0.12490,0.23826,0.6000,0.05200,0.00700,vision
vision_only_mpc,vision_bias,1,2,0,0.11456,0.35665,4.19110,0,1,0,0.01425,-0.00000,0.07979,0.19986,0.6000,0.05200,0.00700,vision
vision_only_mpc,vision_bias,1,3,1,0.02435,0.45880,7.97898,0,1,0,0.04987,-0.00000,0.21993,0.30115,0.6000,0.05200,0.00700,vision
vision_only_mpc,vision_bias,1,4,0,0.12880,0.37159,4.99495,0,1,0,0.02060,-0.00000,0.07915,0.21954,0.6000,0.05200,0.00700,vision
vision_only_mpc,vision_bias,1,5,1,0.00559,0.46745,10.15416,0,1,0,0.03859,-0.00000,0.20669,0.28685,0.6000,0.05200,0.00700,vision
vision_only_mpc,vision_bias,1,6,1,0.00589,0.47322,10.17674,0,1,0,0.00225,-0.00000,0.20225,0.19926,0.6000,0.05200,0.00700,vision
vision_only_mpc,vision_bias,1,7,1,0.01489,0.52717,9.15343,0,1,0,0.00917,-0.00000,0.21807,0.23380,0.6000,0.05200,0.00700,vision
vision_only_mpc,vision_bias,1,8,1,0.00289,0.42127,9.17700,0,1,0,0.04973,-0.00000,0.18806,0.26990,0.6000,0.05200,0.00700,vision
vision_only_mpc,vision_bias,1,9,0,0.08655,0.38130,5.11159,0,1,0,0.04952,-0.00000,0.13919,0.24183,0.6000,0.05200,0.00700,vision
vision_only_mpc,vision_bias,1,10,1,0.02827,0.37523,4.01616,0,1,0,0.06254,-0.00000,0.15247,0.25018,0.6000,0.05200,0.00700,vision
vision_only_mpc,vision_bias,1,11,1,0.00769,0.43797,9.27096,0,1,0,0.00532,-0.00000,0.14398,0.15462,0.6000,0.05200,0.00700,vision
vision_only_mpc,vision_bias,2,0,1,0.03392,0.35353,7.46388,0,1,0,0.02422,-0.00000,0.10105,0.17319,0.6000,0.05200,0.00700,vision
vision_only_mpc,vision_bias,2,1,1,0.01241,0.37752,5.33954,0,1,0,0.03154,-0.00000,0.15377,0.22967,0.6000,0.05200,0.00700,vision
vision_only_mpc,vision_bias,2,2,0,0.08414,0.36360,5.58204,0,1,0,0.01784,-0.00000,0.11584,0.21063,0.6000,0.05200,0.00700,vision
vision_only_mpc,vision_bias,2,3,1,0.01046,0.43598,13.15270,0,1,0,0.06323,-0.00000,0.18701,0.26411,0.6000,0.05200,0.00700,vision
vision_only_mpc,vision_bias,2,4,0,0.07705,0.38984,5.77590,0,1,0,0.05027,-0.00000,0.14820,0.24044,0.6000,0.05200,0.00700,vision
vision_only_mpc,vision_bias,2,5,1,0.03135,0.47672,5.36285,0,1,0,0.04742,-0.00000,0.24848,0.32644,0.6000,0.05200,0.00700,vision
vision_only_mpc,vision_bias,2,6,0,0.11050,0.34826,3.72441,0,1,0,0.01466,-0.00000,0.08157,0.19500,0.6000,0.05200,0.00700,vision
vision_only_mpc,vision_bias,2,7,1,0.01421,0.41413,4.04773,0,1,0,0.04607,-0.00000,0.19188,0.27362,0.6000,0.05200,0.00700,vision
vision_only_mpc,vision_bias,2,8,0,0.15284,0.33333,4.66594,0,1,0,0.01082,-0.00000,0.03223,0.20408,0.6000,0.05200,0.00700,vision
vision_only_mpc,vision_bias,2,9,0,0.13733,0.33461,2.72712,0,1,0,0.01795,-0.00000,0.03064,0.20602,0.6000,0.05200,0.00700,vision
vision_only_mpc,vision_bias,2,10,1,0.02560,0.43662,7.64718,0,1,0,0.06057,-0.00000,0.18539,0.26780,0.6000,0.05200,0.00700,vision
vision_only_mpc,vision_bias,2,11,1,0.04917,0.37355,7.35128,0,1,0,0.03994,-0.00000,0.14304,0.22509,0.6000,0.05200,0.00700,vision
vision_only_mpc,vision_bias,3,0,1,0.01047,0.40287,8.00575,0,1,0,0.01698,-0.00000,0.12099,0.13707,0.6000,0.05200,0.00700,vision
vision_only_mpc,vision_bias,3,1,1,0.01016,0.39847,3.46492,0,1,0,0.05446,-0.00000,0.18518,0.26841,0.6000,0.05200,0.00700,vision
vision_only_mpc,vision_bias,3,2,0,0.12801,0.39647,5.02090,0,1,0,0.02084,-0.00000,0.10630,0.24766,0.6000,0.05200,0.00700,vision
vision_only_mpc,vision_bias,3,3,1,0.01712,0.39592,9.60766,0,1,0,0.01161,-0.00000,0.14297,0.22143,0.6000,0.05200,0.00700,vision
vision_only_mpc,vision_bias,3,4,0,0.10033,0.36460,6.71416,0,1,0,0.01128,-0.00000,0.09610,0.20241,0.6000,0.05200,0.00700,vision
vision_only_mpc,vision_bias,3,5,0,0.15242,0.39726,4.51192,0,1,0,0.02593,-0.00000,0.08145,0.24880,0.6000,0.05200,0.00700,vision
vision_only_mpc,vision_bias,3,6,1,0.04515,0.42076,7.57370,0,1,0,0.06000,-0.00000,0.20300,0.28739,0.6000,0.05200,0.00700,vision
vision_only_mpc,vision_bias,3,7,1,0.03042,0.48862,11.67757,0,1,0,0.08664,-0.00000,0.24970,0.32755,0.6000,0.05200,0.00700,vision
vision_only_mpc,vision_bias,3,8,0,0.22181,0.40969,3.27943,0,1,0,0.00540,-0.00000,0.03110,0.28233,0.6000,0.05200,0.00700,vision
vision_only_mpc,vision_bias,3,9,0,0.20096,0.41321,3.17466,0,1,0,0.01882,-0.00000,0.03685,0.29039,0.6000,0.05200,0.00700,vision
vision_only_mpc,vision_bias,3,10,1,0.01140,0.42261,8.45517,0,1,0,0.04616,-0.00000,0.19829,0.28064,0.6000,0.05200,0.00700,vision
vision_only_mpc,vision_bias,3,11,0,0.08486,0.44801,7.85074,0,1,0,0.05647,-0.00000,0.20015,0.29521,0.6000,0.05200,0.00700,vision
vision_only_mpc,vision_bias,4,0,0,0.15773,0.39594,3.48303,0,1,0,0.01247,-0.00000,0.05772,0.27550,0.6000,0.05200,0.00700,vision
vision_only_mpc,vision_bias,4,1,1,0.00718,0.37920,7.00263,0,1,0,0.05271,-0.00000,0.15703,0.23301,0.6000,0.05200,0.00700,vision
vision_only_mpc,vision_bias,4,2,0,0.14775,0.32217,2.53328,0,1,0,0.00643,-0.00000,0.02742,0.19411,0.6000,0.05200,0.00700,vision
vision_only_mpc,vision_bias,4,3,0,0.15231,0.42986,5.02861,0,1,0,0.00422,-0.00000,0.10285,0.28236,0.6000,0.05200,0.00700,vision
vision_only_mpc,vision_bias,4,4,1,0.03856,0.35067,8.17364,0,1,0,0.03156,-0.00000,0.11583,0.19888,0.6000,0.05200,0.00700,vision
vision_only_mpc,vision_bias,4,5,0,0.10847,0.37416,4.63073,0,1,0,0.01954,-0.00000,0.10988,0.22937,0.6000,0.05200,0.00700,vision
vision_only_mpc,vision_bias,4,6,1,0.03725,0.37229,8.33379,0,1,0,0.04774,-0.00000,0.13655,0.21733,0.6000,0.05200,0.00700,vision
vision_only_mpc,vision_bias,4,7,0,0.07752,0.40029,5.93102,0,1,0,0.00220,-0.00000,0.15324,0.24419,0.6000,0.05200,0.00700,vision
vision_only_mpc,vision_bias,4,8,0,0.07745,0.40592,5.11661,0,1,0,0.01956,-0.00000,0.15860,0.25519,0.6000,0.05200,0.00700,vision
vision_only_mpc,vision_bias,4,9,1,0.02199,0.42201,9.34143,0,1,0,0.01679,-0.00000,0.17783,0.25531,0.6000,0.05200,0.00700,vision
vision_only_mpc,vision_bias,4,10,0,0.11685,0.35330,5.66601,0,1,0,0.01899,-0.00000,0.08386,0.20014,0.6000,0.05200,0.00700,vision
vision_only_mpc,vision_bias,4,11,0,0.08248,0.42483,4.44634,0,1,0,0.02504,-0.00000,0.16961,0.27412,0.6000,0.05200,0.00700,vision
vision_only_mpc,tactile_noise,0,0,1,0.00795,0.38893,7.59855,0,1,0,0.03766,-0.00000,0.11495,0.19862,0.6200,0.00000,0.04000,vision
vision_only_mpc,tactile_noise,0,1,1,0.00559,0.38082,6.28101,0,1,0,0.08165,-0.00000,0.11578,0.19763,0.6200,0.00000,0.04000,vision
vision_only_mpc,tactile_noise,0,2,1,0.01189,0.39396,6.34736,0,1,0,0.04156,-0.00000,0.13292,0.21341,0.6200,0.00000,0.04000,vision
vision_only_mpc,tactile_noise,0,3,1,0.01565,0.42786,13.64954,0,1,0,0.06094,-0.00000,0.16235,0.24421,0.6200,0.00000,0.04000,vision
vision_only_mpc,tactile_noise,0,4,1,0.00631,0.40903,8.17039,0,1,0,0.07207,-0.00000,0.15399,0.22939,0.6200,0.00000,0.04000,vision
vision_only_mpc,tactile_noise,0,5,1,0.03248,0.45051,5.20435,0,1,0,0.02634,-0.00000,0.20015,0.28491,0.6200,0.00000,0.04000,vision
vision_only_mpc,tactile_noise,0,6,1,0.00647,0.37967,6.90045,0,1,0,0.01842,-0.00000,0.12071,0.20112,0.6200,0.00000,0.04000,vision
vision_only_mpc,tactile_noise,0,7,1,0.01667,0.44223,4.67045,0,1,0,0.05829,-0.00000,0.18781,0.27146,0.6200,0.00000,0.04000,vision
vision_only_mpc,tactile_noise,0,8,1,0.00770,0.42925,12.26677,0,1,0,0.06995,-0.00000,0.16414,0.23974,0.6200,0.00000,0.04000,vision
vision_only_mpc,tactile_noise,0,9,1,0.00829,0.42448,7.56143,0,1,0,0.05544,-0.00000,0.17462,0.25445,0.6200,0.00000,0.04000,vision
vision_only_mpc,tactile_noise,0,10,1,0.01368,0.46114,7.77662,0,1,0,0.09702,-0.00000,0.21588,0.29624,0.6200,0.00000,0.04000,vision
vision_only_mpc,tactile_noise,0,11,1,0.00617,0.43136,7.63041,0,1,0,0.06088,-0.00000,0.18098,0.25266,0.6200,0.00000,0.04000,vision
vision_only_mpc,tactile_noise,1,0,1,0.01990,0.38531,6.06380,0,1,0,0.01495,-0.00000,0.13023,0.20993,0.6200,0.00000,0.04000,vision
vision_only_mpc,tactile_noise,1,1,1,0.00891,0.43255,5.49318,0,1,0,0.06641,-0.00000,0.19959,0.27793,0.6200,0.00000,0.04000,vision
vision_only_mpc,tactile_noise,1,2,1,0.01794,0.48266,8.70612,0,1,0,0.02101,-0.00000,0.21814,0.29471,0.6200,0.00000,0.04000,vision
vision_only_mpc,tactile_noise,1,3,1,0.02050,0.39397,4.22962,0,1,0,0.04453,-0.00000,0.15185,0.23127,0.6200,0.00000,0.04000,vision
vision_only_mpc,tactile_noise,1,4,1,0.01236,0.37077,5.44764,0,1,0,0.02759,-0.00000,0.11700,0.19968,0.6200,0.00000,0.04000,vision
vision_only_mpc,tactile_noise,1,5,1,0.00752,0.41585,9.89556,0,1,0,0.06777,-0.00000,0.15666,0.23715,0.6200,0.00000,0.04000,vision
vision_only_mpc,tactile_noise,1,6,1,0.00878,0.42933,5.91523,0,1,0,0.04223,-0.00000,0.16663,0.24728,0.6200,0.00000,0.04000,vision
vision_only_mpc,tactile_noise,1,7,1,0.00424,0.45158,5.55360,0,1,0,0.07845,-0.00000,0.20300,0.27654,0.6200,0.00000,0.04000,vision
vision_only_mpc,tactile_noise,1,8,1,0.00601,0.39387,7.06652,0,1,0,0.03836,-0.00000,0.12871,0.20794,0.6200,0.00000,0.04000,vision
vision_only_mpc,tactile_noise,1,9,1,0.02343,0.39914,4.91896,0,1,0,0.04135,-0.00000,0.15795,0.23593,0.6200,0.00000,0.04000,vision
vision_only_mpc,tactile_noise,1,10,1,0.02492,0.44945,9.74077,0,1,0,0.02331,-0.00000,0.17475,0.25980,0.6200,0.00000,0.04000,vision
vision_only_mpc,tactile_noise,1,11,1,0.00476,0.46258,14.65483,0,1,0,0.07532,-0.00000,0.19731,0.26354,0.6200,0.00000,0.04000,vision
vision_only_mpc,tactile_noise,2,0,1,0.01027,0.39422,8.40208,0,1,0,0.04890,-0.00000,0.14283,0.21591,0.6200,0.00000,0.04000,vision
vision_only_mpc,tactile_noise,2,1,1,0.01251,0.41370,5.06084,0,1,0,0.04929,-0.00000,0.15362,0.23441,0.6200,0.00000,0.04000,vision
vision_only_mpc,tactile_noise,2,2,1,0.00682,0.36409,5.37530,0,1,0,0.01943,-0.00000,0.11833,0.19768,0.6200,0.00000,0.04000,vision
vision_only_mpc,tactile_noise,2,3,1,0.00876,0.39372,6.44133,0,1,0,0.06332,-0.00000,0.13341,0.21551,0.6200,0.00000,0.04000,vision
vision_only_mpc,tactile_noise,2,4,1,0.00821,0.42389,7.61561,0,1,0,0.06054,-0.00000,0.16342,0.24640,0.6200,0.00000,0.04000,vision
vision_only_mpc,tactile_noise,2,5,1,0.00601,0.36703,5.88072,0,1,0,0.04077,-0.00000,0.13282,0.20949,0.6200,0.00000,0.04000,vision
vision_only_mpc,tactile_noise,2,6,1,0.00276,0.38400,8.10937,0,1,0,0.04668,-0.00000,0.12788,0.20306,0.6200,0.00000,0.04000,vision
vision_only_mpc,tactile_noise,2,7,1,0.00916,0.43496,7.59976,0,1,0,0.08070,-0.00000,0.20194,0.27922,0.6200,0.00000,0.04000,vision
vision_only_mpc,tactile_noise,2,8,1,0.01997,0.47157,7.36597,0,1,0,0.03088,-0.00000,0.19776,0.28527,0.6200,0.00000,0.04000,vision
vision_only_mpc,tactile_noise,2,9,1,0.00921,0.40524,4.40535,0,1,0,0.07080,-0.00000,0.16133,0.24393,0.6200,0.00000,0.04000,vision
vision_only_mpc,tactile_noise,2,10,1,0.00213,0.38867,7.22782,0,1,0,0.09095,-0.00000,0.11656,0.19643,0.6200,0.00000,0.04000,vision
vision_only_mpc,tactile_noise,2,11,1,0.01221,0.40311,4.87734,0,1,0,0.05339,-0.00000,0.15883,0.23820,0.6200,0.00000,0.04000,vision
vision_only_mpc,tactile_noise,3,0,1,0.01032,0.38416,7.25992,0,1,0,0.04933,-0.00000,0.14384,0.22404,0.6200,0.00000,0.04000,vision
vision_only_mpc,tactile_noise,3,1,1,0.01106,0.36143,7.41996,0,1,0,0.13655,-0.00000,0.11213,0.19414,0.6200,0.00000,0.04000,vision
vision_only_mpc,tactile_noise,3,2,1,0.01406,0.39191,8.18518,0,1,0,0.06675,-0.00000,0.14387,0.21821,0.6200,0.00000,0.04000,vision
vision_only_mpc,tactile_noise,3,3,1,0.01661,0.36779,4.14939,0,1,0,0.13870,-0.00000,0.13070,0.21179,0.6200,0.00000,0.04000,vision
vision_only_mpc,tactile_noise,3,4,1,0.01330,0.40365,6.65731,0,1,0,0.00509,-0.00000,0.15766,0.23685,0.6200,0.00000,0.04000,vision
vision_only_mpc,tactile_noise,3,5,1,0.02193,0.36999,5.08848,0,1,0,0.09614,-0.00000,0.11740,0.19525,0.6200,0.00000,0.04000,vision
vision_only_mpc,tactile_noise,3,6,1,0.01226,0.41361,9.05383,0,1,0,0.10564,-0.00000,0.15842,0.23591,0.6200,0.00000,0.04000,vision
vision_only_mpc,tactile_noise,3,7,1,0.00858,0.38759,8.00966,0,1,0,0.05690,-0.00000,0.14097,0.20871,0.6200,0.00000,0.04000,vision
vision_only_mpc,tactile_noise,3,8,1,0.01496,0.42657,4.30247,0,1,0,0.03593,-0.00000,0.18280,0.26327,0.6200,0.00000,0.04000,vision
vision_only_mpc,tactile_noise,3,9,1,0.01703,0.44330,7.91810,0,1,0,0.02848,-0.00000,0.19819,0.27389,0.6200,0.00000,0.04000,vision
vision_only_mpc,tactile_noise,3,10,1,0.01210,0.37662,5.90732,0,1,0,0.08087,-0.00000,0.12837,0.20564,0.6200,0.00000,0.04000,vision
vision_only_mpc,tactile_noise,3,11,1,0.01514,0.42569,7.99891,0,1,0,0.07752,-0.00000,0.17732,0.25392,0.6200,0.00000,0.04000,vision
vision_only_mpc,tactile_noise,4,0,1,0.01991,0.45112,7.18993,0,1,0,0.07172,-0.00000,0.19016,0.27431,0.6200,0.00000,0.04000,vision
vision_only_mpc,tactile_noise,4,1,1,0.00894,0.38552,8.58550,0,1,0,0.01182,-0.00000,0.13706,0.20813,0.6200,0.00000,0.04000,vision
vision_only_mpc,tactile_noise,4,2,1,0.01234,0.45106,7.42673,0,1,0,0.00421,-0.00000,0.19190,0.27271,0.6200,0.00000,0.04000,vision
vision_only_mpc,tactile_noise,4,3,1,0.02089,0.45658,7.30525,0,1,0,0.01782,-0.00000,0.20397,0.28685,0.6200,0.00000,0.04000,vision
vision_only_mpc,tactile_noise,4,4,1,0.00744,0.38608,10.69860,0,1,0,0.07875,-0.00000,0.13215,0.20605,0.6200,0.00000,0.04000,vision
vision_only_mpc,tactile_noise,4,5,1,0.00757,0.48642,9.43504,0,1,0,0.02210,-0.00000,0.20918,0.28667,0.6200,0.00000,0.04000,vision
vision_only_mpc,tactile_noise,4,6,1,0.00969,0.44621,5.67768,0,1,0,0.01356,-0.00000,0.19793,0.27555,0.6200,0.00000,0.04000,vision
vision_only_mpc,tactile_noise,4,7,1,0.01560,0.44705,11.03652,0,1,0,0.02145,-0.00000,0.17842,0.25449,0.6200,0.00000,0.04000,vision
vision_only_mpc,tactile_noise,4,8,1,0.00714,0.43601,8.46980,0,1,0,0.02014,-0.00000,0.19084,0.27154,0.6200,0.00000,0.04000,vision
vision_only_mpc,tactile_noise,4,9,1,0.01209,0.39636,7.31602,0,1,0,0.01191,-0.00000,0.13378,0.22227,0.6200,0.00000,0.04000,vision
vision_only_mpc,tactile_noise,4,10,1,0.01370,0.36633,5.79402,0,1,0,0.04555,-0.00000,0.12694,0.20715,0.6200,0.00000,0.04000,vision
vision_only_mpc,tactile_noise,4,11,1,0.01575,0.46878,9.37049,0,1,0,0.03008,-0.00000,0.20570,0.28798,0.6200,0.00000,0.04000,vision
vision_only_mpc,sticky_contact,0,0,1,0.04149,0.62270,11.43861,0,1,0,0.01957,-0.00000,0.16114,0.22964,1.5500,0.01000,0.01000,vision
vision_only_mpc,sticky_contact,0,1,1,0.03844,0.69480,11.65474,0,1,0,0.00803,-0.00000,0.13729,0.20364,1.5500,0.01000,0.01000,vision
vision_only_mpc,sticky_contact,0,2,1,0.03751,0.72189,11.78585,0,1,0,0.02076,-0.00000,0.17474,0.24268,1.5500,0.01000,0.01000,vision
vision_only_mpc,sticky_contact,0,3,1,0.03152,0.60600,9.36794,0,1,0,0.01494,-0.00000,0.11916,0.18674,1.5500,0.01000,0.01000,vision
vision_only_mpc,sticky_contact,0,4,1,0.03830,0.71568,12.17214,0,1,0,0.00109,-0.00000,0.16708,0.23480,1.5500,0.01000,0.01000,vision
vision_only_mpc,sticky_contact,0,5,1,0.03982,0.67223,11.48516,0,1,0,0.03493,-0.00000,0.14835,0.21504,1.5500,0.01000,0.01000,vision
vision_only_mpc,sticky_contact,0,6,1,0.03161,0.64846,10.73596,0,1,0,0.01535,-0.00000,0.14498,0.21532,1.5500,0.01000,0.01000,vision
vision_only_mpc,sticky_contact,0,7,1,0.02738,0.58606,9.49975,0,1,0,0.01426,-0.00000,0.12158,0.19164,1.5500,0.01000,0.01000,vision
vision_only_mpc,sticky_contact,0,8,1,0.03456,0.69775,10.54483,0,1,0,0.01833,-0.00000,0.16760,0.23894,1.5500,0.01000,0.01000,vision
vision_only_mpc,sticky_contact,0,9,1,0.02614,0.63735,11.05334,0,1,0,0.00585,-0.00000,0.12745,0.19857,1.5500,0.01000,0.01000,vision
vision_only_mpc,sticky_contact,0,10,1,0.03284,0.67385,9.57199,0,1,0,0.00617,-0.00000,0.18177,0.25128,1.5500,0.01000,0.01000,vision
vision_only_mpc,sticky_contact,0,11,1,0.04639,0.69813,10.21808,0,1,0,0.01622,-0.00000,0.19911,0.26752,1.5500,0.01000,0.01000,vision
vision_only_mpc,sticky_contact,1,0,1,0.03357,0.64573,11.10023,0,1,0,0.02284,-0.00000,0.11275,0.17826,1.5500,0.01000,0.01000,vision
vision_only_mpc,sticky_contact,1,1,1,0.04183,0.66949,11.84300,0,1,0,0.03453,-0.00000,0.18659,0.25406,1.5500,0.01000,0.01000,vision
vision_only_mpc,sticky_contact,1,2,1,0.03991,0.74594,12.48928,0,1,0,0.00429,-0.00000,0.18831,0.25582,1.5500,0.01000,0.01000,vision
vision_only_mpc,sticky_contact,1,3,1,0.03857,0.70885,11.09636,0,1,0,0.02189,-0.00000,0.14735,0.21385,1.5500,0.01000,0.01000,vision
vision_only_mpc,sticky_contact,1,4,1,0.04034,0.75695,12.38955,0,1,0,0.01154,-0.00000,0.17395,0.23867,1.5500,0.01000,0.01000,vision
vision_only_mpc,sticky_contact,1,5,1,0.04305,0.73545,10.10031,0,1,0,0.01537,-0.00000,0.18952,0.25500,1.5500,0.01000,0.01000,vision
vision_only_mpc,sticky_contact,1,6,1,0.03888,0.59640,10.41900,0,1,0,0.01856,-0.00000,0.13774,0.20667,1.5500,0.01000,0.01000,vision
vision_only_mpc,sticky_contact,1,7,1,0.04240,0.67607,11.46783,0,1,0,0.01703,-0.00000,0.15655,0.22541,1.5500,0.01000,0.01000,vision
vision_only_mpc,sticky_contact,1,8,1,0.04493,0.73251,11.80959,0,1,0,0.01940,-0.00000,0.18353,0.25118,1.5500,0.01000,0.01000,vision
vision_only_mpc,sticky_contact,1,9,1,0.04033,0.71674,12.99999,0,1,0,0.03191,-0.00000,0.18523,0.25151,1.5500,0.01000,0.01000,vision
vision_only_mpc,sticky_contact,1,10,1,0.03206,0.62544,8.19364,0,1,0,0.01469,-0.00000,0.12926,0.19751,1.5500,0.01000,0.01000,vision
vision_only_mpc,sticky_contact,1,11,1,0.03727,0.75647,10.72062,0,1,0,0.01771,-0.00000,0.14349,0.21058,1.5500,0.01000,0.01000,vision
vision_only_mpc,sticky_contact,2,0,1,0.03343,0.64616,11.29569,0,1,0,0.02089,-0.00000,0.15939,0.22503,1.5500,0.01000,0.01000,vision
vision_only_mpc,sticky_contact,2,1,1,0.04622,0.62527,9.71913,0,1,0,0.01550,-0.00000,0.09679,0.16420,1.5500,0.01000,0.01000,vision
vision_only_mpc,sticky_contact,2,2,1,0.03308,0.66429,10.26355,0,1,0,0.03585,-0.00000,0.11342,0.17923,1.5500,0.01000,0.01000,vision
vision_only_mpc,sticky_contact,2,3,1,0.03624,0.63766,9.71569,0,1,0,0.03835,-0.00000,0.12325,0.18914,1.5500,0.01000,0.01000,vision
vision_only_mpc,sticky_contact,2,4,1,0.03296,0.67029,9.96835,0,1,0,0.01162,-0.00000,0.19089,0.26105,1.5500,0.01000,0.01000,vision
vision_only_mpc,sticky_contact,2,5,1,0.03905,0.70570,10.57365,0,1,0,0.02531,-0.00000,0.18076,0.24843,1.5500,0.01000,0.01000,vision
vision_only_mpc,sticky_contact,2,6,1,0.03959,0.75066,11.22599,0,1,0,0.00662,-0.00000,0.17640,0.24620,1.5500,0.01000,0.01000,vision
vision_only_mpc,sticky_contact,2,7,1,0.03387,0.65937,10.47355,0,1,0,0.01644,-0.00000,0.16140,0.23045,1.5500,0.01000,0.01000,vision
vision_only_mpc,sticky_contact,2,8,1,0.04319,0.76227,12.98138,0,1,0,0.01725,-0.00000,0.18072,0.24764,1.5500,0.01000,0.01000,vision
vision_only_mpc,sticky_contact,2,9,1,0.03421,0.64972,9.75705,0,1,0,0.01921,-0.00000,0.10891,0.17464,1.5500,0.01000,0.01000,vision
vision_only_mpc,sticky_contact,2,10,1,0.03646,0.61412,9.92026,0,1,0,0.02653,-0.00000,0.13864,0.20864,1.5500,0.01000,0.01000,vision
vision_only_mpc,sticky_contact,2,11,1,0.04146,0.70426,11.02725,0,1,0,0.00505,-0.00000,0.18754,0.25506,1.5500,0.01000,0.01000,vision
vision_only_mpc,sticky_contact,3,0,1,0.03323,0.63687,9.80766,0,1,0,0.01282,-0.00000,0.11411,0.18139,1.5500,0.01000,0.01000,vision
vision_only_mpc,sticky_contact,3,1,1,0.03483,0.61789,9.02443,0,1,0,0.00152,-0.00000,0.09713,0.16694,1.5500,0.01000,0.01000,vision
vision_only_mpc,sticky_contact,3,2,1,0.04357,0.66651,10.51605,0,1,0,0.02928,-0.00000,0.19345,0.26291,1.5500,0.01000,0.01000,vision
vision_only_mpc,sticky_contact,3,3,1,0.04086,0.64228,9.85980,0,1,0,0.01730,-0.00000,0.13297,0.20198,1.5500,0.01000,0.01000,vision
vision_only_mpc,sticky_contact,3,4,1,0.05299,0.76648,11.56950,0,1,0,0.01703,-0.00000,0.19395,0.26281,1.5500,0.01000,0.01000,vision
vision_only_mpc,sticky_contact,3,5,1,0.04364,0.59158,10.38205,0,1,0,0.02628,-0.00000,0.09633,0.16485,1.5500,0.01000,0.01000,vision
vision_only_mpc,sticky_contact,3,6,1,0.03547,0.73932,10.06515,0,1,0,0.01420,-0.00000,0.17821,0.24692,1.5500,0.01000,0.01000,vision
vision_only_mpc,sticky_contact,3,7,1,0.03418,0.67714,10.36010,0,1,0,0.02419,-0.00000,0.12579,0.19361,1.5500,0.01000,0.01000,vision
vision_only_mpc,sticky_contact,3,8,1,0.03777,0.69100,11.15865,0,1,0,0.01589,-0.00000,0.15509,0.22177,1.5500,0.01000,0.01000,vision
vision_only_mpc,sticky_contact,3,9,1,0.04994,0.74007,12.91249,0,1,0,0.02800,-0.00000,0.20279,0.26900,1.5500,0.01000,0.01000,vision
vision_only_mpc,sticky_contact,3,10,1,0.03839,0.73671,10.67922,0,1,0,0.01898,-0.00000,0.13997,0.20671,1.5500,0.01000,0.01000,vision
vision_only_mpc,sticky_contact,3,11,1,0.03115,0.56808,9.70832,0,1,0,0.03888,-0.00000,0.12046,0.19081,1.5500,0.01000,0.01000,vision
vision_only_mpc,sticky_contact,4,0,1,0.03844,0.65669,11.03472,0,1,0,0.01553,-0.00000,0.14892,0.21434,1.5500,0.01000,0.01000,vision
vision_only_mpc,sticky_contact,4,1,1,0.04543,0.71987,11.35107,0,1,0,0.01561,-0.00000,0.19645,0.26482,1.5500,0.01000,0.01000,vision
vision_only_mpc,sticky_contact,4,2,1,0.03607,0.74621,10.65916,0,1,0,0.00664,-0.00000,0.17000,0.23720,1.5500,0.01000,0.01000,vision
vision_only_mpc,sticky_contact,4,3,1,0.04917,0.74797,9.56253,0,1,0,0.00893,-0.00000,0.18303,0.25044,1.5500,0.01000,0.01000,vision
vision_only_mpc,sticky_contact,4,4,1,0.03726,0.57629,9.01275,0,1,0,0.02827,-0.00000,0.12082,0.19047,1.5500,0.01000,0.01000,vision
vision_only_mpc,sticky_contact,4,5,1,0.03232,0.63478,9.63283,0,1,0,0.01977,-0.00000,0.10953,0.17717,1.5500,0.01000,0.01000,vision
vision_only_mpc,sticky_contact,4,6,1,0.03345,0.62666,9.39272,0,1,0,0.02062,-0.00000,0.10149,0.16733,1.5500,0.01000,0.01000,vision
vision_only_mpc,sticky_contact,4,7,1,0.02809,0.63736,9.27856,0,1,0,0.00694,-0.00000,0.11880,0.18785,1.5500,0.01000,0.01000,vision
vision_only_mpc,sticky_contact,4,8,1,0.04202,0.76335,11.32610,0,1,0,0.00667,-0.00000,0.18872,0.25532,1.5500,0.01000,0.01000,vision
vision_only_mpc,sticky_contact,4,9,1,0.04366,0.73400,13.47534,0,1,0,0.01771,-0.00000,0.19810,0.26572,1.5500,0.01000,0.01000,vision
vision_only_mpc,sticky_contact,4,10,1,0.04436,0.67817,11.18826,0,1,0,0.00428,-0.00000,0.16400,0.22936,1.5500,0.01000,0.01000,vision
vision_only_mpc,sticky_contact,4,11,1,0.02867,0.62437,9.76706,0,1,0,0.00956,-0.00000,0.10545,0.17056,1.5500,0.01000,0.01000,vision
vision_only_mpc,combined_shift,0,0,1,0.04668,0.54757,10.92300,0,1,0,0.06655,-0.00000,0.21622,0.28743,1.3500,0.04500,0.03000,vision
vision_only_mpc,combined_shift,0,1,1,0.03264,0.53954,11.34799,0,1,0,0.00937,-0.00000,0.15057,0.22243,1.3500,0.04500,0.03000,vision
vision_only_mpc,combined_shift,0,2,1,0.06154,0.57226,8.58324,0,1,0,0.05934,-0.00000,0.17575,0.25331,1.3500,0.04500,0.03000,vision
vision_only_mpc,combined_shift,0,3,0,0.10976,0.43143,9.58020,0,1,0,0.04737,-0.00000,0.12882,0.22696,1.3500,0.04500,0.03000,vision
vision_only_mpc,combined_shift,0,4,0,0.11894,0.54043,12.20566,0,1,0,0.01266,-0.00000,0.13636,0.26355,1.3500,0.04500,0.03000,vision
vision_only_mpc,combined_shift,0,5,1,0.03336,0.68211,16.43172,0,1,0,0.05068,-0.00000,0.24544,0.21734,1.3500,0.04500,0.03000,vision
vision_only_mpc,combined_shift,0,6,1,0.03276,0.56143,7.54248,0,1,0,0.07270,-0.00000,0.20754,0.27795,1.3500,0.04500,0.03000,vision
vision_only_mpc,combined_shift,0,7,1,0.02299,0.45473,5.59118,0,1,0,0.02466,-0.00000,0.10229,0.17539,1.3500,0.04500,0.03000,vision
vision_only_mpc,combined_shift,0,8,0,0.12640,0.41964,8.84476,0,1,0,0.04087,-0.00000,0.05983,0.21586,1.3500,0.04500,0.03000,vision
vision_only_mpc,combined_shift,0,9,0,0.20718,1.28278,61.92376,0,1,0,0.03474,-0.00000,0.08516,0.18533,1.3500,0.04500,0.03000,vision
vision_only_mpc,combined_shift,0,10,0,0.09080,0.53744,11.73973,0,1,0,0.07641,-0.00000,0.14182,0.23344,1.3500,0.04500,0.03000,vision
vision_only_mpc,combined_shift,0,11,0,0.13503,0.51008,8.75149,0,1,0,0.03100,-0.00000,0.09926,0.23478,1.3500,0.04500,0.03000,vision
vision_only_mpc,combined_shift,1,0,1,0.04919,0.42219,7.84605,0,1,0,0.02453,-0.00000,0.08750,0.17596,1.3500,0.04500,0.03000,vision
vision_only_mpc,combined_shift,1,1,0,0.08197,0.49495,8.07939,0,1,0,0.02943,-0.00000,0.13144,0.21212,1.3500,0.04500,0.03000,vision
vision_only_mpc,combined_shift,1,2,1,0.02485,0.54307,12.52344,0,1,0,0.02967,-0.00000,0.16632,0.24013,1.3500,0.04500,0.03000,vision
vision_only_mpc,combined_shift,1,3,0,0.08187,0.49119,5.43967,0,1,0,0.02620,-0.00000,0.15895,0.24648,1.3500,0.04500,0.03000,vision
vision_only_mpc,combined_shift,1,4,0,0.08148,0.47039,8.67320,0,1,0,0.04050,-0.00000,0.10473,0.18861,1.3500,0.04500,0.03000,vision
vision_only_mpc,combined_shift,1,5,1,0.05431,0.48900,7.63798,0,1,0,0.03902,-0.00000,0.14949,0.23183,1.3500,0.04500,0.03000,vision
vision_only_mpc,combined_shift,1,6,0,0.07743,0.46273,5.61665,0,1,0,0.01875,-0.00000,0.14159,0.22809,1.3500,0.04500,0.03000,vision
vision_only_mpc,combined_shift,1,7,0,0.10399,0.46828,12.24127,0,1,0,0.01894,-0.00000,0.11869,0.18190,1.3500,0.04500,0.03000,vision
vision_only_mpc,combined_shift,1,8,1,0.02835,0.46917,7.94093,0,1,0,0.04959,-0.00000,0.15366,0.22775,1.3500,0.04500,0.03000,vision
vision_only_mpc,combined_shift,1,9,1,0.07236,0.57683,7.42846,0,1,0,0.01485,-0.00000,0.17312,0.25079,1.3500,0.04500,0.03000,vision
vision_only_mpc,combined_shift,1,10,1,0.05210,0.57012,6.93641,0,1,0,0.07061,-0.00000,0.23658,0.30851,1.3500,0.04500,0.03000,vision
vision_only_mpc,combined_shift,1,11,0,0.19438,1.44099,70.36855,0,1,0,0.05542,-0.00000,0.12419,0.20912,1.3500,0.04500,0.03000,vision
vision_only_mpc,combined_shift,2,0,1,0.03573,0.55849,6.17978,0,1,0,0.03489,-0.00000,0.17230,0.24342,1.3500,0.04500,0.03000,vision
vision_only_mpc,combined_shift,2,1,0,0.12365,0.46934,6.42326,0,1,0,0.04834,-0.00000,0.09604,0.21350,1.3500,0.04500,0.03000,vision
vision_only_mpc,combined_shift,2,2,1,0.03363,0.46680,6.36980,0,1,0,0.06100,-0.00000,0.15042,0.22196,1.3500,0.04500,0.03000,vision
vision_only_mpc,combined_shift,2,3,1,0.03096,0.47790,8.47283,0,1,0,0.06389,-0.00000,0.17134,0.23882,1.3500,0.04500,0.03000,vision
vision_only_mpc,combined_shift,2,4,1,0.02524,0.42876,12.42635,0,1,0,0.02165,-0.00000,0.07338,0.16170,1.3500,0.04500,0.03000,vision
vision_only_mpc,combined_shift,2,5,1,0.04009,0.53632,8.96330,0,1,0,0.02069,-0.00000,0.14099,0.21214,1.3500,0.04500,0.03000,vision
vision_only_mpc,combined_shift,2,6,1,0.02382,0.50255,8.58487,0,1,0,0.06585,-0.00000,0.16317,0.23788,1.3500,0.04500,0.03000,vision
vision_only_mpc,combined_shift,2,7,1,0.04070,0.50433,8.40980,0,1,0,0.11224,-0.00000,0.18016,0.25077,1.3500,0.04500,0.03000,vision
vision_only_mpc,combined_shift,2,8,1,0.03210,0.56796,7.98226,0,1,0,0.05466,-0.00000,0.22409,0.29771,1.3500,0.04500,0.03000,vision
vision_only_mpc,combined_shift,2,9,1,0.03285,0.51653,10.39012,0,1,0,0.12974,-0.00000,0.20611,0.27619,1.3500,0.04500,0.03000,vision
vision_only_mpc,combined_shift,2,10,1,0.03158,0.46141,7.15151,0,1,0,0.07636,-0.00000,0.17503,0.24750,1.3500,0.04500,0.03000,vision
vision_only_mpc,combined_shift,2,11,0,0.10639,0.48439,10.14501,0,1,0,0.01809,-0.00000,0.11496,0.22169,1.3500,0.04500,0.03000,vision
vision_only_mpc,combined_shift,3,0,1,0.05107,0.49621,9.57612,0,1,0,0.01304,-0.00000,0.14699,0.21995,1.3500,0.04500,0.03000,vision
vision_only_mpc,combined_shift,3,1,0,0.12897,0.46543,9.99728,0,1,0,0.04154,-0.00000,0.10328,0.23405,1.3500,0.04500,0.03000,vision
vision_only_mpc,combined_shift,3,2,1,0.04077,0.49946,9.54310,0,1,0,0.03404,-0.00000,0.15796,0.23314,1.3500,0.04500,0.03000,vision
vision_only_mpc,combined_shift,3,3,0,0.11071,0.44470,5.48090,0,1,0,0.04649,-0.00000,0.08529,0.18963,1.3500,0.04500,0.03000,vision
vision_only_mpc,combined_shift,3,4,1,0.04461,0.47425,9.91963,0,1,0,0.07789,-0.00000,0.16620,0.23673,1.3500,0.04500,0.03000,vision
vision_only_mpc,combined_shift,3,5,0,0.15274,0.52535,7.37150,0,1,0,0.02404,-0.00000,0.10857,0.27092,1.3500,0.04500,0.03000,vision
vision_only_mpc,combined_shift,3,6,1,0.03177,0.58906,10.07690,0,1,0,0.03254,-0.00000,0.20487,0.27683,1.3500,0.04500,0.03000,vision
vision_only_mpc,combined_shift,3,7,1,0.04297,0.50070,8.63508,0,1,0,0.01666,-0.00000,0.17316,0.24573,1.3500,0.04500,0.03000,vision
vision_only_mpc,combined_shift,3,8,0,0.12732,0.49799,9.40524,0,1,0,0.03746,-0.00000,0.12252,0.24966,1.3500,0.04500,0.03000,vision
vision_only_mpc,combined_shift,3,9,1,0.02249,0.45561,8.46426,0,1,0,0.06200,-0.00000,0.15707,0.23089,1.3500,0.04500,0.03000,vision
vision_only_mpc,combined_shift,3,10,1,0.01663,0.76634,67.99686,0,1,0,0.07177,-0.00000,0.23315,0.18879,1.3500,0.04500,0.03000,vision
vision_only_mpc,combined_shift,3,11,0,0.11258,0.44769,7.13948,0,1,0,0.03875,-0.00000,0.09060,0.19763,1.3500,0.04500,0.03000,vision
vision_only_mpc,combined_shift,4,0,0,0.08916,0.43494,6.14764,0,1,0,0.07539,-0.00000,0.09919,0.20286,1.3500,0.04500,0.03000,vision
vision_only_mpc,combined_shift,4,1,1,0.04511,0.49495,6.33325,0,1,0,0.03592,-0.00000,0.15872,0.22742,1.3500,0.04500,0.03000,vision
vision_only_mpc,combined_shift,4,2,0,0.13666,0.38495,8.52586,0,1,0,0.06643,-0.00000,0.03131,0.18858,1.3500,0.04500,0.03000,vision
vision_only_mpc,combined_shift,4,3,1,0.04882,0.48760,9.53995,0,1,0,0.05538,-0.00000,0.17104,0.24471,1.3500,0.04500,0.03000,vision
vision_only_mpc,combined_shift,4,4,0,0.09669,0.43194,5.75693,0,1,0,0.03368,-0.00000,0.08895,0.18188,1.3500,0.04500,0.03000,vision
vision_only_mpc,combined_shift,4,5,0,0.13761,0.34040,4.80127,0,1,0,0.07128,-0.00000,0.02332,0.15293,1.3500,0.04500,0.03000,vision
vision_only_mpc,combined_shift,4,6,1,0.02084,0.47612,11.54212,0,1,0,0.03324,-0.00000,0.17660,0.24657,1.3500,0.04500,0.03000,vision
vision_only_mpc,combined_shift,4,7,0,0.10561,0.56417,8.36766,0,1,0,0.09938,-0.00000,0.18146,0.30452,1.3500,0.04500,0.03000,vision
vision_only_mpc,combined_shift,4,8,1,0.06433,0.44444,8.72812,0,1,0,0.00416,-0.00000,0.12422,0.19642,1.3500,0.04500,0.03000,vision
vision_only_mpc,combined_shift,4,9,0,0.09141,0.46102,8.82406,0,1,0,0.07646,-0.00000,0.10647,0.20258,1.3500,0.04500,0.03000,vision
vision_only_mpc,combined_shift,4,10,0,0.11213,0.48255,10.25258,0,1,0,0.04199,-0.00000,0.10871,0.21618,1.3500,0.04500,0.03000,vision
vision_only_mpc,combined_shift,4,11,0,0.08222,0.50071,7.79405,0,1,0,0.04503,-0.00000,0.12630,0.21068,1.3500,0.04500,0.03000,vision
tactile_only_mpc,nominal,0,0,1,0.00575,0.45142,8.61620,0,1,0,0.00957,-0.00000,0.20720,0.29885,0.5500,0.00000,0.00600,tactile
tactile_only_mpc,nominal,0,1,1,0.00476,0.36009,7.18073,0,1,0,0.02291,-0.00000,0.14827,0.20451,0.5500,0.00000,0.00600,tactile
tactile_only_mpc,nominal,0,2,1,0.02352,0.44023,4.96759,0,1,0,0.00831,-0.00000,0.21380,0.28524,0.5500,0.00000,0.00600,tactile
tactile_only_mpc,nominal,0,3,1,0.00068,0.43722,4.92015,0,1,0,0.00934,-0.00000,0.18510,0.27509,0.5500,0.00000,0.00600,tactile
tactile_only_mpc,nominal,0,4,1,0.00538,0.44144,6.93629,0,1,0,0.00312,-0.00000,0.19705,0.27451,0.5500,0.00000,0.00600,tactile
tactile_only_mpc,nominal,0,5,1,0.01129,0.40098,6.55989,0,1,0,0.00693,-0.00000,0.14771,0.23458,0.5500,0.00000,0.00600,tactile
tactile_only_mpc,nominal,0,6,1,0.01438,0.39208,6.52439,0,1,0,0.00702,-0.00000,0.14001,0.20858,0.5500,0.00000,0.00600,tactile
tactile_only_mpc,nominal,0,7,1,0.00896,0.42591,6.96932,0,1,0,0.02010,-0.00000,0.20698,0.25758,0.5500,0.00000,0.00600,tactile
tactile_only_mpc,nominal,0,8,1,0.02704,0.44715,7.95156,0,1,0,0.01595,-0.00000,0.20239,0.28019,0.5500,0.00000,0.00600,tactile
tactile_only_mpc,nominal,0,9,1,0.01932,0.35784,4.90046,0,1,0,0.00982,-0.00000,0.11989,0.19210,0.5500,0.00000,0.00600,tactile
tactile_only_mpc,nominal,0,10,1,0.01303,0.43516,8.18506,0,1,0,0.00728,-0.00000,0.16783,0.25106,0.5500,0.00000,0.00600,tactile
tactile_only_mpc,nominal,0,11,1,0.01186,0.36482,6.89223,0,1,0,0.01891,-0.00000,0.13427,0.19560,0.5500,0.00000,0.00600,tactile
tactile_only_mpc,nominal,1,0,1,0.01325,0.47222,7.04445,0,1,0,0.01126,-0.00000,0.23008,0.30413,0.5500,0.00000,0.00600,tactile
tactile_only_mpc,nominal,1,1,1,0.00720,0.36315,8.81683,0,1,0,0.00776,-0.00000,0.13253,0.20379,0.5500,0.00000,0.00600,tactile
tactile_only_mpc,nominal,1,2,1,0.01342,0.38223,6.55671,0,1,0,0.01401,-0.00000,0.15157,0.22529,0.5500,0.00000,0.00600,tactile
tactile_only_mpc,nominal,1,3,1,0.00693,0.40540,7.00096,0,1,0,0.02700,-0.00000,0.19799,0.25116,0.5500,0.00000,0.00600,tactile
tactile_only_mpc,nominal,1,4,1,0.00527,0.38204,6.60508,0,1,0,0.01955,-0.00000,0.15487,0.21393,0.5500,0.00000,0.00600,tactile
tactile_only_mpc,nominal,1,5,1,0.01174,0.43952,10.67164,0,1,0,0.01336,-0.00000,0.18637,0.25150,0.5500,0.00000,0.00600,tactile
tactile_only_mpc,nominal,1,6,1,0.01289,0.45354,5.78993,0,1,0,0.00919,-0.00000,0.21711,0.28613,0.5500,0.00000,0.00600,tactile
tactile_only_mpc,nominal,1,7,1,0.00690,0.39166,6.63465,0,1,0,0.00854,-0.00000,0.15458,0.22440,0.5500,0.00000,0.00600,tactile
tactile_only_mpc,nominal,1,8,1,0.00562,0.38675,4.76146,0,1,0,0.01042,-0.00000,0.16176,0.23582,0.5500,0.00000,0.00600,tactile
tactile_only_mpc,nominal,1,9,1,0.01042,0.34676,4.51976,0,1,0,0.01054,-0.00000,0.12364,0.19286,0.5500,0.00000,0.00600,tactile
tactile_only_mpc,nominal,1,10,1,0.00827,0.45394,7.22549,0,1,0,0.01018,-0.00000,0.22857,0.29359,0.5500,0.00000,0.00600,tactile
tactile_only_mpc,nominal,1,11,1,0.00405,0.39202,6.28250,0,1,0,0.00519,-0.00000,0.15725,0.23565,0.5500,0.00000,0.00600,tactile
tactile_only_mpc,nominal,2,0,1,0.00625,0.40164,7.59905,0,1,0,0.01187,-0.00000,0.18404,0.24781,0.5500,0.00000,0.00600,tactile
tactile_only_mpc,nominal,2,1,1,0.01691,0.44452,6.84065,0,1,0,0.00926,-0.00000,0.19196,0.27286,0.5500,0.00000,0.00600,tactile
tactile_only_mpc,nominal,2,2,1,0.00434,0.39914,11.23612,0,1,0,0.01945,-0.00000,0.15994,0.22015,0.5500,0.00000,0.00600,tactile
tactile_only_mpc,nominal,2,3,1,0.01123,0.46279,7.03464,0,1,0,0.00677,-0.00000,0.20105,0.28488,0.5500,0.00000,0.00600,tactile
tactile_only_mpc,nominal,2,4,1,0.02094,0.43566,8.87491,0,1,0,0.00816,-0.00000,0.19339,0.26391,0.5500,0.00000,0.00600,tactile
tactile_only_mpc,nominal,2,5,1,0.01149,0.37262,4.94861,0,1,0,0.00806,-0.00000,0.11871,0.20824,0.5500,0.00000,0.00600,tactile
tactile_only_mpc,nominal,2,6,1,0.00562,0.44054,6.96503,0,1,0,0.01411,-0.00000,0.21288,0.28113,0.5500,0.00000,0.00600,tactile
tactile_only_mpc,nominal,2,7,1,0.01161,0.41751,7.84213,0,1,0,0.01120,-0.00000,0.17007,0.24042,0.5500,0.00000,0.00600,tactile
tactile_only_mpc,nominal,2,8,1,0.01074,0.35304,6.54658,0,1,0,0.02178,-0.00000,0.13855,0.19668,0.5500,0.00000,0.00600,tactile
tactile_only_mpc,nominal,2,9,1,0.00727,0.40707,6.95975,0,1,0,0.02175,-0.00000,0.15787,0.22530,0.5500,0.00000,0.00600,tactile
tactile_only_mpc,nominal,2,10,1,0.00868,0.36163,6.74605,0,1,0,0.00455,-0.00000,0.11997,0.19869,0.5500,0.00000,0.00600,tactile
tactile_only_mpc,nominal,2,11,1,0.00521,0.36973,6.57043,0,1,0,0.01263,-0.00000,0.12765,0.19797,0.5500,0.00000,0.00600,tactile
tactile_only_mpc,nominal,3,0,1,0.01336,0.34309,6.17311,0,1,0,0.01992,-0.00000,0.12889,0.19479,0.5500,0.00000,0.00600,tactile
tactile_only_mpc,nominal,3,1,1,0.00941,0.40274,7.45396,0,1,0,0.00434,-0.00000,0.16918,0.24807,0.5500,0.00000,0.00600,tactile
tactile_only_mpc,nominal,3,2,1,0.01923,0.44946,6.01885,0,1,0,0.00346,-0.00000,0.20562,0.28434,0.5500,0.00000,0.00600,tactile
tactile_only_mpc,nominal,3,3,1,0.00709,0.35798,3.10410,0,1,0,0.00292,-0.00000,0.13391,0.21316,0.5500,0.00000,0.00600,tactile
tactile_only_mpc,nominal,3,4,1,0.01206,0.44159,4.85182,0,1,0,0.00666,-0.00000,0.20086,0.28550,0.5500,0.00000,0.00600,tactile
tactile_only_mpc,nominal,3,5,1,0.00650,0.36047,6.51765,0,1,0,0.01270,-0.00000,0.12882,0.19873,0.5500,0.00000,0.00600,tactile
tactile_only_mpc,nominal,3,6,1,0.00837,0.32850,5.82692,0,1,0,0.01887,-0.00000,0.11840,0.17960,0.5500,0.00000,0.00600,tactile
tactile_only_mpc,nominal,3,7,1,0.01112,0.45945,8.05562,0,1,0,0.00370,-0.00000,0.21387,0.28801,0.5500,0.00000,0.00600,tactile
tactile_only_mpc,nominal,3,8,1,0.00757,0.38302,7.52670,0,1,0,0.01643,-0.00000,0.15055,0.20889,0.5500,0.00000,0.00600,tactile
tactile_only_mpc,nominal,3,9,1,0.01000,0.37172,8.37026,0,1,0,0.02402,-0.00000,0.13779,0.19931,0.5500,0.00000,0.00600,tactile
tactile_only_mpc,nominal,3,10,1,0.01472,0.38269,7.84380,0,1,0,0.01808,-0.00000,0.15211,0.21161,0.5500,0.00000,0.00600,tactile
tactile_only_mpc,nominal,3,11,1,0.01209,0.36192,6.88709,0,1,0,0.01428,-0.00000,0.11334,0.19740,0.5500,0.00000,0.00600,tactile
tactile_only_mpc,nominal,4,0,1,0.00930,0.38940,6.57885,0,1,0,0.01329,-0.00000,0.16912,0.23517,0.5500,0.00000,0.00600,tactile
tactile_only_mpc,nominal,4,1,1,0.01392,0.40383,8.56180,0,1,0,0.01636,-0.00000,0.17025,0.23538,0.5500,0.00000,0.00600,tactile
tactile_only_mpc,nominal,4,2,1,0.01543,0.39860,5.89088,0,1,0,0.01229,-0.00000,0.17218,0.24571,0.5500,0.00000,0.00600,tactile
tactile_only_mpc,nominal,4,3,1,0.00677,0.42995,4.22037,0,1,0,0.01335,-0.00000,0.20068,0.27667,0.5500,0.00000,0.00600,tactile
tactile_only_mpc,nominal,4,4,1,0.01083,0.40789,6.47428,0,1,0,0.00362,-0.00000,0.15181,0.23295,0.5500,0.00000,0.00600,tactile
tactile_only_mpc,nominal,4,5,1,0.01365,0.41529,8.41917,0,1,0,0.01063,-0.00000,0.16601,0.23751,0.5500,0.00000,0.00600,tactile
tactile_only_mpc,nominal,4,6,1,0.02013,0.35151,4.31712,0,1,0,0.01645,-0.00000,0.12600,0.19229,0.5500,0.00000,0.00600,tactile
tactile_only_mpc,nominal,4,7,1,0.00756,0.40005,4.48269,0,1,0,0.00875,-0.00000,0.16456,0.24692,0.5500,0.00000,0.00600,tactile
tactile_only_mpc,nominal,4,8,1,0.00796,0.42529,6.31306,0,1,0,0.02058,-0.00000,0.21360,0.26738,0.5500,0.00000,0.00600,tactile
tactile_only_mpc,nominal,4,9,1,0.02140,0.39164,6.83212,0,1,0,0.01660,-0.00000,0.14808,0.21947,0.5500,0.00000,0.00600,tactile
tactile_only_mpc,nominal,4,10,1,0.01552,0.41563,4.23707,0,1,0,0.01622,-0.00000,0.18670,0.27143,0.5500,0.00000,0.00600,tactile
tactile_only_mpc,nominal,4,11,1,0.00811,0.39223,6.95882,0,1,0,0.01393,-0.00000,0.15223,0.22111,0.5500,0.00000,0.00600,tactile
tactile_only_mpc,high_friction,0,0,1,0.01333,0.46993,8.16356,0,1,0,0.00979,-0.00000,0.12307,0.19793,1.2500,0.00000,0.00800,tactile
tactile_only_mpc,high_friction,0,1,1,0.01991,0.54836,7.85440,0,1,0,0.00234,-0.00000,0.19449,0.26838,1.2500,0.00000,0.00800,tactile
tactile_only_mpc,high_friction,0,2,1,0.02234,0.45360,8.32700,0,1,0,0.00749,-0.00000,0.13349,0.20352,1.2500,0.00000,0.00800,tactile
tactile_only_mpc,high_friction,0,3,1,0.01632,0.44929,7.30339,0,1,0,0.00916,-0.00000,0.12907,0.19473,1.2500,0.00000,0.00800,tactile
tactile_only_mpc,high_friction,0,4,1,0.01583,0.46570,8.24967,0,1,0,0.00665,-0.00000,0.12326,0.19469,1.2500,0.00000,0.00800,tactile
tactile_only_mpc,high_friction,0,5,1,0.01340,0.48647,9.08104,0,1,0,0.01126,-0.00000,0.15539,0.22239,1.2500,0.00000,0.00800,tactile
tactile_only_mpc,high_friction,0,6,1,0.02163,0.43321,5.32642,0,1,0,0.00575,-0.00000,0.12245,0.19688,1.2500,0.00000,0.00800,tactile
tactile_only_mpc,high_friction,0,7,1,0.01745,0.44831,6.34825,0,1,0,0.01288,-0.00000,0.13142,0.19269,1.2500,0.00000,0.00800,tactile
tactile_only_mpc,high_friction,0,8,1,0.01824,0.52039,8.78612,0,1,0,0.00217,-0.00000,0.18548,0.25862,1.2500,0.00000,0.00800,tactile
tactile_only_mpc,high_friction,0,9,1,0.01843,0.44002,6.26715,0,1,0,0.02026,-0.00000,0.13510,0.18876,1.2500,0.00000,0.00800,tactile
tactile_only_mpc,high_friction,0,10,1,0.02109,0.51650,6.60443,0,1,0,0.01608,-0.00000,0.19725,0.25514,1.2500,0.00000,0.00800,tactile
tactile_only_mpc,high_friction,0,11,1,0.01909,0.48074,7.87992,0,1,0,0.00253,-0.00000,0.13735,0.20956,1.2500,0.00000,0.00800,tactile
tactile_only_mpc,high_friction,1,0,1,0.02346,0.54974,8.58815,0,1,0,0.00790,-0.00000,0.19791,0.26459,1.2500,0.00000,0.00800,tactile
tactile_only_mpc,high_friction,1,1,1,0.01461,0.44418,7.06952,0,1,0,0.00943,-0.00000,0.11779,0.18407,1.2500,0.00000,0.00800,tactile
tactile_only_mpc,high_friction,1,2,1,0.01654,0.47893,10.51111,0,1,0,0.00784,-0.00000,0.13804,0.21280,1.2500,0.00000,0.00800,tactile
tactile_only_mpc,high_friction,1,3,1,0.03152,0.50247,5.37293,0,1,0,0.01455,-0.00000,0.17702,0.25848,1.2500,0.00000,0.00800,tactile
tactile_only_mpc,high_friction,1,4,1,0.02113,0.48368,6.38893,0,1,0,0.02113,-0.00000,0.17785,0.23127,1.2500,0.00000,0.00800,tactile
tactile_only_mpc,high_friction,1,5,1,0.02899,0.49335,7.53240,0,1,0,0.00155,-0.00000,0.15568,0.22901,1.2500,0.00000,0.00800,tactile
tactile_only_mpc,high_friction,1,6,1,0.01494,0.50565,6.78194,0,1,0,0.02060,-0.00000,0.15768,0.24405,1.2500,0.00000,0.00800,tactile
tactile_only_mpc,high_friction,1,7,1,0.02203,0.44873,7.89789,0,1,0,0.01303,-0.00000,0.12510,0.19351,1.2500,0.00000,0.00800,tactile
tactile_only_mpc,high_friction,1,8,1,0.01204,0.52898,11.16353,0,1,0,0.01531,-0.00000,0.17003,0.25583,1.2500,0.00000,0.00800,tactile
tactile_only_mpc,high_friction,1,9,1,0.02041,0.50702,6.45738,0,1,0,0.00946,-0.00000,0.18922,0.25290,1.2500,0.00000,0.00800,tactile
tactile_only_mpc,high_friction,1,10,1,0.02400,0.50355,6.49542,0,1,0,0.02478,-0.00000,0.18008,0.23455,1.2500,0.00000,0.00800,tactile
tactile_only_mpc,high_friction,1,11,1,0.02326,0.40499,6.67122,0,1,0,0.00724,-0.00000,0.10024,0.16667,1.2500,0.00000,0.00800,tactile
tactile_only_mpc,high_friction,2,0,1,0.01971,0.47298,7.82813,0,1,0,0.00982,-0.00000,0.15068,0.22968,1.2500,0.00000,0.00800,tactile
tactile_only_mpc,high_friction,2,1,1,0.01313,0.53114,6.17797,0,1,0,0.01892,-0.00000,0.20925,0.26599,1.2500,0.00000,0.00800,tactile
tactile_only_mpc,high_friction,2,2,1,0.02131,0.53562,6.61680,0,1,0,0.00779,-0.00000,0.20768,0.28261,1.2500,0.00000,0.00800,tactile
tactile_only_mpc,high_friction,2,3,1,0.02741,0.49342,6.10562,0,1,0,0.01037,-0.00000,0.15854,0.23762,1.2500,0.00000,0.00800,tactile
tactile_only_mpc,high_friction,2,4,1,0.01698,0.47922,7.82932,0,1,0,0.01204,-0.00000,0.14604,0.20876,1.2500,0.00000,0.00800,tactile
tactile_only_mpc,high_friction,2,5,1,0.02261,0.52738,7.43153,0,1,0,0.01256,-0.00000,0.18667,0.26609,1.2500,0.00000,0.00800,tactile
tactile_only_mpc,high_friction,2,6,1,0.01855,0.44145,5.19670,0,1,0,0.02456,-0.00000,0.12000,0.17428,1.2500,0.00000,0.00800,tactile
tactile_only_mpc,high_friction,2,7,1,0.01639,0.41482,5.21370,0,1,0,0.01382,-0.00000,0.10911,0.16916,1.2500,0.00000,0.00800,tactile
tactile_only_mpc,high_friction,2,8,1,0.01988,0.41731,5.27491,0,1,0,0.01179,-0.00000,0.10437,0.18252,1.2500,0.00000,0.00800,tactile
tactile_only_mpc,high_friction,2,9,1,0.01483,0.42296,6.64094,0,1,0,0.01095,-0.00000,0.11317,0.18052,1.2500,0.00000,0.00800,tactile
tactile_only_mpc,high_friction,2,10,1,0.01826,0.56329,8.72151,0,1,0,0.01770,-0.00000,0.20878,0.26367,1.2500,0.00000,0.00800,tactile
tactile_only_mpc,high_friction,2,11,1,0.02227,0.53069,9.14635,0,1,0,0.00123,-0.00000,0.17503,0.25064,1.2500,0.00000,0.00800,tactile
tactile_only_mpc,high_friction,3,0,1,0.02689,0.49309,7.55927,0,1,0,0.01454,-0.00000,0.15997,0.22202,1.2500,0.00000,0.00800,tactile
tactile_only_mpc,high_friction,3,1,1,0.01419,0.49627,5.36562,0,1,0,0.01093,-0.00000,0.17093,0.23542,1.2500,0.00000,0.00800,tactile
tactile_only_mpc,high_friction,3,2,1,0.01901,0.54154,9.12949,0,1,0,0.01122,-0.00000,0.18982,0.26508,1.2500,0.00000,0.00800,tactile
tactile_only_mpc,high_friction,3,3,1,0.02172,0.47559,7.40024,0,1,0,0.01828,-0.00000,0.13944,0.19577,1.2500,0.00000,0.00800,tactile
tactile_only_mpc,high_friction,3,4,1,0.01513,0.51111,6.12427,0,1,0,0.00647,-0.00000,0.17045,0.23856,1.2500,0.00000,0.00800,tactile
tactile_only_mpc,high_friction,3,5,1,0.01354,0.44732,8.91159,0,1,0,0.01613,-0.00000,0.11953,0.18788,1.2500,0.00000,0.00800,tactile
tactile_only_mpc,high_friction,3,6,1,0.02571,0.50286,6.87449,0,1,0,0.00820,-0.00000,0.15787,0.23762,1.2500,0.00000,0.00800,tactile
tactile_only_mpc,high_friction,3,7,1,0.01778,0.52315,10.08024,0,1,0,0.00711,-0.00000,0.17045,0.23982,1.2500,0.00000,0.00800,tactile
tactile_only_mpc,high_friction,3,8,1,0.01850,0.47030,7.41861,0,1,0,0.01276,-0.00000,0.12852,0.19740,1.2500,0.00000,0.00800,tactile
tactile_only_mpc,high_friction,3,9,1,0.01625,0.48468,7.34348,0,1,0,0.02525,-0.00000,0.15930,0.20713,1.2500,0.00000,0.00800,tactile
tactile_only_mpc,high_friction,3,10,1,0.01832,0.45886,7.03882,0,1,0,0.01694,-0.00000,0.13168,0.20041,1.2500,0.00000,0.00800,tactile
tactile_only_mpc,high_friction,3,11,1,0.02117,0.49028,8.14072,0,1,0,0.02276,-0.00000,0.13857,0.23403,1.2500,0.00000,0.00800,tactile
tactile_only_mpc,high_friction,4,0,1,0.02158,0.47559,6.56442,0,1,0,0.00821,-0.00000,0.15597,0.22542,1.2500,0.00000,0.00800,tactile
tactile_only_mpc,high_friction,4,1,1,0.01930,0.51830,5.63040,0,1,0,0.01599,-0.00000,0.17836,0.23721,1.2500,0.00000,0.00800,tactile
tactile_only_mpc,high_friction,4,2,1,0.02406,0.52866,6.29137,0,1,0,0.01248,-0.00000,0.19604,0.26410,1.2500,0.00000,0.00800,tactile
tactile_only_mpc,high_friction,4,3,1,0.02059,0.50522,7.65232,0,1,0,0.00279,-0.00000,0.16975,0.24070,1.2500,0.00000,0.00800,tactile
tactile_only_mpc,high_friction,4,4,1,0.02957,0.53172,7.33787,0,1,0,0.00926,-0.00000,0.19389,0.26499,1.2500,0.00000,0.00800,tactile
tactile_only_mpc,high_friction,4,5,1,0.02672,0.47512,7.30759,0,1,0,0.02302,-0.00000,0.14922,0.21056,1.2500,0.00000,0.00800,tactile
tactile_only_mpc,high_friction,4,6,1,0.02860,0.54987,7.42528,0,1,0,0.01762,-0.00000,0.18093,0.26631,1.2500,0.00000,0.00800,tactile
tactile_only_mpc,high_friction,4,7,1,0.01803,0.44202,6.01684,0,1,0,0.01359,-0.00000,0.13565,0.19526,1.2500,0.00000,0.00800,tactile
tactile_only_mpc,high_friction,4,8,1,0.02235,0.49132,5.29320,0,1,0,0.01381,-0.00000,0.17107,0.23574,1.2500,0.00000,0.00800,tactile
tactile_only_mpc,high_friction,4,9,1,0.01449,0.51005,7.25200,0,1,0,0.01771,-0.00000,0.18890,0.24627,1.2500,0.00000,0.00800,tactile
tactile_only_mpc,high_friction,4,10,1,0.02910,0.51841,8.42904,0,1,0,0.01542,-0.00000,0.17722,0.25335,1.2500,0.00000,0.00800,tactile
tactile_only_mpc,high_friction,4,11,1,0.01872,0.49706,6.27206,0,1,0,0.00373,-0.00000,0.16470,0.23750,1.2500,0.00000,0.00800,tactile
tactile_only_mpc,low_friction,0,0,1,0.01110,0.30831,1.90454,0,1,0,0.00655,-0.00000,0.11644,0.19744,0.2200,0.00000,0.00800,tactile
tactile_only_mpc,low_friction,0,1,1,0.00812,0.35726,2.22325,0,1,0,0.00968,-0.00000,0.17120,0.24622,0.2200,0.00000,0.00800,tactile
tactile_only_mpc,low_friction,0,2,1,0.01428,0.37834,2.76864,0,1,0,0.01158,-0.00000,0.18651,0.26228,0.2200,0.00000,0.00800,tactile
tactile_only_mpc,low_friction,0,3,1,0.00662,0.34345,2.27425,0,1,0,0.01390,-0.00000,0.15868,0.23074,0.2200,0.00000,0.00800,tactile
tactile_only_mpc,low_friction,0,4,1,0.01790,0.32397,1.95561,0,1,0,0.00777,-0.00000,0.13266,0.21319,0.2200,0.00000,0.00800,tactile
tactile_only_mpc,low_friction,0,5,1,0.01388,0.39553,3.26669,0,1,0,0.01723,-0.00000,0.22003,0.28497,0.2200,0.00000,0.00800,tactile
tactile_only_mpc,low_friction,0,6,1,0.01530,0.39939,3.67477,0,1,0,0.01436,-0.00000,0.21348,0.28209,0.2200,0.00000,0.00800,tactile
tactile_only_mpc,low_friction,0,7,1,0.00805,0.32418,2.31154,0,1,0,0.01075,-0.00000,0.13755,0.21329,0.2200,0.00000,0.00800,tactile
tactile_only_mpc,low_friction,0,8,1,0.01210,0.39396,2.97134,0,1,0,0.02450,-0.00000,0.21662,0.27992,0.2200,0.00000,0.00800,tactile
tactile_only_mpc,low_friction,0,9,1,0.00806,0.32769,2.30690,0,1,0,0.01698,-0.00000,0.14042,0.21005,0.2200,0.00000,0.00800,tactile
tactile_only_mpc,low_friction,0,10,1,0.01897,0.40927,3.98143,0,1,0,0.00423,-0.00000,0.20379,0.28760,0.2200,0.00000,0.00800,tactile
tactile_only_mpc,low_friction,0,11,1,0.01037,0.42617,4.09126,0,1,0,0.01405,-0.00000,0.23298,0.30567,0.2200,0.00000,0.00800,tactile
tactile_only_mpc,low_friction,1,0,1,0.00857,0.41834,4.06941,0,1,0,0.02175,-0.00000,0.20391,0.30745,0.2200,0.00000,0.00800,tactile
tactile_only_mpc,low_friction,1,1,1,0.00449,0.30844,1.64404,0,1,0,0.02161,-0.00000,0.13387,0.19520,0.2200,0.00000,0.00800,tactile
tactile_only_mpc,low_friction,1,2,1,0.01162,0.39229,3.52564,0,1,0,0.01515,-0.00000,0.20875,0.27648,0.2200,0.00000,0.00800,tactile
tactile_only_mpc,low_friction,1,3,1,0.00817,0.35171,2.45011,0,1,0,0.00666,-0.00000,0.15474,0.23448,0.2200,0.00000,0.00800,tactile
tactile_only_mpc,low_friction,1,4,1,0.00995,0.36717,2.90851,0,1,0,0.00649,-0.00000,0.17944,0.25774,0.2200,0.00000,0.00800,tactile
tactile_only_mpc,low_friction,1,5,1,0.00546,0.37181,2.23129,0,1,0,0.01892,-0.00000,0.19078,0.25931,0.2200,0.00000,0.00800,tactile
tactile_only_mpc,low_friction,1,6,1,0.00822,0.42741,2.49728,0,1,0,0.01875,-0.00000,0.24669,0.31438,0.2200,0.00000,0.00800,tactile
tactile_only_mpc,low_friction,1,7,1,0.02055,0.40045,3.62872,0,1,0,0.01899,-0.00000,0.21430,0.28369,0.2200,0.00000,0.00800,tactile
tactile_only_mpc,low_friction,1,8,1,0.00343,0.30555,1.72529,0,1,0,0.01446,-0.00000,0.12522,0.19689,0.2200,0.00000,0.00800,tactile
tactile_only_mpc,low_friction,1,9,1,0.01509,0.42709,2.62106,0,1,0,0.00245,-0.00000,0.22819,0.31374,0.2200,0.00000,0.00800,tactile
tactile_only_mpc,low_friction,1,10,1,0.01223,0.40302,2.44231,0,1,0,0.00498,-0.00000,0.20930,0.29045,0.2200,0.00000,0.00800,tactile
tactile_only_mpc,low_friction,1,11,1,0.01379,0.40378,2.60467,0,1,0,0.02192,-0.00000,0.22369,0.29236,0.2200,0.00000,0.00800,tactile
tactile_only_mpc,low_friction,2,0,1,0.01297,0.42501,3.21822,0,1,0,0.00716,-0.00000,0.23303,0.31186,0.2200,0.00000,0.00800,tactile
tactile_only_mpc,low_friction,2,1,1,0.00427,0.35662,2.18674,0,1,0,0.02714,-0.00000,0.18566,0.24184,0.2200,0.00000,0.00800,tactile
tactile_only_mpc,low_friction,2,2,1,0.00981,0.36870,2.12085,0,1,0,0.00819,-0.00000,0.17573,0.25585,0.2200,0.00000,0.00800,tactile
tactile_only_mpc,low_friction,2,3,1,0.00401,0.34589,2.33217,0,1,0,0.02081,-0.00000,0.17039,0.23389,0.2200,0.00000,0.00800,tactile
tactile_only_mpc,low_friction,2,4,1,0.01132,0.39285,3.68758,0,1,0,0.01228,-0.00000,0.20587,0.27771,0.2200,0.00000,0.00800,tactile
tactile_only_mpc,low_friction,2,5,1,0.01622,0.39056,2.94808,0,1,0,0.00616,-0.00000,0.18069,0.27558,0.2200,0.00000,0.00800,tactile
tactile_only_mpc,low_friction,2,6,1,0.02278,0.39012,2.28819,0,1,0,0.01672,-0.00000,0.20635,0.27994,0.2200,0.00000,0.00800,tactile
tactile_only_mpc,low_friction,2,7,1,0.01431,0.34278,2.15710,0,1,0,0.00483,-0.00000,0.15151,0.23122,0.2200,0.00000,0.00800,tactile
tactile_only_mpc,low_friction,2,8,1,0.01724,0.37248,2.47146,0,1,0,0.00301,-0.00000,0.17534,0.26008,0.2200,0.00000,0.00800,tactile
tactile_only_mpc,low_friction,2,9,1,0.01767,0.36123,2.48447,0,1,0,0.00491,-0.00000,0.16038,0.24719,0.2200,0.00000,0.00800,tactile
tactile_only_mpc,low_friction,2,10,1,0.00853,0.35263,2.27108,0,1,0,0.01866,-0.00000,0.16930,0.23485,0.2200,0.00000,0.00800,tactile
tactile_only_mpc,low_friction,2,11,1,0.01712,0.42540,2.00118,0,1,0,0.01328,-0.00000,0.21143,0.31432,0.2200,0.00000,0.00800,tactile
tactile_only_mpc,low_friction,3,0,1,0.01612,0.39030,2.09541,0,1,0,0.00337,-0.00000,0.19375,0.27991,0.2200,0.00000,0.00800,tactile
tactile_only_mpc,low_friction,3,1,1,0.03279,0.37881,2.11084,0,1,0,0.01695,-0.00000,0.18989,0.26708,0.2200,0.00000,0.00800,tactile
tactile_only_mpc,low_friction,3,2,1,0.00797,0.37492,2.62406,0,1,0,0.00919,-0.00000,0.18863,0.26339,0.2200,0.00000,0.00800,tactile
tactile_only_mpc,low_friction,3,3,1,0.02411,0.39260,2.33595,0,1,0,0.02871,-0.00000,0.21452,0.27814,0.2200,0.00000,0.00800,tactile
tactile_only_mpc,low_friction,3,4,1,0.01026,0.36617,2.48182,0,1,0,0.01622,-0.00000,0.18389,0.25624,0.2200,0.00000,0.00800,tactile
tactile_only_mpc,low_friction,3,5,1,0.00702,0.38394,2.42259,0,1,0,0.00367,-0.00000,0.18363,0.26970,0.2200,0.00000,0.00800,tactile
tactile_only_mpc,low_friction,3,6,1,0.00679,0.32396,2.49094,0,1,0,0.00992,-0.00000,0.13712,0.21316,0.2200,0.00000,0.00800,tactile
tactile_only_mpc,low_friction,3,7,1,0.02961,0.43152,3.43129,0,1,0,0.00957,-0.00000,0.23136,0.31743,0.2200,0.00000,0.00800,tactile
tactile_only_mpc,low_friction,3,8,1,0.01800,0.36797,2.88488,0,1,0,0.01522,-0.00000,0.18587,0.25632,0.2200,0.00000,0.00800,tactile
tactile_only_mpc,low_friction,3,9,1,0.00987,0.34132,2.38684,0,1,0,0.01818,-0.00000,0.15729,0.22657,0.2200,0.00000,0.00800,tactile
tactile_only_mpc,low_friction,3,10,1,0.02437,0.38617,3.69206,0,1,0,0.00989,-0.00000,0.19664,0.27228,0.2200,0.00000,0.00800,tactile
tactile_only_mpc,low_friction,3,11,1,0.01004,0.38083,2.50251,0,1,0,0.00104,-0.00000,0.17943,0.26653,0.2200,0.00000,0.00800,tactile
tactile_only_mpc,low_friction,4,0,1,0.01068,0.35943,2.50423,0,1,0,0.00422,-0.00000,0.16165,0.24470,0.2200,0.00000,0.00800,tactile
tactile_only_mpc,low_friction,4,1,1,0.00973,0.33311,2.51936,0,1,0,0.00838,-0.00000,0.12979,0.21857,0.2200,0.00000,0.00800,tactile
tactile_only_mpc,low_friction,4,2,1,0.01317,0.37641,2.37645,0,1,0,0.01063,-0.00000,0.17345,0.26528,0.2200,0.00000,0.00800,tactile
tactile_only_mpc,low_friction,4,3,1,0.00706,0.38971,2.76055,0,1,0,0.01730,-0.00000,0.17702,0.27185,0.2200,0.00000,0.00800,tactile
tactile_only_mpc,low_friction,4,4,1,0.00882,0.31353,2.47923,0,1,0,0.00974,-0.00000,0.12075,0.20275,0.2200,0.00000,0.00800,tactile
tactile_only_mpc,low_friction,4,5,1,0.00668,0.35062,2.01069,0,1,0,0.01053,-0.00000,0.15890,0.23880,0.2200,0.00000,0.00800,tactile
tactile_only_mpc,low_friction,4,6,1,0.00769,0.38806,1.69779,0,1,0,0.00987,-0.00000,0.18599,0.27818,0.2200,0.00000,0.00800,tactile
tactile_only_mpc,low_friction,4,7,1,0.00861,0.37128,3.22339,0,1,0,0.01418,-0.00000,0.18310,0.25555,0.2200,0.00000,0.00800,tactile
tactile_only_mpc,low_friction,4,8,1,0.00708,0.34040,2.51928,0,1,0,0.01469,-0.00000,0.15322,0.22408,0.2200,0.00000,0.00800,tactile
tactile_only_mpc,low_friction,4,9,1,0.03027,0.40957,3.86363,0,1,0,0.02505,-0.00000,0.21508,0.28995,0.2200,0.00000,0.00800,tactile
tactile_only_mpc,low_friction,4,10,1,0.01675,0.32330,2.32308,0,1,0,0.01055,-0.00000,0.13143,0.21327,0.2200,0.00000,0.00800,tactile
tactile_only_mpc,low_friction,4,11,1,0.01151,0.32595,2.88045,0,1,0,0.00558,-0.00000,0.12734,0.20739,0.2200,0.00000,0.00800,tactile
tactile_only_mpc,vision_bias,0,0,1,0.07157,0.40178,6.23916,0,1,0,0.01576,-0.00000,0.16492,0.24161,0.6000,0.05200,0.00700,tactile
tactile_only_mpc,vision_bias,0,1,1,0.00778,0.34739,3.56946,0,1,0,0.05232,-0.00000,0.17031,0.20114,0.6000,0.05200,0.00700,tactile
tactile_only_mpc,vision_bias,0,2,0,0.11257,0.36103,4.86519,0,1,0,0.02009,-0.00000,0.08693,0.22209,0.6000,0.05200,0.00700,tactile
tactile_only_mpc,vision_bias,0,3,1,0.03178,0.28973,5.53227,0,1,0,0.01926,-0.00000,0.07917,0.13904,0.6000,0.05200,0.00700,tactile
tactile_only_mpc,vision_bias,0,4,1,0.06614,0.32334,3.05400,0,1,0,0.02605,-0.00000,0.12129,0.18191,0.6000,0.05200,0.00700,tactile
tactile_only_mpc,vision_bias,0,5,1,0.04097,0.32545,5.21599,0,1,0,0.00725,-0.00000,0.09501,0.17108,0.6000,0.05200,0.00700,tactile
tactile_only_mpc,vision_bias,0,6,0,0.14400,0.37769,4.88116,0,1,0,0.01329,-0.00000,0.08114,0.22346,0.6000,0.05200,0.00700,tactile
tactile_only_mpc,vision_bias,0,7,0,0.16310,0.32825,4.02153,0,1,0,0.04332,-0.00000,0.05893,0.19636,0.6000,0.05200,0.00700,tactile
tactile_only_mpc,vision_bias,0,8,0,0.15326,0.45158,4.80631,0,1,0,0.03361,-0.00000,0.13692,0.31420,0.6000,0.05200,0.00700,tactile
tactile_only_mpc,vision_bias,0,9,0,0.19285,0.36686,2.71656,0,1,0,0.00486,-0.00000,0.01784,0.25195,0.6000,0.05200,0.00700,tactile
tactile_only_mpc,vision_bias,0,10,0,0.10180,0.41874,4.87317,0,1,0,0.03708,-0.00000,0.17583,0.26624,0.6000,0.05200,0.00700,tactile
tactile_only_mpc,vision_bias,0,11,0,0.14367,0.42049,3.32549,0,1,0,0.00453,-0.00000,0.07537,0.28502,0.6000,0.05200,0.00700,tactile
tactile_only_mpc,vision_bias,1,0,0,0.09911,0.38600,4.75952,0,1,0,0.00276,-0.00000,0.13832,0.24864,0.6000,0.05200,0.00700,tactile
tactile_only_mpc,vision_bias,1,1,0,0.17331,0.35561,3.48374,0,1,0,0.01917,-0.00000,0.03891,0.22430,0.6000,0.05200,0.00700,tactile
tactile_only_mpc,vision_bias,1,2,1,0.01508,0.29054,3.39247,0,1,0,0.05935,-0.00000,0.11349,0.13543,0.6000,0.05200,0.00700,tactile
tactile_only_mpc,vision_bias,1,3,1,0.01876,0.36823,7.21762,0,1,0,0.04996,-0.00000,0.16143,0.18824,0.6000,0.05200,0.00700,tactile
tactile_only_mpc,vision_bias,1,4,1,0.04425,0.30675,6.08857,0,1,0,0.02726,-0.00000,0.10133,0.15514,0.6000,0.05200,0.00700,tactile
tactile_only_mpc,vision_bias,1,5,1,0.06733,0.45622,7.67532,0,1,0,0.00898,-0.00000,0.18697,0.27357,0.6000,0.05200,0.00700,tactile
tactile_only_mpc,vision_bias,1,6,0,0.16891,0.29710,2.20451,0,1,0,0.02143,-0.00000,0.02049,0.16788,0.6000,0.05200,0.00700,tactile
tactile_only_mpc,vision_bias,1,7,1,0.03637,0.36671,4.26074,0,1,0,0.00676,-0.00000,0.11681,0.21773,0.6000,0.05200,0.00700,tactile
tactile_only_mpc,vision_bias,1,8,1,0.00204,0.49093,8.68837,0,1,0,0.00703,-0.00000,0.17648,0.19013,0.6000,0.05200,0.00700,tactile
tactile_only_mpc,vision_bias,1,9,1,0.01549,0.41597,7.20776,0,1,0,0.01315,-0.00000,0.13188,0.16355,0.6000,0.05200,0.00700,tactile
tactile_only_mpc,vision_bias,1,10,1,0.04209,0.38145,6.73133,0,1,0,0.04525,-0.00000,0.19618,0.22938,0.6000,0.05200,0.00700,tactile
tactile_only_mpc,vision_bias,1,11,0,0.10589,0.42885,7.08020,0,1,0,0.03936,-0.00000,0.16730,0.26934,0.6000,0.05200,0.00700,tactile
tactile_only_mpc,vision_bias,2,0,0,0.14531,0.46513,7.28833,0,1,0,0.01508,-0.00000,0.12808,0.29724,0.6000,0.05200,0.00700,tactile
tactile_only_mpc,vision_bias,2,1,1,0.01903,0.41203,7.60086,0,1,0,0.04582,-0.00000,0.21206,0.23505,0.6000,0.05200,0.00700,tactile
tactile_only_mpc,vision_bias,2,2,1,0.01300,0.36201,6.73170,0,1,0,0.04249,-0.00000,0.17379,0.21318,0.6000,0.05200,0.00700,tactile
tactile_only_mpc,vision_bias,2,3,0,0.09225,0.43309,5.22117,0,1,0,0.00555,-0.00000,0.15513,0.26516,0.6000,0.05200,0.00700,tactile
tactile_only_mpc,vision_bias,2,4,0,0.16261,0.36725,4.60601,0,1,0,0.02691,-0.00000,0.03351,0.23857,0.6000,0.05200,0.00700,tactile
tactile_only_mpc,vision_bias,2,5,0,0.19842,0.22533,1.96212,0,1,0,0.06114,-0.00000,0.00000,0.13661,0.6000,0.05200,0.00700,tactile
tactile_only_mpc,vision_bias,2,6,0,0.12042,0.36554,2.92080,0,1,0,0.02975,-0.00000,0.08925,0.23456,0.6000,0.05200,0.00700,tactile
tactile_only_mpc,vision_bias,2,7,1,0.04231,0.36981,5.17519,0,1,0,0.01662,-0.00000,0.12688,0.19936,0.6000,0.05200,0.00700,tactile
tactile_only_mpc,vision_bias,2,8,0,0.21296,0.38047,3.37305,0,1,0,0.00748,-0.00000,0.02204,0.26099,0.6000,0.05200,0.00700,tactile
tactile_only_mpc,vision_bias,2,9,1,0.05048,0.26133,4.96194,0,1,0,0.03686,-0.00000,0.05887,0.11972,0.6000,0.05200,0.00700,tactile
tactile_only_mpc,vision_bias,2,10,0,0.11234,0.42416,8.90834,0,1,0,0.05422,-0.00000,0.19643,0.27549,0.6000,0.05200,0.00700,tactile
tactile_only_mpc,vision_bias,2,11,0,0.10022,0.37382,3.91833,0,1,0,0.01708,-0.00000,0.10637,0.23273,0.6000,0.05200,0.00700,tactile
tactile_only_mpc,vision_bias,3,0,1,0.00623,0.48651,7.24666,0,1,0,0.00590,-0.00000,0.20602,0.23680,0.6000,0.05200,0.00700,tactile
tactile_only_mpc,vision_bias,3,1,1,0.00997,0.35342,7.80898,0,1,0,0.03796,-0.00000,0.13719,0.17922,0.6000,0.05200,0.00700,tactile
tactile_only_mpc,vision_bias,3,2,0,0.18423,0.42072,3.87141,0,1,0,0.03102,-0.00000,0.07242,0.29694,0.6000,0.05200,0.00700,tactile
tactile_only_mpc,vision_bias,3,3,0,0.12909,0.39969,6.60945,0,1,0,0.01100,-0.00000,0.10573,0.24869,0.6000,0.05200,0.00700,tactile
tactile_only_mpc,vision_bias,3,4,0,0.07906,0.43759,9.78937,0,1,0,0.02747,-0.00000,0.22322,0.28655,0.6000,0.05200,0.00700,tactile
tactile_only_mpc,vision_bias,3,5,1,0.04087,0.33630,6.02219,0,1,0,0.01256,-0.00000,0.10030,0.18749,0.6000,0.05200,0.00700,tactile
tactile_only_mpc,vision_bias,3,6,1,0.00642,0.52907,9.35200,0,1,0,0.01560,-0.00000,0.25856,0.24686,0.6000,0.05200,0.00700,tactile
tactile_only_mpc,vision_bias,3,7,1,0.02437,0.38849,6.01136,0,1,0,0.03836,-0.00000,0.19336,0.23680,0.6000,0.05200,0.00700,tactile
tactile_only_mpc,vision_bias,3,8,0,0.14548,0.39707,4.08929,0,1,0,0.01609,-0.00000,0.09381,0.25936,0.6000,0.05200,0.00700,tactile
tactile_only_mpc,vision_bias,3,9,0,0.10598,0.38490,7.08488,0,1,0,0.01885,-0.00000,0.13052,0.22889,0.6000,0.05200,0.00700,tactile
tactile_only_mpc,vision_bias,3,10,0,0.15885,0.43172,6.39574,0,1,0,0.02176,-0.00000,0.11313,0.27934,0.6000,0.05200,0.00700,tactile
tactile_only_mpc,vision_bias,3,11,1,0.00888,0.47155,9.39112,0,1,0,0.00425,-0.00000,0.17957,0.20010,0.6000,0.05200,0.00700,tactile
tactile_only_mpc,vision_bias,4,0,0,0.08634,0.36469,6.94414,0,1,0,0.03845,-0.00000,0.15956,0.21599,0.6000,0.05200,0.00700,tactile
tactile_only_mpc,vision_bias,4,1,1,0.03233,0.37595,4.43799,0,1,0,0.06805,-0.00000,0.20087,0.21502,0.6000,0.05200,0.00700,tactile
tactile_only_mpc,vision_bias,4,2,1,0.03315,0.42727,7.43394,0,1,0,0.04189,-0.00000,0.23331,0.27218,0.6000,0.05200,0.00700,tactile
tactile_only_mpc,vision_bias,4,3,1,0.06483,0.40815,6.60762,0,1,0,0.03617,-0.00000,0.19935,0.25210,0.6000,0.05200,0.00700,tactile
tactile_only_mpc,vision_bias,4,4,0,0.19590,0.46351,3.55877,0,1,0,0.01191,-0.00000,0.07059,0.34004,0.6000,0.05200,0.00700,tactile
tactile_only_mpc,vision_bias,4,5,1,0.01975,0.42399,9.80578,0,1,0,0.04365,-0.00000,0.21438,0.24532,0.6000,0.05200,0.00700,tactile
tactile_only_mpc,vision_bias,4,6,1,0.06658,0.28445,4.24621,0,1,0,0.02347,-0.00000,0.07279,0.13337,0.6000,0.05200,0.00700,tactile
tactile_only_mpc,vision_bias,4,7,1,0.00574,0.39629,6.86867,0,1,0,0.05463,-0.00000,0.20710,0.23553,0.6000,0.05200,0.00700,tactile
tactile_only_mpc,vision_bias,4,8,0,0.11623,0.35640,4.88295,0,1,0,0.05008,-0.00000,0.11730,0.19907,0.6000,0.05200,0.00700,tactile
tactile_only_mpc,vision_bias,4,9,0,0.11856,0.35984,3.87858,0,1,0,0.00091,-0.00000,0.05989,0.21586,0.6000,0.05200,0.00700,tactile
tactile_only_mpc,vision_bias,4,10,1,0.04711,0.36328,7.99569,0,1,0,0.03395,-0.00000,0.13744,0.18591,0.6000,0.05200,0.00700,tactile
tactile_only_mpc,vision_bias,4,11,1,0.01637,0.30334,5.70918,0,1,0,0.02511,-0.00000,0.08693,0.15436,0.6000,0.05200,0.00700,tactile
tactile_only_mpc,tactile_noise,0,0,1,0.03453,0.37626,8.30403,0,1,0,0.05663,-0.00000,0.18514,0.20487,0.6200,0.00000,0.04000,tactile
tactile_only_mpc,tactile_noise,0,1,1,0.01979,0.44094,8.25556,0,1,0,0.06414,-0.00000,0.14019,0.27289,0.6200,0.00000,0.04000,tactile
tactile_only_mpc,tactile_noise,0,2,1,0.07489,0.36504,3.91352,0,1,0,0.06588,-0.00000,0.12685,0.21587,0.6200,0.00000,0.04000,tactile
tactile_only_mpc,tactile_noise,0,3,1,0.03520,0.40176,7.58725,0,1,0,0.02150,-0.00000,0.15177,0.23520,0.6200,0.00000,0.04000,tactile
tactile_only_mpc,tactile_noise,0,4,1,0.05391,0.38675,6.50391,0,1,0,0.05376,-0.00000,0.12153,0.21484,0.6200,0.00000,0.04000,tactile
tactile_only_mpc,tactile_noise,0,5,0,0.17505,0.46449,4.13608,0,1,0,0.09910,-0.00000,0.07156,0.32398,0.6200,0.00000,0.04000,tactile
tactile_only_mpc,tactile_noise,0,6,1,0.00878,0.44141,8.35062,0,1,0,0.04361,-0.00000,0.21515,0.25448,0.6200,0.00000,0.04000,tactile
tactile_only_mpc,tactile_noise,0,7,1,0.03943,0.42745,3.97394,0,1,0,0.02949,-0.00000,0.18679,0.28053,0.6200,0.00000,0.04000,tactile
tactile_only_mpc,tactile_noise,0,8,1,0.00430,0.34919,4.69260,0,1,0,0.05307,-0.00000,0.14364,0.16816,0.6200,0.00000,0.04000,tactile
tactile_only_mpc,tactile_noise,0,9,1,0.00407,0.47287,9.37462,0,1,0,0.00716,-0.00000,0.20309,0.28421,0.6200,0.00000,0.04000,tactile
tactile_only_mpc,tactile_noise,0,10,0,0.09397,0.44226,7.93018,0,1,0,0.05254,-0.00000,0.15794,0.27790,0.6200,0.00000,0.04000,tactile
tactile_only_mpc,tactile_noise,0,11,1,0.01529,0.40524,4.07424,0,1,0,0.03217,-0.00000,0.19258,0.25166,0.6200,0.00000,0.04000,tactile
tactile_only_mpc,tactile_noise,1,0,1,0.03229,0.39050,4.81705,0,1,0,0.07073,-0.00000,0.09811,0.23043,0.6200,0.00000,0.04000,tactile
tactile_only_mpc,tactile_noise,1,1,0,0.14541,0.43426,6.90175,0,1,0,0.06519,-0.00000,0.11493,0.27826,0.6200,0.00000,0.04000,tactile
tactile_only_mpc,tactile_noise,1,2,1,0.01235,0.41199,9.39102,0,1,0,0.01975,-0.00000,0.13493,0.19117,0.6200,0.00000,0.04000,tactile
tactile_only_mpc,tactile_noise,1,3,1,0.01505,0.47493,5.18548,0,1,0,0.00761,-0.00000,0.21317,0.30168,0.6200,0.00000,0.04000,tactile
tactile_only_mpc,tactile_noise,1,4,1,0.00822,0.47610,15.23678,0,1,0,0.00444,-0.00000,0.21474,0.29196,0.6200,0.00000,0.04000,tactile
tactile_only_mpc,tactile_noise,1,5,1,0.03138,0.51166,45.75893,0,1,0,0.12097,-0.00000,0.15218,0.11586,0.6200,0.00000,0.04000,tactile
tactile_only_mpc,tactile_noise,1,6,1,0.00986,0.42568,10.03592,0,1,0,0.03328,-0.00000,0.18547,0.22052,0.6200,0.00000,0.04000,tactile
tactile_only_mpc,tactile_noise,1,7,1,0.03222,0.36625,5.34456,0,1,0,0.04927,-0.00000,0.14372,0.18803,0.6200,0.00000,0.04000,tactile
tactile_only_mpc,tactile_noise,1,8,1,0.00825,0.35962,4.38787,0,1,0,0.11204,-0.00000,0.22653,0.19375,0.6200,0.00000,0.04000,tactile
tactile_only_mpc,tactile_noise,1,9,0,0.14374,0.47137,5.22566,0,1,0,0.10046,-0.00000,0.08553,0.32546,0.6200,0.00000,0.04000,tactile
tactile_only_mpc,tactile_noise,1,10,1,0.00220,0.45187,7.08613,0,1,0,0.03449,-0.00000,0.19763,0.25560,0.6200,0.00000,0.04000,tactile
tactile_only_mpc,tactile_noise,1,11,1,0.03647,0.32898,4.83068,0,1,0,0.06417,-0.00000,0.11752,0.15436,0.6200,0.00000,0.04000,tactile
tactile_only_mpc,tactile_noise,2,0,0,0.11049,0.44622,8.05761,0,1,0,0.05535,-0.00000,0.15564,0.28227,0.6200,0.00000,0.04000,tactile
tactile_only_mpc,tactile_noise,2,1,1,0.00768,0.48744,4.36820,0,1,0,0.06606,-0.00000,0.19274,0.33748,0.6200,0.00000,0.04000,tactile
tactile_only_mpc,tactile_noise,2,2,1,0.01300,0.30932,4.58550,0,1,0,0.08740,-0.00000,0.12106,0.11736,0.6200,0.00000,0.04000,tactile
tactile_only_mpc,tactile_noise,2,3,1,0.01923,0.44694,8.10538,0,1,0,0.02170,-0.00000,0.19225,0.25529,0.6200,0.00000,0.04000,tactile
tactile_only_mpc,tactile_noise,2,4,1,0.03354,0.34922,5.76905,0,1,0,0.05214,-0.00000,0.12736,0.17714,0.6200,0.00000,0.04000,tactile
tactile_only_mpc,tactile_noise,2,5,1,0.00695,0.46001,10.09082,0,1,0,0.00565,-0.00000,0.19651,0.27150,0.6200,0.00000,0.04000,tactile
tactile_only_mpc,tactile_noise,2,6,1,0.06749,0.47560,5.98346,0,1,0,0.05409,-0.00000,0.21386,0.30052,0.6200,0.00000,0.04000,tactile
tactile_only_mpc,tactile_noise,2,7,1,0.03384,0.35808,5.70713,0,1,0,0.07178,-0.00000,0.12073,0.18311,0.6200,0.00000,0.04000,tactile
tactile_only_mpc,tactile_noise,2,8,1,0.01246,0.44770,8.30707,0,1,0,0.03244,-0.00000,0.19501,0.23756,0.6200,0.00000,0.04000,tactile
tactile_only_mpc,tactile_noise,2,9,0,0.09483,0.32732,5.24297,0,1,0,0.10556,-0.00000,0.05976,0.16709,0.6200,0.00000,0.04000,tactile
tactile_only_mpc,tactile_noise,2,10,1,0.05407,0.35826,6.17062,0,1,0,0.06805,-0.00000,0.11077,0.20330,0.6200,0.00000,0.04000,tactile
tactile_only_mpc,tactile_noise,2,11,1,0.02214,0.45685,4.16527,0,1,0,0.05276,-0.00000,0.16195,0.29968,0.6200,0.00000,0.04000,tactile
tactile_only_mpc,tactile_noise,3,0,1,0.02049,0.41316,8.66635,0,1,0,0.04110,-0.00000,0.10989,0.23432,0.6200,0.00000,0.04000,tactile
tactile_only_mpc,tactile_noise,3,1,0,0.09621,0.41833,6.90521,0,1,0,0.07434,-0.00000,0.16544,0.24877,0.6200,0.00000,0.04000,tactile
tactile_only_mpc,tactile_noise,3,2,1,0.02155,0.41200,6.65960,0,1,0,0.06296,-0.00000,0.10937,0.24725,0.6200,0.00000,0.04000,tactile
tactile_only_mpc,tactile_noise,3,3,1,0.03068,0.42195,9.20322,0,1,0,0.03143,-0.00000,0.17433,0.23505,0.6200,0.00000,0.04000,tactile
tactile_only_mpc,tactile_noise,3,4,0,0.10543,0.42503,7.23869,0,1,0,0.10415,-0.00000,0.10286,0.25723,0.6200,0.00000,0.04000,tactile
tactile_only_mpc,tactile_noise,3,5,1,0.04047,0.38637,7.99793,0,1,0,0.04862,-0.00000,0.15211,0.19332,0.6200,0.00000,0.04000,tactile
tactile_only_mpc,tactile_noise,3,6,1,0.07422,0.33632,4.43763,0,1,0,0.09086,-0.00000,0.13495,0.16518,0.6200,0.00000,0.04000,tactile
tactile_only_mpc,tactile_noise,3,7,1,0.02067,0.35577,9.05133,0,1,0,0.04089,-0.00000,0.12695,0.16933,0.6200,0.00000,0.04000,tactile
tactile_only_mpc,tactile_noise,3,8,1,0.02979,0.36237,9.87131,0,1,0,0.02823,-0.00000,0.11643,0.18020,0.6200,0.00000,0.04000,tactile
tactile_only_mpc,tactile_noise,3,9,0,0.09615,0.43437,10.83980,0,1,0,0.06056,-0.00000,0.14052,0.26204,0.6200,0.00000,0.04000,tactile
tactile_only_mpc,tactile_noise,3,10,1,0.01920,0.40852,6.91552,0,1,0,0.05816,-0.00000,0.18554,0.21312,0.6200,0.00000,0.04000,tactile
tactile_only_mpc,tactile_noise,3,11,1,0.01266,0.42293,7.56440,0,1,0,0.03550,-0.00000,0.20499,0.24976,0.6200,0.00000,0.04000,tactile
tactile_only_mpc,tactile_noise,4,0,1,0.00758,0.36884,5.24136,0,1,0,0.07995,-0.00000,0.17648,0.17055,0.6200,0.00000,0.04000,tactile
tactile_only_mpc,tactile_noise,4,1,1,0.02895,0.50250,6.00120,0,1,0,0.08020,-0.00000,0.18698,0.33929,0.6200,0.00000,0.04000,tactile
tactile_only_mpc,tactile_noise,4,2,1,0.06233,0.41723,8.80929,0,1,0,0.05093,-0.00000,0.17912,0.23575,0.6200,0.00000,0.04000,tactile
tactile_only_mpc,tactile_noise,4,3,1,0.00588,0.40667,4.78430,0,1,0,0.01819,-0.00000,0.14569,0.23583,0.6200,0.00000,0.04000,tactile
tactile_only_mpc,tactile_noise,4,4,1,0.01209,0.44304,7.42204,0,1,0,0.01745,-0.00000,0.18827,0.27641,0.6200,0.00000,0.04000,tactile
tactile_only_mpc,tactile_noise,4,5,1,0.03636,0.40808,5.86197,0,1,0,0.03789,-0.00000,0.18808,0.24134,0.6200,0.00000,0.04000,tactile
tactile_only_mpc,tactile_noise,4,6,1,0.03495,0.44061,10.39816,0,1,0,0.03178,-0.00000,0.17118,0.26013,0.6200,0.00000,0.04000,tactile
tactile_only_mpc,tactile_noise,4,7,1,0.07361,0.37413,6.04353,0,1,0,0.06644,-0.00000,0.13984,0.20074,0.6200,0.00000,0.04000,tactile
tactile_only_mpc,tactile_noise,4,8,0,0.13929,0.45441,6.20538,0,1,0,0.07126,-0.00000,0.12889,0.28581,0.6200,0.00000,0.04000,tactile
tactile_only_mpc,tactile_noise,4,9,1,0.01483,0.40766,7.12419,0,1,0,0.03142,-0.00000,0.14856,0.23513,0.6200,0.00000,0.04000,tactile
tactile_only_mpc,tactile_noise,4,10,1,0.01487,0.36189,5.44035,0,1,0,0.00654,-0.00000,0.11484,0.18933,0.6200,0.00000,0.04000,tactile
tactile_only_mpc,tactile_noise,4,11,1,0.00464,0.32138,4.49767,0,1,0,0.08935,-0.00000,0.14191,0.13109,0.6200,0.00000,0.04000,tactile
tactile_only_mpc,sticky_contact,0,0,1,0.03257,0.70140,9.95919,0,1,0,0.00214,-0.00000,0.17050,0.24022,1.5500,0.01000,0.01000,tactile
tactile_only_mpc,sticky_contact,0,1,1,0.03203,0.72806,10.30154,0,1,0,0.00716,-0.00000,0.18790,0.25637,1.5500,0.01000,0.01000,tactile
tactile_only_mpc,sticky_contact,0,2,1,0.03920,0.69647,12.35534,0,1,0,0.00434,-0.00000,0.19173,0.25756,1.5500,0.01000,0.01000,tactile
tactile_only_mpc,sticky_contact,0,3,1,0.03535,0.71326,10.67984,0,1,0,0.00743,-0.00000,0.17385,0.23432,1.5500,0.01000,0.01000,tactile
tactile_only_mpc,sticky_contact,0,4,1,0.03055,0.63591,9.98077,0,1,0,0.01229,-0.00000,0.11022,0.16721,1.5500,0.01000,0.01000,tactile
tactile_only_mpc,sticky_contact,0,5,1,0.03832,0.76913,11.69199,0,1,0,0.00711,-0.00000,0.20331,0.27632,1.5500,0.01000,0.01000,tactile
tactile_only_mpc,sticky_contact,0,6,1,0.04067,0.65027,9.91312,0,1,0,0.01237,-0.00000,0.13577,0.18920,1.5500,0.01000,0.01000,tactile
tactile_only_mpc,sticky_contact,0,7,1,0.03119,0.67228,10.58148,0,1,0,0.01060,-0.00000,0.11197,0.17768,1.5500,0.01000,0.01000,tactile
tactile_only_mpc,sticky_contact,0,8,1,0.03668,0.73435,12.64283,0,1,0,0.00530,-0.00000,0.18693,0.24762,1.5500,0.01000,0.01000,tactile
tactile_only_mpc,sticky_contact,0,9,1,0.04953,0.61457,10.06623,0,1,0,0.03682,-0.00000,0.12889,0.19321,1.5500,0.01000,0.01000,tactile
tactile_only_mpc,sticky_contact,0,10,1,0.05100,0.70782,9.07754,0,1,0,0.01974,-0.00000,0.15735,0.24480,1.5500,0.01000,0.01000,tactile
tactile_only_mpc,sticky_contact,0,11,1,0.03335,0.69980,10.16511,0,1,0,0.02048,-0.00000,0.12057,0.20639,1.5500,0.01000,0.01000,tactile
tactile_only_mpc,sticky_contact,1,0,1,0.03406,0.70785,10.20437,0,1,0,0.01443,-0.00000,0.16493,0.22255,1.5500,0.01000,0.01000,tactile
tactile_only_mpc,sticky_contact,1,1,1,0.03474,0.74401,10.86005,0,1,0,0.03391,-0.00000,0.20428,0.23628,1.5500,0.01000,0.01000,tactile
tactile_only_mpc,sticky_contact,1,2,1,0.03771,0.70915,10.45116,0,1,0,0.01481,-0.00000,0.19158,0.24325,1.5500,0.01000,0.01000,tactile
tactile_only_mpc,sticky_contact,1,3,1,0.03673,0.69846,11.00555,0,1,0,0.01898,-0.00000,0.12545,0.21074,1.5500,0.01000,0.01000,tactile
tactile_only_mpc,sticky_contact,1,4,1,0.03923,0.73643,13.73222,0,1,0,0.00959,-0.00000,0.19433,0.26978,1.5500,0.01000,0.01000,tactile
tactile_only_mpc,sticky_contact,1,5,1,0.03556,0.58296,8.92233,0,1,0,0.02097,-0.00000,0.11499,0.16955,1.5500,0.01000,0.01000,tactile
tactile_only_mpc,sticky_contact,1,6,1,0.03982,0.71462,9.90812,0,1,0,0.01202,-0.00000,0.19249,0.25441,1.5500,0.01000,0.01000,tactile
tactile_only_mpc,sticky_contact,1,7,1,0.04051,0.61701,9.74354,0,1,0,0.02130,-0.00000,0.09480,0.16705,1.5500,0.01000,0.01000,tactile
tactile_only_mpc,sticky_contact,1,8,1,0.05330,0.66750,9.40270,0,1,0,0.02580,-0.00000,0.11315,0.19560,1.5500,0.01000,0.01000,tactile
tactile_only_mpc,sticky_contact,1,9,1,0.03299,0.66911,10.51794,0,1,0,0.01513,-0.00000,0.12168,0.20351,1.5500,0.01000,0.01000,tactile
tactile_only_mpc,sticky_contact,1,10,1,0.03140,0.65110,10.09297,0,1,0,0.01112,-0.00000,0.12399,0.20178,1.5500,0.01000,0.01000,tactile
tactile_only_mpc,sticky_contact,1,11,1,0.03349,0.74209,10.86869,0,1,0,0.00395,-0.00000,0.14911,0.21129,1.5500,0.01000,0.01000,tactile
tactile_only_mpc,sticky_contact,2,0,1,0.03836,0.73893,11.22605,0,1,0,0.01359,-0.00000,0.20308,0.25622,1.5500,0.01000,0.01000,tactile
tactile_only_mpc,sticky_contact,2,1,1,0.03534,0.70043,10.25064,0,1,0,0.02626,-0.00000,0.20435,0.25230,1.5500,0.01000,0.01000,tactile
tactile_only_mpc,sticky_contact,2,2,1,0.02936,0.71938,10.57332,0,1,0,0.02203,-0.00000,0.17565,0.25225,1.5500,0.01000,0.01000,tactile
tactile_only_mpc,sticky_contact,2,3,1,0.03008,0.66495,9.79635,0,1,0,0.01304,-0.00000,0.11880,0.17079,1.5500,0.01000,0.01000,tactile
tactile_only_mpc,sticky_contact,2,4,1,0.03549,0.67933,11.31298,0,1,0,0.00536,-0.00000,0.16532,0.23218,1.5500,0.01000,0.01000,tactile
tactile_only_mpc,sticky_contact,2,5,1,0.03202,0.62598,10.65629,0,1,0,0.01456,-0.00000,0.11590,0.17237,1.5500,0.01000,0.01000,tactile
tactile_only_mpc,sticky_contact,2,6,1,0.03139,0.63043,8.41062,0,1,0,0.01842,-0.00000,0.13573,0.19898,1.5500,0.01000,0.01000,tactile
tactile_only_mpc,sticky_contact,2,7,1,0.03251,0.69939,10.59391,0,1,0,0.00798,-0.00000,0.14546,0.21290,1.5500,0.01000,0.01000,tactile
tactile_only_mpc,sticky_contact,2,8,1,0.03651,0.74991,10.76176,0,1,0,0.03577,-0.00000,0.18986,0.22077,1.5500,0.01000,0.01000,tactile
tactile_only_mpc,sticky_contact,2,9,1,0.04608,0.64427,10.87984,0,1,0,0.02699,-0.00000,0.12510,0.17546,1.5500,0.01000,0.01000,tactile
tactile_only_mpc,sticky_contact,2,10,1,0.03910,0.60135,10.00642,0,1,0,0.01860,-0.00000,0.11135,0.19562,1.5500,0.01000,0.01000,tactile
tactile_only_mpc,sticky_contact,2,11,1,0.03541,0.71382,10.83936,0,1,0,0.01574,-0.00000,0.18498,0.25691,1.5500,0.01000,0.01000,tactile
tactile_only_mpc,sticky_contact,3,0,1,0.02631,0.59311,9.27660,0,1,0,0.00717,-0.00000,0.10246,0.17075,1.5500,0.01000,0.01000,tactile
tactile_only_mpc,sticky_contact,3,1,1,0.04162,0.69167,11.52600,0,1,0,0.01388,-0.00000,0.14632,0.22685,1.5500,0.01000,0.01000,tactile
tactile_only_mpc,sticky_contact,3,2,1,0.03291,0.62318,9.41816,0,1,0,0.00692,-0.00000,0.11025,0.18785,1.5500,0.01000,0.01000,tactile
tactile_only_mpc,sticky_contact,3,3,1,0.02963,0.59060,10.05355,0,1,0,0.00681,-0.00000,0.10161,0.17643,1.5500,0.01000,0.01000,tactile
tactile_only_mpc,sticky_contact,3,4,1,0.03080,0.59672,8.75102,0,1,0,0.01242,-0.00000,0.12230,0.18008,1.5500,0.01000,0.01000,tactile
tactile_only_mpc,sticky_contact,3,5,1,0.03724,0.68698,11.09405,0,1,0,0.00887,-0.00000,0.17543,0.23526,1.5500,0.01000,0.01000,tactile
tactile_only_mpc,sticky_contact,3,6,1,0.04375,0.58483,8.55367,0,1,0,0.00863,-0.00000,0.10355,0.18069,1.5500,0.01000,0.01000,tactile
tactile_only_mpc,sticky_contact,3,7,1,0.03526,0.73003,11.04246,0,1,0,0.04370,-0.00000,0.21096,0.23330,1.5500,0.01000,0.01000,tactile
tactile_only_mpc,sticky_contact,3,8,1,0.02768,0.66743,9.87882,0,1,0,0.00865,-0.00000,0.14748,0.21094,1.5500,0.01000,0.01000,tactile
tactile_only_mpc,sticky_contact,3,9,1,0.03995,0.72039,11.49528,0,1,0,0.02453,-0.00000,0.21132,0.25188,1.5500,0.01000,0.01000,tactile
tactile_only_mpc,sticky_contact,3,10,1,0.03260,0.62252,8.28767,0,1,0,0.02553,-0.00000,0.10330,0.18897,1.5500,0.01000,0.01000,tactile
tactile_only_mpc,sticky_contact,3,11,1,0.03064,0.63709,9.96265,0,1,0,0.01852,-0.00000,0.11853,0.17398,1.5500,0.01000,0.01000,tactile
tactile_only_mpc,sticky_contact,4,0,1,0.03398,0.71003,10.66535,0,1,0,0.00630,-0.00000,0.14146,0.21603,1.5500,0.01000,0.01000,tactile
tactile_only_mpc,sticky_contact,4,1,1,0.02740,0.66712,10.16901,0,1,0,0.01877,-0.00000,0.10133,0.15220,1.5500,0.01000,0.01000,tactile
tactile_only_mpc,sticky_contact,4,2,1,0.03435,0.72270,11.29207,0,1,0,0.00374,-0.00000,0.18329,0.25250,1.5500,0.01000,0.01000,tactile
tactile_only_mpc,sticky_contact,4,3,1,0.02687,0.61845,8.37211,0,1,0,0.01986,-0.00000,0.11987,0.16826,1.5500,0.01000,0.01000,tactile
tactile_only_mpc,sticky_contact,4,4,1,0.02818,0.67221,8.93614,0,1,0,0.01963,-0.00000,0.17820,0.23298,1.5500,0.01000,0.01000,tactile
tactile_only_mpc,sticky_contact,4,5,1,0.03051,0.65487,9.38808,0,1,0,0.01077,-0.00000,0.15912,0.24024,1.5500,0.01000,0.01000,tactile
tactile_only_mpc,sticky_contact,4,6,1,0.03613,0.74428,12.47538,0,1,0,0.00871,-0.00000,0.17879,0.23808,1.5500,0.01000,0.01000,tactile
tactile_only_mpc,sticky_contact,4,7,1,0.03802,0.70840,11.27158,0,1,0,0.01027,-0.00000,0.19020,0.27075,1.5500,0.01000,0.01000,tactile
tactile_only_mpc,sticky_contact,4,8,1,0.03312,0.71139,10.54375,0,1,0,0.01024,-0.00000,0.16674,0.23958,1.5500,0.01000,0.01000,tactile
tactile_only_mpc,sticky_contact,4,9,1,0.04059,0.65798,10.11889,0,1,0,0.01560,-0.00000,0.15892,0.21908,1.5500,0.01000,0.01000,tactile
tactile_only_mpc,sticky_contact,4,10,1,0.03757,0.78245,11.20774,0,1,0,0.00783,-0.00000,0.19603,0.25497,1.5500,0.01000,0.01000,tactile
tactile_only_mpc,sticky_contact,4,11,1,0.01877,0.56848,8.94620,0,1,0,0.00277,-0.00000,0.10374,0.17313,1.5500,0.01000,0.01000,tactile
tactile_only_mpc,combined_shift,0,0,1,0.06449,0.55351,9.94616,0,0,0,0.05454,-0.00000,0.23701,0.31420,1.3500,0.04500,0.03000,tactile
tactile_only_mpc,combined_shift,0,1,0,0.08248,0.44919,6.52171,0,1,0,0.03650,-0.00000,0.11124,0.16809,1.3500,0.04500,0.03000,tactile
tactile_only_mpc,combined_shift,0,2,0,0.10758,0.49132,8.50853,0,1,0,0.05188,-0.00000,0.13208,0.20620,1.3500,0.04500,0.03000,tactile
tactile_only_mpc,combined_shift,0,3,1,0.05883,0.47761,6.25550,0,1,0,0.05372,-0.00000,0.13308,0.14875,1.3500,0.04500,0.03000,tactile
tactile_only_mpc,combined_shift,0,4,1,0.03315,0.49039,8.79609,0,1,0,0.07042,-0.00000,0.15927,0.20096,1.3500,0.04500,0.03000,tactile
tactile_only_mpc,combined_shift,0,5,1,0.03386,0.58346,9.27525,0,1,0,0.06584,-0.00000,0.24619,0.27616,1.3500,0.04500,0.03000,tactile
tactile_only_mpc,combined_shift,0,6,1,0.02516,0.56873,8.02534,0,1,0,0.05402,-0.00000,0.19930,0.22348,1.3500,0.04500,0.03000,tactile
tactile_only_mpc,combined_shift,0,7,1,0.03387,0.53126,8.09360,0,1,0,0.05435,-0.00000,0.17348,0.19095,1.3500,0.04500,0.03000,tactile
tactile_only_mpc,combined_shift,0,8,0,0.08841,0.47181,9.62692,0,1,0,0.01951,-0.00000,0.08825,0.17631,1.3500,0.04500,0.03000,tactile
tactile_only_mpc,combined_shift,0,9,0,0.25962,0.55657,16.96752,0,1,0,0.03900,-0.00000,0.09904,0.19320,1.3500,0.04500,0.03000,tactile
tactile_only_mpc,combined_shift,0,10,1,0.02579,0.54171,6.25571,0,1,0,0.06585,-0.00000,0.16369,0.24094,1.3500,0.04500,0.03000,tactile
tactile_only_mpc,combined_shift,0,11,0,0.22001,0.39043,4.20556,0,1,0,0.07277,-0.00000,0.00000,0.23574,1.3500,0.04500,0.03000,tactile
tactile_only_mpc,combined_shift,1,0,1,0.03411,0.48146,8.75673,0,1,0,0.01663,-0.00000,0.11283,0.17398,1.3500,0.04500,0.03000,tactile
tactile_only_mpc,combined_shift,1,1,0,0.20224,0.37810,3.36586,0,1,0,0.01871,-0.00000,0.01595,0.23420,1.3500,0.04500,0.03000,tactile
tactile_only_mpc,combined_shift,1,2,0,0.11714,0.44090,4.02389,0,1,0,0.02880,-0.00000,0.12115,0.19568,1.3500,0.04500,0.03000,tactile
tactile_only_mpc,combined_shift,1,3,0,0.20684,0.40134,7.07660,0,1,0,0.04462,-0.00000,0.02109,0.23804,1.3500,0.04500,0.03000,tactile
tactile_only_mpc,combined_shift,1,4,1,0.03358,0.56891,9.79028,0,1,0,0.01767,-0.00000,0.15828,0.24544,1.3500,0.04500,0.03000,tactile
tactile_only_mpc,combined_shift,1,5,1,0.05217,0.47476,7.13926,0,1,0,0.04310,-0.00000,0.09632,0.21175,1.3500,0.04500,0.03000,tactile
tactile_only_mpc,combined_shift,1,6,0,0.08074,0.60104,15.52369,0,1,0,0.03674,-0.00000,0.21197,0.21492,1.3500,0.04500,0.03000,tactile
tactile_only_mpc,combined_shift,1,7,0,0.09205,0.52574,5.36480,0,1,0,0.02701,-0.00000,0.12467,0.24019,1.3500,0.04500,0.03000,tactile
tactile_only_mpc,combined_shift,1,8,1,0.02896,0.49504,6.18222,0,1,0,0.05380,-0.00000,0.18691,0.20317,1.3500,0.04500,0.03000,tactile
tactile_only_mpc,combined_shift,1,9,0,0.17103,0.49824,6.40694,0,1,0,0.03367,-0.00000,0.08651,0.28276,1.3500,0.04500,0.03000,tactile
tactile_only_mpc,combined_shift,1,10,1,0.02806,0.55922,10.66910,0,1,0,0.03179,-0.00000,0.23284,0.27531,1.3500,0.04500,0.03000,tactile
tactile_only_mpc,combined_shift,1,11,1,0.03128,0.50364,8.97980,0,1,0,0.05026,-0.00000,0.13971,0.16925,1.3500,0.04500,0.03000,tactile
tactile_only_mpc,combined_shift,2,0,1,0.02378,0.47230,10.44334,0,1,0,0.04062,-0.00000,0.15989,0.19233,1.3500,0.04500,0.03000,tactile
tactile_only_mpc,combined_shift,2,1,0,0.14641,0.51938,5.02331,0,1,0,0.05171,-0.00000,0.08606,0.28893,1.3500,0.04500,0.03000,tactile
tactile_only_mpc,combined_shift,2,2,0,0.08158,0.49495,9.95465,0,1,0,0.05391,-0.00000,0.09654,0.23413,1.3500,0.04500,0.03000,tactile
tactile_only_mpc,combined_shift,2,3,1,0.02565,0.48596,8.09406,0,1,0,0.02510,-0.00000,0.13341,0.19362,1.3500,0.04500,0.03000,tactile
tactile_only_mpc,combined_shift,2,4,0,0.10918,0.51463,7.47305,0,1,0,0.01309,-0.00000,0.14860,0.24615,1.3500,0.04500,0.03000,tactile
tactile_only_mpc,combined_shift,2,5,0,0.17378,0.52714,7.08554,0,1,0,0.03532,-0.00000,0.08326,0.29653,1.3500,0.04500,0.03000,tactile
tactile_only_mpc,combined_shift,2,6,1,0.03760,0.41421,7.71821,0,1,0,0.10017,-0.00000,0.17298,0.14812,1.3500,0.04500,0.03000,tactile
tactile_only_mpc,combined_shift,2,7,1,0.02883,0.59775,7.04648,0,1,0,0.07306,-0.00000,0.16126,0.28422,1.3500,0.04500,0.03000,tactile
tactile_only_mpc,combined_shift,2,8,0,0.09559,0.48254,6.25490,0,1,0,0.05658,-0.00000,0.11441,0.23631,1.3500,0.04500,0.03000,tactile
tactile_only_mpc,combined_shift,2,9,1,0.03888,0.44252,8.86974,0,1,0,0.03097,-0.00000,0.10453,0.17217,1.3500,0.04500,0.03000,tactile
tactile_only_mpc,combined_shift,2,10,0,0.10598,0.56355,10.68800,0,1,0,0.07994,-0.00000,0.13731,0.32124,1.3500,0.04500,0.03000,tactile
tactile_only_mpc,combined_shift,2,11,1,0.03306,0.52854,6.48426,0,1,0,0.04954,-0.00000,0.20084,0.23436,1.3500,0.04500,0.03000,tactile
tactile_only_mpc,combined_shift,3,0,1,0.03039,0.46660,8.39762,0,1,0,0.04465,-0.00000,0.11996,0.15864,1.3500,0.04500,0.03000,tactile
tactile_only_mpc,combined_shift,3,1,1,0.02093,0.45884,6.52182,0,1,0,0.00850,-0.00000,0.11284,0.18780,1.3500,0.04500,0.03000,tactile
tactile_only_mpc,combined_shift,3,2,1,0.04070,0.52637,6.43935,0,1,0,0.08390,-0.00000,0.21551,0.21973,1.3500,0.04500,0.03000,tactile
tactile_only_mpc,combined_shift,3,3,1,0.03626,0.42421,7.49099,0,1,0,0.03118,-0.00000,0.07207,0.15824,1.3500,0.04500,0.03000,tactile
tactile_only_mpc,combined_shift,3,4,1,0.05096,0.43081,5.59963,0,1,0,0.02794,-0.00000,0.13723,0.18153,1.3500,0.04500,0.03000,tactile
tactile_only_mpc,combined_shift,3,5,1,0.03699,0.58171,9.86611,0,1,0,0.04037,-0.00000,0.21877,0.24907,1.3500,0.04500,0.03000,tactile
tactile_only_mpc,combined_shift,3,6,1,0.02101,0.58371,10.33469,0,1,0,0.02649,-0.00000,0.21299,0.29230,1.3500,0.04500,0.03000,tactile
tactile_only_mpc,combined_shift,3,7,1,0.02349,0.53927,6.92482,0,1,0,0.01918,-0.00000,0.15411,0.22518,1.3500,0.04500,0.03000,tactile
tactile_only_mpc,combined_shift,3,8,1,0.02793,0.57729,7.10060,0,1,0,0.09715,-0.00000,0.23942,0.24586,1.3500,0.04500,0.03000,tactile
tactile_only_mpc,combined_shift,3,9,1,0.02445,0.51172,6.93883,0,1,0,0.04539,-0.00000,0.10616,0.20625,1.3500,0.04500,0.03000,tactile
tactile_only_mpc,combined_shift,3,10,1,0.03961,0.54922,6.62276,0,1,0,0.05153,-0.00000,0.17736,0.22559,1.3500,0.04500,0.03000,tactile
tactile_only_mpc,combined_shift,3,11,1,0.02028,0.53370,6.76673,0,1,0,0.07320,-0.00000,0.24903,0.25292,1.3500,0.04500,0.03000,tactile
tactile_only_mpc,combined_shift,4,0,0,0.13741,0.47619,6.05978,0,1,0,0.02580,-0.00000,0.09536,0.20793,1.3500,0.04500,0.03000,tactile
tactile_only_mpc,combined_shift,4,1,0,0.24814,0.26511,4.14713,0,1,0,0.05941,-0.00000,0.00000,0.15997,1.3500,0.04500,0.03000,tactile
tactile_only_mpc,combined_shift,4,2,1,0.07402,0.50950,11.06388,0,1,0,0.09389,-0.00000,0.12079,0.24811,1.3500,0.04500,0.03000,tactile
tactile_only_mpc,combined_shift,4,3,1,0.02782,0.59329,10.23655,0,1,0,0.02669,-0.00000,0.22322,0.28812,1.3500,0.04500,0.03000,tactile
tactile_only_mpc,combined_shift,4,4,0,0.17640,0.49763,7.47130,0,1,0,0.02890,-0.00000,0.10555,0.27586,1.3500,0.04500,0.03000,tactile
tactile_only_mpc,combined_shift,4,5,1,0.02711,0.49514,6.40540,0,1,0,0.02361,-0.00000,0.12940,0.17735,1.3500,0.04500,0.03000,tactile
tactile_only_mpc,combined_shift,4,6,1,0.05051,0.53878,6.27701,0,1,0,0.01372,-0.00000,0.14263,0.22776,1.3500,0.04500,0.03000,tactile
tactile_only_mpc,combined_shift,4,7,1,0.02487,0.51985,11.57168,0,1,0,0.04861,-0.00000,0.19569,0.23061,1.3500,0.04500,0.03000,tactile
tactile_only_mpc,combined_shift,4,8,0,0.10710,0.35525,6.20067,0,1,0,0.05930,-0.00000,0.02347,0.14978,1.3500,0.04500,0.03000,tactile
tactile_only_mpc,combined_shift,4,9,0,0.10542,0.43060,7.65372,0,1,0,0.00552,-0.00000,0.06794,0.15754,1.3500,0.04500,0.03000,tactile
tactile_only_mpc,combined_shift,4,10,1,0.02417,0.50934,7.88062,0,1,0,0.04751,-0.00000,0.18233,0.20958,1.3500,0.04500,0.03000,tactile
tactile_only_mpc,combined_shift,4,11,1,0.03789,0.58551,10.71129,0,1,0,0.02819,-0.00000,0.20159,0.28744,1.3500,0.04500,0.03000,tactile
mean_fusion_mpc,nominal,0,0,1,0.01475,0.40890,7.45893,0,1,0,0.00417,-0.00000,0.17437,0.25424,0.5500,0.00000,0.00600,mean
mean_fusion_mpc,nominal,0,1,1,0.00652,0.43201,7.26477,0,1,0,0.01499,-0.00000,0.19601,0.26851,0.5500,0.00000,0.00600,mean
mean_fusion_mpc,nominal,0,2,1,0.01218,0.36659,7.65997,0,1,0,0.01711,-0.00000,0.13453,0.20842,0.5500,0.00000,0.00600,mean
mean_fusion_mpc,nominal,0,3,1,0.00405,0.45374,6.88218,0,1,0,0.01158,-0.00000,0.21760,0.28840,0.5500,0.00000,0.00600,mean
mean_fusion_mpc,nominal,0,4,1,0.01001,0.35092,6.16248,0,1,0,0.01932,-0.00000,0.11896,0.19379,0.5500,0.00000,0.00600,mean
mean_fusion_mpc,nominal,0,5,1,0.00423,0.40680,4.60522,0,1,0,0.00320,-0.00000,0.16062,0.24521,0.5500,0.00000,0.00600,mean
mean_fusion_mpc,nominal,0,6,1,0.01178,0.42754,6.06891,0,1,0,0.00664,-0.00000,0.18391,0.26097,0.5500,0.00000,0.00600,mean
mean_fusion_mpc,nominal,0,7,1,0.01316,0.35480,5.99481,0,1,0,0.00981,-0.00000,0.10278,0.18051,0.5500,0.00000,0.00600,mean
mean_fusion_mpc,nominal,0,8,1,0.01586,0.39487,6.50971,0,1,0,0.01573,-0.00000,0.15257,0.23601,0.5500,0.00000,0.00600,mean
mean_fusion_mpc,nominal,0,9,1,0.01062,0.38637,4.98666,0,1,0,0.00716,-0.00000,0.15529,0.23171,0.5500,0.00000,0.00600,mean
mean_fusion_mpc,nominal,0,10,1,0.01418,0.39776,6.62240,0,1,0,0.00990,-0.00000,0.15653,0.23146,0.5500,0.00000,0.00600,mean
mean_fusion_mpc,nominal,0,11,1,0.00694,0.34913,5.96798,0,1,0,0.00687,-0.00000,0.11003,0.18937,0.5500,0.00000,0.00600,mean
mean_fusion_mpc,nominal,1,0,1,0.01562,0.43774,8.10248,0,1,0,0.00682,-0.00000,0.19340,0.26652,0.5500,0.00000,0.00600,mean
mean_fusion_mpc,nominal,1,1,1,0.01669,0.37506,6.20969,0,1,0,0.01401,-0.00000,0.14905,0.22246,0.5500,0.00000,0.00600,mean
mean_fusion_mpc,nominal,1,2,1,0.00589,0.39350,4.34416,0,1,0,0.00987,-0.00000,0.16769,0.24064,0.5500,0.00000,0.00600,mean
mean_fusion_mpc,nominal,1,3,1,0.00509,0.46376,6.93013,0,1,0,0.00806,-0.00000,0.20405,0.29176,0.5500,0.00000,0.00600,mean
mean_fusion_mpc,nominal,1,4,1,0.01052,0.44558,5.55715,0,1,0,0.01145,-0.00000,0.20215,0.27958,0.5500,0.00000,0.00600,mean
mean_fusion_mpc,nominal,1,5,1,0.01176,0.37313,3.38377,0,1,0,0.00650,-0.00000,0.14340,0.22253,0.5500,0.00000,0.00600,mean
mean_fusion_mpc,nominal,1,6,1,0.01956,0.42456,3.87475,0,1,0,0.01035,-0.00000,0.19485,0.27064,0.5500,0.00000,0.00600,mean
mean_fusion_mpc,nominal,1,7,1,0.00711,0.36979,5.85224,0,1,0,0.01936,-0.00000,0.13495,0.20099,0.5500,0.00000,0.00600,mean
mean_fusion_mpc,nominal,1,8,1,0.00887,0.39586,9.67138,0,1,0,0.00564,-0.00000,0.13655,0.22158,0.5500,0.00000,0.00600,mean
mean_fusion_mpc,nominal,1,9,1,0.00837,0.38666,6.44579,0,1,0,0.00548,-0.00000,0.14294,0.22565,0.5500,0.00000,0.00600,mean
mean_fusion_mpc,nominal,1,10,1,0.00750,0.39530,4.10281,0,1,0,0.00489,-0.00000,0.16251,0.24247,0.5500,0.00000,0.00600,mean
mean_fusion_mpc,nominal,1,11,1,0.01164,0.40385,7.12501,0,1,0,0.00424,-0.00000,0.16522,0.23546,0.5500,0.00000,0.00600,mean
mean_fusion_mpc,nominal,2,0,1,0.00832,0.43135,6.74798,0,1,0,0.00346,-0.00000,0.16032,0.24719,0.5500,0.00000,0.00600,mean
mean_fusion_mpc,nominal,2,1,1,0.01173,0.40974,7.12774,0,1,0,0.02925,-0.00000,0.18228,0.24276,0.5500,0.00000,0.00600,mean
mean_fusion_mpc,nominal,2,2,1,0.01399,0.37982,9.17558,0,1,0,0.01322,-0.00000,0.13781,0.21233,0.5500,0.00000,0.00600,mean
mean_fusion_mpc,nominal,2,3,1,0.02320,0.41051,6.08001,0,1,0,0.01531,-0.00000,0.16059,0.24286,0.5500,0.00000,0.00600,mean
mean_fusion_mpc,nominal,2,4,1,0.01344,0.36486,7.91868,0,1,0,0.01494,-0.00000,0.12641,0.19697,0.5500,0.00000,0.00600,mean
mean_fusion_mpc,nominal,2,5,1,0.01707,0.46352,7.81416,0,1,0,0.00448,-0.00000,0.20144,0.27611,0.5500,0.00000,0.00600,mean
mean_fusion_mpc,nominal,2,6,1,0.01090,0.38674,6.58194,0,1,0,0.00585,-0.00000,0.15562,0.23797,0.5500,0.00000,0.00600,mean
mean_fusion_mpc,nominal,2,7,1,0.02078,0.40027,6.53757,0,1,0,0.01269,-0.00000,0.17642,0.25432,0.5500,0.00000,0.00600,mean
mean_fusion_mpc,nominal,2,8,1,0.00669,0.40366,4.00392,0,1,0,0.00559,-0.00000,0.16978,0.25038,0.5500,0.00000,0.00600,mean
mean_fusion_mpc,nominal,2,9,1,0.01642,0.37400,7.69360,0,1,0,0.00975,-0.00000,0.13182,0.20860,0.5500,0.00000,0.00600,mean
mean_fusion_mpc,nominal,2,10,1,0.01052,0.38279,6.75338,0,1,0,0.00895,-0.00000,0.14056,0.22304,0.5500,0.00000,0.00600,mean
mean_fusion_mpc,nominal,2,11,1,0.01661,0.37556,6.95527,0,1,0,0.01933,-0.00000,0.11848,0.19125,0.5500,0.00000,0.00600,mean
mean_fusion_mpc,nominal,3,0,1,0.01262,0.41396,7.55119,0,1,0,0.01553,-0.00000,0.16295,0.24786,0.5500,0.00000,0.00600,mean
mean_fusion_mpc,nominal,3,1,1,0.00111,0.38726,4.11854,0,1,0,0.01436,-0.00000,0.14496,0.23041,0.5500,0.00000,0.00600,mean
mean_fusion_mpc,nominal,3,2,1,0.00723,0.43124,6.05731,0,1,0,0.01515,-0.00000,0.20545,0.27349,0.5500,0.00000,0.00600,mean
mean_fusion_mpc,nominal,3,3,1,0.01721,0.39649,5.90483,0,1,0,0.02263,-0.00000,0.17518,0.24439,0.5500,0.00000,0.00600,mean
mean_fusion_mpc,nominal,3,4,1,0.01615,0.44988,4.07879,0,1,0,0.00673,-0.00000,0.21201,0.29029,0.5500,0.00000,0.00600,mean
mean_fusion_mpc,nominal,3,5,1,0.00731,0.34229,6.08550,0,1,0,0.01504,-0.00000,0.11416,0.18802,0.5500,0.00000,0.00600,mean
mean_fusion_mpc,nominal,3,6,1,0.01803,0.42024,5.04137,0,1,0,0.00425,-0.00000,0.18014,0.25926,0.5500,0.00000,0.00600,mean
mean_fusion_mpc,nominal,3,7,1,0.00712,0.44821,6.21241,0,1,0,0.00769,-0.00000,0.21353,0.28738,0.5500,0.00000,0.00600,mean
mean_fusion_mpc,nominal,3,8,1,0.01068,0.39360,7.66317,0,1,0,0.00255,-0.00000,0.14554,0.22537,0.5500,0.00000,0.00600,mean
mean_fusion_mpc,nominal,3,9,1,0.00653,0.43950,3.79141,0,1,0,0.00956,-0.00000,0.19431,0.28010,0.5500,0.00000,0.00600,mean
mean_fusion_mpc,nominal,3,10,1,0.01310,0.42488,6.79817,0,1,0,0.00847,-0.00000,0.18662,0.26533,0.5500,0.00000,0.00600,mean
mean_fusion_mpc,nominal,3,11,1,0.01294,0.42929,7.93026,0,1,0,0.00850,-0.00000,0.17929,0.26621,0.5500,0.00000,0.00600,mean
mean_fusion_mpc,nominal,4,0,1,0.00571,0.41938,8.86278,0,1,0,0.01256,-0.00000,0.18180,0.25425,0.5500,0.00000,0.00600,mean
mean_fusion_mpc,nominal,4,1,1,0.00919,0.41306,9.12025,0,1,0,0.02299,-0.00000,0.17126,0.23917,0.5500,0.00000,0.00600,mean
mean_fusion_mpc,nominal,4,2,1,0.00885,0.39834,8.26200,0,1,0,0.01103,-0.00000,0.14570,0.21666,0.5500,0.00000,0.00600,mean
mean_fusion_mpc,nominal,4,3,1,0.01030,0.41878,6.53168,0,1,0,0.00249,-0.00000,0.15887,0.24286,0.5500,0.00000,0.00600,mean
mean_fusion_mpc,nominal,4,4,1,0.02023,0.37594,5.96758,0,1,0,0.00848,-0.00000,0.13024,0.21698,0.5500,0.00000,0.00600,mean
mean_fusion_mpc,nominal,4,5,1,0.02104,0.41573,4.62388,0,1,0,0.00511,-0.00000,0.17919,0.26148,0.5500,0.00000,0.00600,mean
mean_fusion_mpc,nominal,4,6,1,0.01642,0.41503,6.69134,0,1,0,0.00796,-0.00000,0.17668,0.25532,0.5500,0.00000,0.00600,mean
mean_fusion_mpc,nominal,4,7,1,0.01991,0.45442,5.14130,0,1,0,0.01309,-0.00000,0.19773,0.28670,0.5500,0.00000,0.00600,mean
mean_fusion_mpc,nominal,4,8,1,0.01485,0.39821,6.36890,0,1,0,0.00728,-0.00000,0.14155,0.22229,0.5500,0.00000,0.00600,mean
mean_fusion_mpc,nominal,4,9,1,0.01436,0.37482,3.96639,0,1,0,0.00333,-0.00000,0.13168,0.21274,0.5500,0.00000,0.00600,mean
mean_fusion_mpc,nominal,4,10,1,0.01741,0.41928,8.20704,0,1,0,0.01141,-0.00000,0.16076,0.23132,0.5500,0.00000,0.00600,mean
mean_fusion_mpc,nominal,4,11,1,0.01363,0.42072,6.99425,0,1,0,0.01268,-0.00000,0.18520,0.25487,0.5500,0.00000,0.00600,mean
mean_fusion_mpc,high_friction,0,0,1,0.01473,0.52949,10.43619,0,1,0,0.01430,-0.00000,0.19115,0.25915,1.2500,0.00000,0.00800,mean
mean_fusion_mpc,high_friction,0,1,1,0.02624,0.53645,6.04985,0,1,0,0.01125,-0.00000,0.19111,0.26212,1.2500,0.00000,0.00800,mean
mean_fusion_mpc,high_friction,0,2,1,0.02118,0.44399,5.24608,0,1,0,0.01130,-0.00000,0.11842,0.18931,1.2500,0.00000,0.00800,mean
mean_fusion_mpc,high_friction,0,3,1,0.02799,0.54721,8.94675,0,1,0,0.00618,-0.00000,0.18973,0.26550,1.2500,0.00000,0.00800,mean
mean_fusion_mpc,high_friction,0,4,1,0.02032,0.57933,9.81979,0,1,0,0.00248,-0.00000,0.21529,0.29074,1.2500,0.00000,0.00800,mean
mean_fusion_mpc,high_friction,0,5,1,0.02017,0.51451,8.32081,0,1,0,0.00457,-0.00000,0.16115,0.23683,1.2500,0.00000,0.00800,mean
mean_fusion_mpc,high_friction,0,6,1,0.01961,0.46191,6.36113,0,1,0,0.01056,-0.00000,0.11888,0.19654,1.2500,0.00000,0.00800,mean
mean_fusion_mpc,high_friction,0,7,1,0.01541,0.47361,9.67410,0,1,0,0.01219,-0.00000,0.13820,0.21151,1.2500,0.00000,0.00800,mean
mean_fusion_mpc,high_friction,0,8,1,0.02098,0.53024,11.55483,0,1,0,0.02896,-0.00000,0.18799,0.24605,1.2500,0.00000,0.00800,mean
mean_fusion_mpc,high_friction,0,9,1,0.01935,0.47756,7.65055,0,1,0,0.01090,-0.00000,0.15252,0.22380,1.2500,0.00000,0.00800,mean
mean_fusion_mpc,high_friction,0,10,1,0.02069,0.47353,6.60424,0,1,0,0.00114,-0.00000,0.14954,0.22386,1.2500,0.00000,0.00800,mean
mean_fusion_mpc,high_friction,0,11,1,0.01714,0.48297,7.24015,0,1,0,0.02130,-0.00000,0.16223,0.22573,1.2500,0.00000,0.00800,mean
mean_fusion_mpc,high_friction,1,0,1,0.01521,0.47112,10.50274,0,1,0,0.02473,-0.00000,0.15657,0.21805,1.2500,0.00000,0.00800,mean
mean_fusion_mpc,high_friction,1,1,1,0.01934,0.42012,6.48724,0,1,0,0.01087,-0.00000,0.10330,0.18335,1.2500,0.00000,0.00800,mean
mean_fusion_mpc,high_friction,1,2,1,0.01668,0.50605,6.47942,0,1,0,0.01533,-0.00000,0.17110,0.23940,1.2500,0.00000,0.00800,mean
mean_fusion_mpc,high_friction,1,3,1,0.01995,0.47207,7.56971,0,1,0,0.01232,-0.00000,0.14161,0.20933,1.2500,0.00000,0.00800,mean
mean_fusion_mpc,high_friction,1,4,1,0.01783,0.46735,7.06332,0,1,0,0.01008,-0.00000,0.13200,0.20062,1.2500,0.00000,0.00800,mean
mean_fusion_mpc,high_friction,1,5,1,0.01902,0.51615,5.89511,0,1,0,0.00858,-0.00000,0.17987,0.25343,1.2500,0.00000,0.00800,mean
mean_fusion_mpc,high_friction,1,6,1,0.01836,0.46800,8.07507,0,1,0,0.02087,-0.00000,0.14478,0.20814,1.2500,0.00000,0.00800,mean
mean_fusion_mpc,high_friction,1,7,1,0.02105,0.53700,6.57482,0,1,0,0.01665,-0.00000,0.20788,0.27477,1.2500,0.00000,0.00800,mean
mean_fusion_mpc,high_friction,1,8,1,0.01656,0.46723,6.96657,0,1,0,0.01068,-0.00000,0.13016,0.20633,1.2500,0.00000,0.00800,mean
mean_fusion_mpc,high_friction,1,9,1,0.01749,0.51432,8.12078,0,1,0,0.00276,-0.00000,0.16031,0.23466,1.2500,0.00000,0.00800,mean
mean_fusion_mpc,high_friction,1,10,1,0.02370,0.55312,10.27300,0,1,0,0.01188,-0.00000,0.21888,0.28753,1.2500,0.00000,0.00800,mean
mean_fusion_mpc,high_friction,1,11,1,0.02026,0.49831,8.16345,0,1,0,0.00772,-0.00000,0.16431,0.23424,1.2500,0.00000,0.00800,mean
mean_fusion_mpc,high_friction,2,0,1,0.02078,0.53917,10.65946,0,1,0,0.01829,-0.00000,0.19974,0.26527,1.2500,0.00000,0.00800,mean
mean_fusion_mpc,high_friction,2,1,1,0.01562,0.43844,5.35916,0,1,0,0.01051,-0.00000,0.11719,0.18671,1.2500,0.00000,0.00800,mean
mean_fusion_mpc,high_friction,2,2,1,0.02215,0.45000,5.78427,0,1,0,0.01312,-0.00000,0.11993,0.18721,1.2500,0.00000,0.00800,mean
mean_fusion_mpc,high_friction,2,3,1,0.01916,0.54139,8.94375,0,1,0,0.00588,-0.00000,0.18142,0.25765,1.2500,0.00000,0.00800,mean
mean_fusion_mpc,high_friction,2,4,1,0.02460,0.54149,8.97089,0,1,0,0.00868,-0.00000,0.18083,0.26134,1.2500,0.00000,0.00800,mean
mean_fusion_mpc,high_friction,2,5,1,0.02330,0.51380,8.30794,0,1,0,0.01654,-0.00000,0.18353,0.24947,1.2500,0.00000,0.00800,mean
mean_fusion_mpc,high_friction,2,6,1,0.02267,0.50252,9.27662,0,1,0,0.01955,-0.00000,0.16410,0.22843,1.2500,0.00000,0.00800,mean
mean_fusion_mpc,high_friction,2,7,1,0.02183,0.52173,8.99257,0,1,0,0.01751,-0.00000,0.17674,0.24105,1.2500,0.00000,0.00800,mean
mean_fusion_mpc,high_friction,2,8,1,0.01757,0.46646,7.35458,0,1,0,0.01649,-0.00000,0.13721,0.20332,1.2500,0.00000,0.00800,mean
mean_fusion_mpc,high_friction,2,9,1,0.02154,0.47926,7.01580,0,1,0,0.00876,-0.00000,0.15956,0.23027,1.2500,0.00000,0.00800,mean
mean_fusion_mpc,high_friction,2,10,1,0.02212,0.53700,6.99857,0,1,0,0.00980,-0.00000,0.20144,0.26980,1.2500,0.00000,0.00800,mean
mean_fusion_mpc,high_friction,2,11,1,0.02500,0.49758,5.83198,0,1,0,0.01167,-0.00000,0.16466,0.23520,1.2500,0.00000,0.00800,mean
mean_fusion_mpc,high_friction,3,0,1,0.02433,0.46996,7.36179,0,1,0,0.01461,-0.00000,0.12989,0.20407,1.2500,0.00000,0.00800,mean
mean_fusion_mpc,high_friction,3,1,1,0.02016,0.54245,6.02259,0,1,0,0.01404,-0.00000,0.20075,0.26920,1.2500,0.00000,0.00800,mean
mean_fusion_mpc,high_friction,3,2,1,0.02523,0.46671,5.18340,0,1,0,0.00355,-0.00000,0.12860,0.20371,1.2500,0.00000,0.00800,mean
mean_fusion_mpc,high_friction,3,3,1,0.02684,0.51908,6.79635,0,1,0,0.01325,-0.00000,0.16893,0.24802,1.2500,0.00000,0.00800,mean
mean_fusion_mpc,high_friction,3,4,1,0.02239,0.56264,9.94450,0,1,0,0.00179,-0.00000,0.20768,0.28304,1.2500,0.00000,0.00800,mean
mean_fusion_mpc,high_friction,3,5,1,0.02127,0.46787,6.60232,0,1,0,0.01983,-0.00000,0.13362,0.20386,1.2500,0.00000,0.00800,mean
mean_fusion_mpc,high_friction,3,6,1,0.01805,0.51356,5.35226,0,1,0,0.01429,-0.00000,0.16877,0.23836,1.2500,0.00000,0.00800,mean
mean_fusion_mpc,high_friction,3,7,1,0.01990,0.47149,7.49777,0,1,0,0.00434,-0.00000,0.14672,0.21844,1.2500,0.00000,0.00800,mean
mean_fusion_mpc,high_friction,3,8,1,0.01910,0.48117,6.22364,0,1,0,0.01475,-0.00000,0.15764,0.22727,1.2500,0.00000,0.00800,mean
mean_fusion_mpc,high_friction,3,9,1,0.02251,0.52407,8.12954,0,1,0,0.01444,-0.00000,0.18341,0.25671,1.2500,0.00000,0.00800,mean
mean_fusion_mpc,high_friction,3,10,1,0.01871,0.43477,5.51259,0,1,0,0.01109,-0.00000,0.10353,0.18500,1.2500,0.00000,0.00800,mean
mean_fusion_mpc,high_friction,3,11,1,0.01775,0.43606,6.96278,0,1,0,0.01138,-0.00000,0.11011,0.18421,1.2500,0.00000,0.00800,mean
mean_fusion_mpc,high_friction,4,0,1,0.02185,0.54146,6.10787,0,1,0,0.01086,-0.00000,0.21245,0.28170,1.2500,0.00000,0.00800,mean
mean_fusion_mpc,high_friction,4,1,1,0.02109,0.47415,6.54741,0,1,0,0.01801,-0.00000,0.14896,0.21304,1.2500,0.00000,0.00800,mean
mean_fusion_mpc,high_friction,4,2,1,0.02124,0.50357,8.18201,0,1,0,0.01069,-0.00000,0.16843,0.23981,1.2500,0.00000,0.00800,mean
mean_fusion_mpc,high_friction,4,3,1,0.02193,0.45786,5.54781,0,1,0,0.00647,-0.00000,0.12738,0.19685,1.2500,0.00000,0.00800,mean
mean_fusion_mpc,high_friction,4,4,1,0.02392,0.52125,6.75799,0,1,0,0.01526,-0.00000,0.20323,0.27221,1.2500,0.00000,0.00800,mean
mean_fusion_mpc,high_friction,4,5,1,0.02068,0.52222,6.41038,0,1,0,0.02788,-0.00000,0.18933,0.24897,1.2500,0.00000,0.00800,mean
mean_fusion_mpc,high_friction,4,6,1,0.01914,0.60566,14.61306,0,1,0,0.00774,-0.00000,0.21114,0.28915,1.2500,0.00000,0.00800,mean
mean_fusion_mpc,high_friction,4,7,1,0.01931,0.47733,6.34538,0,1,0,0.01626,-0.00000,0.14768,0.21892,1.2500,0.00000,0.00800,mean
mean_fusion_mpc,high_friction,4,8,1,0.01508,0.48580,11.10310,0,1,0,0.00275,-0.00000,0.15192,0.22736,1.2500,0.00000,0.00800,mean
mean_fusion_mpc,high_friction,4,9,1,0.02235,0.55259,6.85614,0,1,0,0.02328,-0.00000,0.20722,0.26746,1.2500,0.00000,0.00800,mean
mean_fusion_mpc,high_friction,4,10,1,0.02369,0.42613,7.04271,0,1,0,0.01613,-0.00000,0.12785,0.19475,1.2500,0.00000,0.00800,mean
mean_fusion_mpc,high_friction,4,11,1,0.01944,0.47805,7.04368,0,1,0,0.02187,-0.00000,0.13349,0.19869,1.2500,0.00000,0.00800,mean
mean_fusion_mpc,low_friction,0,0,1,0.00934,0.31919,1.88565,0,1,0,0.00691,-0.00000,0.12257,0.20829,0.2200,0.00000,0.00800,mean
mean_fusion_mpc,low_friction,0,1,1,0.01363,0.36296,2.38407,0,1,0,0.01882,-0.00000,0.17689,0.24899,0.2200,0.00000,0.00800,mean
mean_fusion_mpc,low_friction,0,2,1,0.01879,0.38642,2.69449,0,1,0,0.00205,-0.00000,0.18156,0.27077,0.2200,0.00000,0.00800,mean
mean_fusion_mpc,low_friction,0,3,1,0.00805,0.36775,2.59167,0,1,0,0.00765,-0.00000,0.17362,0.25327,0.2200,0.00000,0.00800,mean
mean_fusion_mpc,low_friction,0,4,1,0.00889,0.33401,2.78568,0,1,0,0.02201,-0.00000,0.14431,0.21762,0.2200,0.00000,0.00800,mean
mean_fusion_mpc,low_friction,0,5,1,0.02000,0.42526,3.94613,0,1,0,0.02164,-0.00000,0.23336,0.31018,0.2200,0.00000,0.00800,mean
mean_fusion_mpc,low_friction,0,6,1,0.01185,0.30158,2.60799,0,1,0,0.01803,-0.00000,0.11632,0.19062,0.2200,0.00000,0.00800,mean
mean_fusion_mpc,low_friction,0,7,1,0.01743,0.33857,2.48246,0,1,0,0.00637,-0.00000,0.13746,0.22559,0.2200,0.00000,0.00800,mean
mean_fusion_mpc,low_friction,0,8,1,0.01428,0.39047,3.12729,0,1,0,0.01364,-0.00000,0.18474,0.26925,0.2200,0.00000,0.00800,mean
mean_fusion_mpc,low_friction,0,9,1,0.02073,0.39639,3.58200,0,1,0,0.03320,-0.00000,0.20857,0.28088,0.2200,0.00000,0.00800,mean
mean_fusion_mpc,low_friction,0,10,1,0.02868,0.42710,3.44476,0,1,0,0.00987,-0.00000,0.21414,0.30961,0.2200,0.00000,0.00800,mean
mean_fusion_mpc,low_friction,0,11,1,0.00588,0.35326,2.38483,0,1,0,0.01789,-0.00000,0.15134,0.23833,0.2200,0.00000,0.00800,mean
mean_fusion_mpc,low_friction,1,0,1,0.00280,0.30662,1.93191,0,1,0,0.00251,-0.00000,0.10952,0.19522,0.2200,0.00000,0.00800,mean
mean_fusion_mpc,low_friction,1,1,1,0.00978,0.35768,2.37024,0,1,0,0.00949,-0.00000,0.15978,0.24447,0.2200,0.00000,0.00800,mean
mean_fusion_mpc,low_friction,1,2,1,0.00870,0.35940,2.17869,0,1,0,0.01312,-0.00000,0.16622,0.24837,0.2200,0.00000,0.00800,mean
mean_fusion_mpc,low_friction,1,3,1,0.01174,0.42189,3.75060,0,1,0,0.01502,-0.00000,0.22415,0.30328,0.2200,0.00000,0.00800,mean
mean_fusion_mpc,low_friction,1,4,1,0.01029,0.39368,2.39984,0,1,0,0.01622,-0.00000,0.20113,0.27999,0.2200,0.00000,0.00800,mean
mean_fusion_mpc,low_friction,1,5,1,0.00484,0.30930,2.67148,0,1,0,0.01654,-0.00000,0.11707,0.19523,0.2200,0.00000,0.00800,mean
mean_fusion_mpc,low_friction,1,6,1,0.01496,0.35184,2.76195,0,1,0,0.01148,-0.00000,0.15646,0.23866,0.2200,0.00000,0.00800,mean
mean_fusion_mpc,low_friction,1,7,1,0.00575,0.31805,2.74514,0,1,0,0.00537,-0.00000,0.12423,0.20503,0.2200,0.00000,0.00800,mean
mean_fusion_mpc,low_friction,1,8,1,0.01773,0.31963,2.53303,0,1,0,0.00416,-0.00000,0.11849,0.20674,0.2200,0.00000,0.00800,mean
mean_fusion_mpc,low_friction,1,9,1,0.01535,0.40313,3.01858,0,1,0,0.02127,-0.00000,0.21839,0.29277,0.2200,0.00000,0.00800,mean
mean_fusion_mpc,low_friction,1,10,1,0.01361,0.36552,2.73869,0,1,0,0.01042,-0.00000,0.17190,0.25133,0.2200,0.00000,0.00800,mean
mean_fusion_mpc,low_friction,1,11,1,0.01581,0.38664,3.75070,0,1,0,0.01887,-0.00000,0.19727,0.27161,0.2200,0.00000,0.00800,mean
mean_fusion_mpc,low_friction,2,0,1,0.00884,0.37380,2.44584,0,1,0,0.01533,-0.00000,0.18743,0.26250,0.2200,0.00000,0.00800,mean
mean_fusion_mpc,low_friction,2,1,1,0.02166,0.41743,2.04120,0,1,0,0.00208,-0.00000,0.22171,0.30831,0.2200,0.00000,0.00800,mean
mean_fusion_mpc,low_friction,2,2,1,0.01289,0.39373,3.06856,0,1,0,0.01093,-0.00000,0.19905,0.28267,0.2200,0.00000,0.00800,mean
mean_fusion_mpc,low_friction,2,3,1,0.00126,0.30793,1.88548,0,1,0,0.00605,-0.00000,0.11370,0.19945,0.2200,0.00000,0.00800,mean
mean_fusion_mpc,low_friction,2,4,1,0.01419,0.40518,3.60667,0,1,0,0.01245,-0.00000,0.21000,0.29542,0.2200,0.00000,0.00800,mean
mean_fusion_mpc,low_friction,2,5,1,0.00752,0.32747,2.48741,0,1,0,0.01646,-0.00000,0.12140,0.21452,0.2200,0.00000,0.00800,mean
mean_fusion_mpc,low_friction,2,6,1,0.00640,0.37166,2.74406,0,1,0,0.01060,-0.00000,0.18318,0.26107,0.2200,0.00000,0.00800,mean
mean_fusion_mpc,low_friction,2,7,1,0.00427,0.33966,2.50974,0,1,0,0.00669,-0.00000,0.14670,0.22825,0.2200,0.00000,0.00800,mean
mean_fusion_mpc,low_friction,2,8,1,0.01063,0.38808,3.02958,0,1,0,0.01348,-0.00000,0.19473,0.27403,0.2200,0.00000,0.00800,mean
mean_fusion_mpc,low_friction,2,9,1,0.01115,0.37655,2.53167,0,1,0,0.00990,-0.00000,0.18509,0.26450,0.2200,0.00000,0.00800,mean
mean_fusion_mpc,low_friction,2,10,1,0.01299,0.42887,4.11373,0,1,0,0.02663,-0.00000,0.24368,0.31378,0.2200,0.00000,0.00800,mean
mean_fusion_mpc,low_friction,2,11,1,0.01503,0.32544,2.36694,0,1,0,0.01552,-0.00000,0.12485,0.21495,0.2200,0.00000,0.00800,mean
mean_fusion_mpc,low_friction,3,0,1,0.00329,0.32135,2.77575,0,1,0,0.00781,-0.00000,0.13217,0.21048,0.2200,0.00000,0.00800,mean
mean_fusion_mpc,low_friction,3,1,1,0.01073,0.33733,2.17222,0,1,0,0.01793,-0.00000,0.15223,0.22664,0.2200,0.00000,0.00800,mean
mean_fusion_mpc,low_friction,3,2,1,0.01445,0.36752,2.80484,0,1,0,0.02075,-0.00000,0.17139,0.25574,0.2200,0.00000,0.00800,mean
mean_fusion_mpc,low_friction,3,3,1,0.01891,0.37478,2.61466,0,1,0,0.00784,-0.00000,0.17888,0.26231,0.2200,0.00000,0.00800,mean
mean_fusion_mpc,low_friction,3,4,1,0.00225,0.32327,3.00068,0,1,0,0.02397,-0.00000,0.13470,0.20821,0.2200,0.00000,0.00800,mean
mean_fusion_mpc,low_friction,3,5,1,0.00376,0.33494,1.82293,0,1,0,0.01582,-0.00000,0.13382,0.22564,0.2200,0.00000,0.00800,mean
mean_fusion_mpc,low_friction,3,6,1,0.01708,0.40202,3.29089,0,1,0,0.03158,-0.00000,0.22120,0.28840,0.2200,0.00000,0.00800,mean
mean_fusion_mpc,low_friction,3,7,1,0.01137,0.31773,1.95074,0,1,0,0.02676,-0.00000,0.13650,0.20773,0.2200,0.00000,0.00800,mean
mean_fusion_mpc,low_friction,3,8,1,0.01206,0.35632,2.32101,0,1,0,0.01202,-0.00000,0.16076,0.24149,0.2200,0.00000,0.00800,mean
mean_fusion_mpc,low_friction,3,9,1,0.00696,0.38580,3.46158,0,1,0,0.02246,-0.00000,0.19545,0.26865,0.2200,0.00000,0.00800,mean
mean_fusion_mpc,low_friction,3,10,1,0.01451,0.44757,3.71149,0,1,0,0.01465,-0.00000,0.23633,0.32994,0.2200,0.00000,0.00800,mean
mean_fusion_mpc,low_friction,3,11,1,0.01363,0.33552,2.19482,0,1,0,0.00123,-0.00000,0.14283,0.22533,0.2200,0.00000,0.00800,mean
mean_fusion_mpc,low_friction,4,0,1,0.01403,0.38431,2.33272,0,1,0,0.01354,-0.00000,0.19374,0.27258,0.2200,0.00000,0.00800,mean
mean_fusion_mpc,low_friction,4,1,1,0.01171,0.32992,2.57562,0,1,0,0.01370,-0.00000,0.14150,0.22093,0.2200,0.00000,0.00800,mean
mean_fusion_mpc,low_friction,4,2,1,0.00774,0.36272,2.41511,0,1,0,0.01629,-0.00000,0.17611,0.25079,0.2200,0.00000,0.00800,mean
mean_fusion_mpc,low_friction,4,3,1,0.01088,0.37613,2.86211,0,1,0,0.01935,-0.00000,0.18729,0.26235,0.2200,0.00000,0.00800,mean
mean_fusion_mpc,low_friction,4,4,1,0.00966,0.37838,2.55390,0,1,0,0.02353,-0.00000,0.19257,0.26472,0.2200,0.00000,0.00800,mean
mean_fusion_mpc,low_friction,4,5,1,0.02408,0.40686,3.70877,0,1,0,0.01524,-0.00000,0.21014,0.28957,0.2200,0.00000,0.00800,mean
mean_fusion_mpc,low_friction,4,6,1,0.00756,0.32727,3.14284,0,1,0,0.01055,-0.00000,0.12435,0.20747,0.2200,0.00000,0.00800,mean
mean_fusion_mpc,low_friction,4,7,1,0.00956,0.38146,3.21541,0,1,0,0.01644,-0.00000,0.18841,0.26687,0.2200,0.00000,0.00800,mean
mean_fusion_mpc,low_friction,4,8,1,0.00908,0.35320,3.15912,0,1,0,0.02689,-0.00000,0.17007,0.24278,0.2200,0.00000,0.00800,mean
mean_fusion_mpc,low_friction,4,9,1,0.01643,0.31455,2.42709,0,1,0,0.02254,-0.00000,0.12563,0.20654,0.2200,0.00000,0.00800,mean
mean_fusion_mpc,low_friction,4,10,1,0.00635,0.32565,2.22927,0,1,0,0.00676,-0.00000,0.13084,0.21589,0.2200,0.00000,0.00800,mean
mean_fusion_mpc,low_friction,4,11,1,0.01750,0.40646,2.34214,0,1,0,0.01132,-0.00000,0.20274,0.29028,0.2200,0.00000,0.00800,mean
mean_fusion_mpc,vision_bias,0,0,0,0.10516,0.35986,4.90595,0,1,0,0.02492,-0.00000,0.09827,0.20938,0.6000,0.05200,0.00700,mean
mean_fusion_mpc,vision_bias,0,1,0,0.10884,0.34156,5.10060,0,1,0,0.02833,-0.00000,0.08154,0.18215,0.6000,0.05200,0.00700,mean
mean_fusion_mpc,vision_bias,0,2,0,0.09956,0.44956,7.04979,0,1,0,0.03215,-0.00000,0.18118,0.27927,0.6000,0.05200,0.00700,mean
mean_fusion_mpc,vision_bias,0,3,0,0.14450,0.34223,3.14167,0,1,0,0.00508,-0.00000,0.02928,0.20757,0.6000,0.05200,0.00700,mean
mean_fusion_mpc,vision_bias,0,4,0,0.13945,0.37993,4.98277,0,1,0,0.00391,-0.00000,0.08359,0.23261,0.6000,0.05200,0.00700,mean
mean_fusion_mpc,vision_bias,0,5,0,0.10053,0.44269,6.91599,0,1,0,0.01809,-0.00000,0.17111,0.27361,0.6000,0.05200,0.00700,mean
mean_fusion_mpc,vision_bias,0,6,1,0.02395,0.42292,4.49259,0,1,0,0.04114,-0.00000,0.22910,0.28926,0.6000,0.05200,0.00700,mean
mean_fusion_mpc,vision_bias,0,7,0,0.18513,0.42312,3.59078,0,1,0,0.00590,-0.00000,0.04972,0.28758,0.6000,0.05200,0.00700,mean
mean_fusion_mpc,vision_bias,0,8,1,0.01905,0.38678,5.61279,0,1,0,0.08018,-0.00000,0.19636,0.23213,0.6000,0.05200,0.00700,mean
mean_fusion_mpc,vision_bias,0,9,0,0.26509,0.31370,0.00000,0,0,0,0.01315,-0.00000,0.00000,0.23212,0.6000,0.05200,0.00700,mean
mean_fusion_mpc,vision_bias,0,10,0,0.10908,0.40636,4.03098,0,1,0,0.03663,-0.00000,0.14370,0.26068,0.6000,0.05200,0.00700,mean
mean_fusion_mpc,vision_bias,0,11,1,0.03165,0.34319,5.41696,0,1,0,0.01928,-0.00000,0.10933,0.17829,0.6000,0.05200,0.00700,mean
mean_fusion_mpc,vision_bias,1,0,0,0.15007,0.42905,6.78866,0,1,0,0.04675,-0.00000,0.12250,0.28540,0.6000,0.05200,0.00700,mean
mean_fusion_mpc,vision_bias,1,1,1,0.05557,0.32787,6.55722,0,1,0,0.00460,-0.00000,0.07444,0.16550,0.6000,0.05200,0.00700,mean
mean_fusion_mpc,vision_bias,1,2,0,0.09933,0.37365,3.74829,0,1,0,0.00654,-0.00000,0.10687,0.22214,0.6000,0.05200,0.00700,mean
mean_fusion_mpc,vision_bias,1,3,0,0.15331,0.33479,2.36265,0,1,0,0.01460,-0.00000,0.03140,0.20311,0.6000,0.05200,0.00700,mean
mean_fusion_mpc,vision_bias,1,4,0,0.11610,0.42293,4.34000,0,1,0,0.02038,-0.00000,0.13408,0.26190,0.6000,0.05200,0.00700,mean
mean_fusion_mpc,vision_bias,1,5,1,0.06820,0.38230,5.89145,0,1,0,0.01130,-0.00000,0.13503,0.21667,0.6000,0.05200,0.00700,mean
mean_fusion_mpc,vision_bias,1,6,0,0.13626,0.40672,4.95767,0,1,0,0.01048,-0.00000,0.09628,0.25342,0.6000,0.05200,0.00700,mean
mean_fusion_mpc,vision_bias,1,7,0,0.19251,0.37565,4.34297,0,1,0,0.02532,-0.00000,0.03114,0.24921,0.6000,0.05200,0.00700,mean
mean_fusion_mpc,vision_bias,1,8,1,0.04362,0.24182,3.38100,0,1,0,0.05729,-0.00000,0.04724,0.11484,0.6000,0.05200,0.00700,mean
mean_fusion_mpc,vision_bias,1,9,0,0.15275,0.41936,7.24602,0,1,0,0.04860,-0.00000,0.11174,0.26015,0.6000,0.05200,0.00700,mean
mean_fusion_mpc,vision_bias,1,10,0,0.18222,0.40898,4.01310,0,1,0,0.00949,-0.00000,0.03855,0.27653,0.6000,0.05200,0.00700,mean
mean_fusion_mpc,vision_bias,1,11,1,0.00715,0.45717,5.46721,0,1,0,0.06110,-0.00000,0.24899,0.29944,0.6000,0.05200,0.00700,mean
mean_fusion_mpc,vision_bias,2,0,1,0.00547,0.47491,7.70778,0,1,0,0.01111,-0.00000,0.21371,0.22344,0.6000,0.05200,0.00700,mean
mean_fusion_mpc,vision_bias,2,1,1,0.00751,0.43358,9.31379,0,1,0,0.01249,-0.00000,0.13922,0.16590,0.6000,0.05200,0.00700,mean
mean_fusion_mpc,vision_bias,2,2,1,0.00622,0.30434,4.73121,0,1,0,0.03831,-0.00000,0.09590,0.15325,0.6000,0.05200,0.00700,mean
mean_fusion_mpc,vision_bias,2,3,1,0.03881,0.31568,6.26965,0,1,0,0.00531,-0.00000,0.08596,0.16308,0.6000,0.05200,0.00700,mean
mean_fusion_mpc,vision_bias,2,4,1,0.06471,0.39238,5.57501,0,1,0,0.01949,-0.00000,0.16378,0.23805,0.6000,0.05200,0.00700,mean
mean_fusion_mpc,vision_bias,2,5,0,0.11021,0.41784,5.08482,0,1,0,0.03684,-0.00000,0.14589,0.26336,0.6000,0.05200,0.00700,mean
mean_fusion_mpc,vision_bias,2,6,0,0.15604,0.45670,5.81641,0,1,0,0.00454,-0.00000,0.11763,0.31455,0.6000,0.05200,0.00700,mean
mean_fusion_mpc,vision_bias,2,7,0,0.09765,0.35172,4.05910,0,1,0,0.00991,-0.00000,0.09520,0.19840,0.6000,0.05200,0.00700,mean
mean_fusion_mpc,vision_bias,2,8,1,0.01176,0.40876,6.73937,0,1,0,0.05852,-0.00000,0.18734,0.23202,0.6000,0.05200,0.00700,mean
mean_fusion_mpc,vision_bias,2,9,1,0.04231,0.41418,8.75276,0,1,0,0.05012,-0.00000,0.21597,0.26521,0.6000,0.05200,0.00700,mean
mean_fusion_mpc,vision_bias,2,10,1,0.00687,0.46167,5.38621,0,1,0,0.04055,-0.00000,0.25873,0.31469,0.6000,0.05200,0.00700,mean
mean_fusion_mpc,vision_bias,2,11,1,0.01044,0.29359,4.79990,0,1,0,0.03036,-0.00000,0.07696,0.13985,0.6000,0.05200,0.00700,mean
mean_fusion_mpc,vision_bias,3,0,1,0.05319,0.38620,5.64703,0,1,0,0.03811,-0.00000,0.16308,0.22610,0.6000,0.05200,0.00700,mean
mean_fusion_mpc,vision_bias,3,1,1,0.00774,0.47186,10.24150,0,1,0,0.07026,-0.00000,0.26884,0.30651,0.6000,0.05200,0.00700,mean
mean_fusion_mpc,vision_bias,3,2,0,0.09539,0.39091,3.33530,0,1,0,0.02206,-0.00000,0.14036,0.24540,0.6000,0.05200,0.00700,mean
mean_fusion_mpc,vision_bias,3,3,0,0.10977,0.44021,5.75651,0,1,0,0.00822,-0.00000,0.12986,0.29052,0.6000,0.05200,0.00700,mean
mean_fusion_mpc,vision_bias,3,4,0,0.16350,0.39500,4.59933,0,1,0,0.02152,-0.00000,0.06647,0.26055,0.6000,0.05200,0.00700,mean
mean_fusion_mpc,vision_bias,3,5,0,0.11059,0.34701,5.78602,0,1,0,0.01132,-0.00000,0.07842,0.18820,0.6000,0.05200,0.00700,mean
mean_fusion_mpc,vision_bias,3,6,1,0.00734,0.48217,8.85373,0,1,0,0.01937,-0.00000,0.17186,0.20758,0.6000,0.05200,0.00700,mean
mean_fusion_mpc,vision_bias,3,7,1,0.01737,0.47573,4.70237,0,1,0,0.04756,-0.00000,0.27077,0.32833,0.6000,0.05200,0.00700,mean
mean_fusion_mpc,vision_bias,3,8,0,0.24069,0.35653,2.02876,0,1,0,0.02401,-0.00000,0.01682,0.25118,0.6000,0.05200,0.00700,mean
mean_fusion_mpc,vision_bias,3,9,1,0.03974,0.44312,10.28504,0,1,0,0.00942,-0.00000,0.18211,0.25252,0.6000,0.05200,0.00700,mean
mean_fusion_mpc,vision_bias,3,10,1,0.07145,0.31465,5.53736,0,1,0,0.01520,-0.00000,0.07595,0.15718,0.6000,0.05200,0.00700,mean
mean_fusion_mpc,vision_bias,3,11,1,0.02802,0.33992,7.79760,0,1,0,0.00910,-0.00000,0.11291,0.18725,0.6000,0.05200,0.00700,mean
mean_fusion_mpc,vision_bias,4,0,0,0.16241,0.42650,4.76732,0,1,0,0.02458,-0.00000,0.09213,0.27022,0.6000,0.05200,0.00700,mean
mean_fusion_mpc,vision_bias,4,1,1,0.00817,0.38787,5.13782,0,1,0,0.04228,-0.00000,0.16325,0.22924,0.6000,0.05200,0.00700,mean
mean_fusion_mpc,vision_bias,4,2,1,0.02355,0.38523,6.11530,0,1,0,0.01960,-0.00000,0.14993,0.21553,0.6000,0.05200,0.00700,mean
mean_fusion_mpc,vision_bias,4,3,0,0.14564,0.35203,2.45423,0,1,0,0.01082,-0.00000,0.03400,0.22013,0.6000,0.05200,0.00700,mean
mean_fusion_mpc,vision_bias,4,4,0,0.18498,0.46967,6.61832,0,1,0,0.05133,-0.00000,0.11452,0.31683,0.6000,0.05200,0.00700,mean
mean_fusion_mpc,vision_bias,4,5,0,0.16483,0.39982,7.37374,0,1,0,0.05356,-0.00000,0.09514,0.25537,0.6000,0.05200,0.00700,mean
mean_fusion_mpc,vision_bias,4,6,1,0.01576,0.42920,8.24664,0,1,0,0.07011,-0.00000,0.22764,0.26444,0.6000,0.05200,0.00700,mean
mean_fusion_mpc,vision_bias,4,7,0,0.15494,0.44662,5.89704,0,1,0,0.01790,-0.00000,0.11483,0.28974,0.6000,0.05200,0.00700,mean
mean_fusion_mpc,vision_bias,4,8,0,0.10448,0.35029,3.08832,0,1,0,0.00654,-0.00000,0.09110,0.20006,0.6000,0.05200,0.00700,mean
mean_fusion_mpc,vision_bias,4,9,0,0.16745,0.41048,6.31943,0,1,0,0.03248,-0.00000,0.08344,0.25980,0.6000,0.05200,0.00700,mean
mean_fusion_mpc,vision_bias,4,10,0,0.21633,0.28910,1.78220,0,1,0,0.05297,-0.00000,0.00089,0.19559,0.6000,0.05200,0.00700,mean
mean_fusion_mpc,vision_bias,4,11,1,0.02099,0.44285,7.14509,0,1,0,0.06702,-0.00000,0.26408,0.30437,0.6000,0.05200,0.00700,mean
mean_fusion_mpc,tactile_noise,0,0,1,0.01025,0.42573,7.55958,0,1,0,0.04222,-0.00000,0.16565,0.25608,0.6200,0.00000,0.04000,mean
mean_fusion_mpc,tactile_noise,0,1,1,0.00801,0.42736,7.88171,0,1,0,0.02442,-0.00000,0.16105,0.25091,0.6200,0.00000,0.04000,mean
mean_fusion_mpc,tactile_noise,0,2,1,0.02115,0.49663,7.90182,0,1,0,0.05350,-0.00000,0.21674,0.32204,0.6200,0.00000,0.04000,mean
mean_fusion_mpc,tactile_noise,0,3,1,0.02288,0.38504,8.63544,0,1,0,0.03022,-0.00000,0.12397,0.21284,0.6200,0.00000,0.04000,mean
mean_fusion_mpc,tactile_noise,0,4,1,0.00500,0.43486,12.26840,0,1,0,0.08865,-0.00000,0.19812,0.22999,0.6200,0.00000,0.04000,mean
mean_fusion_mpc,tactile_noise,0,5,1,0.00858,0.42377,9.11853,0,1,0,0.09418,-0.00000,0.18296,0.22187,0.6200,0.00000,0.04000,mean
mean_fusion_mpc,tactile_noise,0,6,1,0.00687,0.45603,4.34952,0,1,0,0.02249,-0.00000,0.20012,0.28901,0.6200,0.00000,0.04000,mean
mean_fusion_mpc,tactile_noise,0,7,1,0.01988,0.36030,4.46102,0,1,0,0.02335,-0.00000,0.10698,0.19331,0.6200,0.00000,0.04000,mean
mean_fusion_mpc,tactile_noise,0,8,1,0.01849,0.44698,7.05330,0,1,0,0.04811,-0.00000,0.21467,0.27747,0.6200,0.00000,0.04000,mean
mean_fusion_mpc,tactile_noise,0,9,1,0.00352,0.34790,3.96120,0,1,0,0.02921,-0.00000,0.12134,0.18805,0.6200,0.00000,0.04000,mean
mean_fusion_mpc,tactile_noise,0,10,1,0.02116,0.38901,10.64639,0,1,0,0.04704,-0.00000,0.13960,0.20998,0.6200,0.00000,0.04000,mean
mean_fusion_mpc,tactile_noise,0,11,1,0.01674,0.39352,8.95661,0,1,0,0.06819,-0.00000,0.13407,0.20050,0.6200,0.00000,0.04000,mean
mean_fusion_mpc,tactile_noise,1,0,1,0.00315,0.45551,6.54202,0,1,0,0.11304,-0.00000,0.15489,0.28771,0.6200,0.00000,0.04000,mean
mean_fusion_mpc,tactile_noise,1,1,1,0.02366,0.38432,8.23906,0,1,0,0.07678,-0.00000,0.13936,0.19851,0.6200,0.00000,0.04000,mean
mean_fusion_mpc,tactile_noise,1,2,1,0.02714,0.41342,7.23837,0,1,0,0.07009,-0.00000,0.17019,0.24785,0.6200,0.00000,0.04000,mean
mean_fusion_mpc,tactile_noise,1,3,1,0.01484,0.34992,5.41779,0,1,0,0.01645,-0.00000,0.11364,0.18957,0.6200,0.00000,0.04000,mean
mean_fusion_mpc,tactile_noise,1,4,1,0.02161,0.38313,6.74508,0,1,0,0.02555,-0.00000,0.11380,0.20497,0.6200,0.00000,0.04000,mean
mean_fusion_mpc,tactile_noise,1,5,1,0.01524,0.36236,6.33229,0,1,0,0.04985,-0.00000,0.11824,0.19494,0.6200,0.00000,0.04000,mean
mean_fusion_mpc,tactile_noise,1,6,0,0.10008,0.43543,5.85882,0,1,0,0.13804,-0.00000,0.14786,0.26467,0.6200,0.00000,0.04000,mean
mean_fusion_mpc,tactile_noise,1,7,1,0.00181,0.42792,7.21436,0,1,0,0.02902,-0.00000,0.18376,0.25120,0.6200,0.00000,0.04000,mean
mean_fusion_mpc,tactile_noise,1,8,1,0.00886,0.43361,6.53693,0,1,0,0.02370,-0.00000,0.19656,0.27837,0.6200,0.00000,0.04000,mean
mean_fusion_mpc,tactile_noise,1,9,1,0.00848,0.35932,4.96030,0,1,0,0.01748,-0.00000,0.11219,0.19823,0.6200,0.00000,0.04000,mean
mean_fusion_mpc,tactile_noise,1,10,1,0.02233,0.35791,7.29043,0,1,0,0.05736,-0.00000,0.10676,0.19407,0.6200,0.00000,0.04000,mean
mean_fusion_mpc,tactile_noise,1,11,1,0.00744,0.41227,7.06490,0,1,0,0.01888,-0.00000,0.16039,0.24197,0.6200,0.00000,0.04000,mean
mean_fusion_mpc,tactile_noise,2,0,1,0.02002,0.42407,8.94280,0,1,0,0.01824,-0.00000,0.16616,0.24333,0.6200,0.00000,0.04000,mean
mean_fusion_mpc,tactile_noise,2,1,1,0.02585,0.34030,4.16434,0,1,0,0.04069,-0.00000,0.09740,0.17811,0.6200,0.00000,0.04000,mean
mean_fusion_mpc,tactile_noise,2,2,1,0.01971,0.44424,9.66412,0,1,0,0.01967,-0.00000,0.17679,0.26177,0.6200,0.00000,0.04000,mean
mean_fusion_mpc,tactile_noise,2,3,1,0.02290,0.49303,8.95150,0,1,0,0.07802,-0.00000,0.21826,0.31095,0.6200,0.00000,0.04000,mean
mean_fusion_mpc,tactile_noise,2,4,1,0.01189,0.37434,10.70492,0,1,0,0.08209,-0.00000,0.13455,0.18216,0.6200,0.00000,0.04000,mean
mean_fusion_mpc,tactile_noise,2,5,1,0.02467,0.46847,7.98923,0,1,0,0.02196,-0.00000,0.19030,0.28385,0.6200,0.00000,0.04000,mean
mean_fusion_mpc,tactile_noise,2,6,1,0.00515,0.42153,6.86631,0,1,0,0.03721,-0.00000,0.15850,0.23666,0.6200,0.00000,0.04000,mean
mean_fusion_mpc,tactile_noise,2,7,1,0.01432,0.40262,8.47464,0,1,0,0.09077,-0.00000,0.11893,0.23229,0.6200,0.00000,0.04000,mean
mean_fusion_mpc,tactile_noise,2,8,1,0.01719,0.39156,9.88234,0,1,0,0.06791,-0.00000,0.15346,0.22811,0.6200,0.00000,0.04000,mean
mean_fusion_mpc,tactile_noise,2,9,1,0.01376,0.43087,7.43888,0,1,0,0.06685,-0.00000,0.19589,0.27388,0.6200,0.00000,0.04000,mean
mean_fusion_mpc,tactile_noise,2,10,1,0.00987,0.36092,7.44044,0,1,0,0.01660,-0.00000,0.10487,0.19158,0.6200,0.00000,0.04000,mean
mean_fusion_mpc,tactile_noise,2,11,1,0.00771,0.38933,5.89059,0,1,0,0.04486,-0.00000,0.15439,0.21414,0.6200,0.00000,0.04000,mean
mean_fusion_mpc,tactile_noise,3,0,1,0.02008,0.47351,11.70435,0,1,0,0.06724,-0.00000,0.20641,0.25842,0.6200,0.00000,0.04000,mean
mean_fusion_mpc,tactile_noise,3,1,1,0.02589,0.39191,7.98678,0,1,0,0.10173,-0.00000,0.16335,0.21868,0.6200,0.00000,0.04000,mean
mean_fusion_mpc,tactile_noise,3,2,1,0.01882,0.39621,8.08062,0,1,0,0.08722,-0.00000,0.13759,0.21875,0.6200,0.00000,0.04000,mean
mean_fusion_mpc,tactile_noise,3,3,1,0.01303,0.40901,4.78502,0,1,0,0.05722,-0.00000,0.15176,0.25378,0.6200,0.00000,0.04000,mean
mean_fusion_mpc,tactile_noise,3,4,1,0.01349,0.42250,7.55466,0,1,0,0.04548,-0.00000,0.15538,0.25574,0.6200,0.00000,0.04000,mean
mean_fusion_mpc,tactile_noise,3,5,1,0.00417,0.43362,6.98109,0,1,0,0.07526,-0.00000,0.15036,0.26221,0.6200,0.00000,0.04000,mean
mean_fusion_mpc,tactile_noise,3,6,1,0.01354,0.43415,8.54700,0,1,0,0.05315,-0.00000,0.17818,0.25957,0.6200,0.00000,0.04000,mean
mean_fusion_mpc,tactile_noise,3,7,1,0.01468,0.42347,7.88985,0,1,0,0.07718,-0.00000,0.15655,0.25202,0.6200,0.00000,0.04000,mean
mean_fusion_mpc,tactile_noise,3,8,1,0.02777,0.41447,7.34670,0,1,0,0.05464,-0.00000,0.16454,0.23172,0.6200,0.00000,0.04000,mean
mean_fusion_mpc,tactile_noise,3,9,1,0.01499,0.44590,5.88252,0,1,0,0.04685,-0.00000,0.17954,0.27769,0.6200,0.00000,0.04000,mean
mean_fusion_mpc,tactile_noise,3,10,1,0.00975,0.40169,6.74008,0,1,0,0.00255,-0.00000,0.15792,0.23142,0.6200,0.00000,0.04000,mean
mean_fusion_mpc,tactile_noise,3,11,1,0.00679,0.38871,6.73036,0,1,0,0.04959,-0.00000,0.15005,0.21170,0.6200,0.00000,0.04000,mean
mean_fusion_mpc,tactile_noise,4,0,1,0.00540,0.41485,7.30452,0,1,0,0.02631,-0.00000,0.15832,0.24923,0.6200,0.00000,0.04000,mean
mean_fusion_mpc,tactile_noise,4,1,1,0.00763,0.35832,7.00445,0,1,0,0.02721,-0.00000,0.12852,0.19707,0.6200,0.00000,0.04000,mean
mean_fusion_mpc,tactile_noise,4,2,1,0.00211,0.38283,7.96531,0,1,0,0.04495,-0.00000,0.13107,0.21988,0.6200,0.00000,0.04000,mean
mean_fusion_mpc,tactile_noise,4,3,1,0.00540,0.45139,7.97027,0,1,0,0.03804,-0.00000,0.18944,0.25637,0.6200,0.00000,0.04000,mean
mean_fusion_mpc,tactile_noise,4,4,1,0.01112,0.42125,6.14252,0,1,0,0.01906,-0.00000,0.15542,0.23548,0.6200,0.00000,0.04000,mean
mean_fusion_mpc,tactile_noise,4,5,1,0.02226,0.39349,4.67308,0,1,0,0.03353,-0.00000,0.14113,0.21349,0.6200,0.00000,0.04000,mean
mean_fusion_mpc,tactile_noise,4,6,1,0.01109,0.43363,5.96625,0,1,0,0.07236,-0.00000,0.17797,0.23983,0.6200,0.00000,0.04000,mean
mean_fusion_mpc,tactile_noise,4,7,1,0.01356,0.38696,5.21084,0,1,0,0.05456,-0.00000,0.15448,0.21371,0.6200,0.00000,0.04000,mean
mean_fusion_mpc,tactile_noise,4,8,1,0.00962,0.36544,8.85179,0,1,0,0.07561,-0.00000,0.11241,0.15844,0.6200,0.00000,0.04000,mean
mean_fusion_mpc,tactile_noise,4,9,1,0.01031,0.39729,4.62737,0,1,0,0.03462,-0.00000,0.13846,0.23358,0.6200,0.00000,0.04000,mean
mean_fusion_mpc,tactile_noise,4,10,1,0.00481,0.41456,8.22388,0,1,0,0.06682,-0.00000,0.16711,0.24122,0.6200,0.00000,0.04000,mean
mean_fusion_mpc,tactile_noise,4,11,1,0.00348,0.47375,9.85863,0,1,0,0.05473,-0.00000,0.20004,0.28896,0.6200,0.00000,0.04000,mean
mean_fusion_mpc,sticky_contact,0,0,1,0.03753,0.75546,10.97085,0,1,0,0.00449,-0.00000,0.17303,0.23775,1.5500,0.01000,0.01000,mean
mean_fusion_mpc,sticky_contact,0,1,1,0.02898,0.68726,9.27656,0,1,0,0.02518,-0.00000,0.13555,0.21400,1.5500,0.01000,0.01000,mean
mean_fusion_mpc,sticky_contact,0,2,1,0.03641,0.69199,11.64587,0,1,0,0.00472,-0.00000,0.16250,0.22595,1.5500,0.01000,0.01000,mean
mean_fusion_mpc,sticky_contact,0,3,1,0.03361,0.64542,10.82020,0,1,0,0.02818,-0.00000,0.14278,0.19318,1.5500,0.01000,0.01000,mean
mean_fusion_mpc,sticky_contact,0,4,1,0.03633,0.69801,11.48998,0,1,0,0.00878,-0.00000,0.17896,0.24701,1.5500,0.01000,0.01000,mean
mean_fusion_mpc,sticky_contact,0,5,1,0.04321,0.64650,11.04909,0,1,0,0.01179,-0.00000,0.12313,0.18724,1.5500,0.01000,0.01000,mean
mean_fusion_mpc,sticky_contact,0,6,1,0.04733,0.66855,10.67153,0,1,0,0.01789,-0.00000,0.14191,0.20868,1.5500,0.01000,0.01000,mean
mean_fusion_mpc,sticky_contact,0,7,1,0.03419,0.63163,8.44505,0,1,0,0.00730,-0.00000,0.14954,0.22100,1.5500,0.01000,0.01000,mean
mean_fusion_mpc,sticky_contact,0,8,1,0.03974,0.70664,11.38367,0,1,0,0.00922,-0.00000,0.16272,0.23717,1.5500,0.01000,0.01000,mean
mean_fusion_mpc,sticky_contact,0,9,1,0.02061,0.59296,7.84244,0,1,0,0.02005,-0.00000,0.10917,0.17419,1.5500,0.01000,0.01000,mean
mean_fusion_mpc,sticky_contact,0,10,1,0.03652,0.72457,12.34862,0,1,0,0.02791,-0.00000,0.21614,0.26977,1.5500,0.01000,0.01000,mean
mean_fusion_mpc,sticky_contact,0,11,1,0.04429,0.73646,11.87091,0,1,0,0.02702,-0.00000,0.19073,0.25086,1.5500,0.01000,0.01000,mean
mean_fusion_mpc,sticky_contact,1,0,1,0.03530,0.67112,11.03002,0,1,0,0.01753,-0.00000,0.14135,0.19820,1.5500,0.01000,0.01000,mean
mean_fusion_mpc,sticky_contact,1,1,1,0.03776,0.66611,10.90260,0,1,0,0.02729,-0.00000,0.17036,0.22285,1.5500,0.01000,0.01000,mean
mean_fusion_mpc,sticky_contact,1,2,1,0.03362,0.66359,10.80302,0,1,0,0.00702,-0.00000,0.12098,0.18879,1.5500,0.01000,0.01000,mean
mean_fusion_mpc,sticky_contact,1,3,1,0.03445,0.65390,10.43738,0,1,0,0.00712,-0.00000,0.14463,0.20763,1.5500,0.01000,0.01000,mean
mean_fusion_mpc,sticky_contact,1,4,1,0.02939,0.63259,8.89494,0,1,0,0.01704,-0.00000,0.11495,0.17538,1.5500,0.01000,0.01000,mean
mean_fusion_mpc,sticky_contact,1,5,1,0.04007,0.63138,9.18631,0,1,0,0.01556,-0.00000,0.09096,0.15640,1.5500,0.01000,0.01000,mean
mean_fusion_mpc,sticky_contact,1,6,1,0.03146,0.66601,10.30950,0,1,0,0.01804,-0.00000,0.12052,0.18885,1.5500,0.01000,0.01000,mean
mean_fusion_mpc,sticky_contact,1,7,1,0.04799,0.67332,10.83936,0,1,0,0.03089,-0.00000,0.18547,0.25674,1.5500,0.01000,0.01000,mean
mean_fusion_mpc,sticky_contact,1,8,1,0.03598,0.71219,10.76255,0,1,0,0.02484,-0.00000,0.14405,0.19492,1.5500,0.01000,0.01000,mean
mean_fusion_mpc,sticky_contact,1,9,1,0.03151,0.64999,9.81227,0,1,0,0.01119,-0.00000,0.12690,0.18801,1.5500,0.01000,0.01000,mean
mean_fusion_mpc,sticky_contact,1,10,1,0.03677,0.67019,10.31337,0,1,0,0.00022,-0.00000,0.12279,0.18729,1.5500,0.01000,0.01000,mean
mean_fusion_mpc,sticky_contact,1,11,1,0.03778,0.71118,10.25155,0,1,0,0.01690,-0.00000,0.18223,0.24097,1.5500,0.01000,0.01000,mean
mean_fusion_mpc,sticky_contact,2,0,1,0.03691,0.71397,12.02190,0,1,0,0.00802,-0.00000,0.15897,0.22394,1.5500,0.01000,0.01000,mean
mean_fusion_mpc,sticky_contact,2,1,1,0.04323,0.75234,11.12658,0,1,0,0.01830,-0.00000,0.17881,0.25233,1.5500,0.01000,0.01000,mean
mean_fusion_mpc,sticky_contact,2,2,1,0.03199,0.58067,9.34857,0,1,0,0.02516,-0.00000,0.13113,0.18927,1.5500,0.01000,0.01000,mean
mean_fusion_mpc,sticky_contact,2,3,1,0.03543,0.64988,9.76445,0,1,0,0.02017,-0.00000,0.10732,0.17932,1.5500,0.01000,0.01000,mean
mean_fusion_mpc,sticky_contact,2,4,1,0.03421,0.62198,9.77329,0,1,0,0.03288,-0.00000,0.14040,0.19133,1.5500,0.01000,0.01000,mean
mean_fusion_mpc,sticky_contact,2,5,1,0.03723,0.68429,8.95004,0,1,0,0.00220,-0.00000,0.15910,0.22930,1.5500,0.01000,0.01000,mean
mean_fusion_mpc,sticky_contact,2,6,1,0.03121,0.63990,10.20367,0,1,0,0.01786,-0.00000,0.13185,0.19139,1.5500,0.01000,0.01000,mean
mean_fusion_mpc,sticky_contact,2,7,1,0.03457,0.64652,10.23291,0,1,0,0.01820,-0.00000,0.12777,0.19994,1.5500,0.01000,0.01000,mean
mean_fusion_mpc,sticky_contact,2,8,1,0.02311,0.58359,9.41287,0,1,0,0.01479,-0.00000,0.13109,0.19851,1.5500,0.01000,0.01000,mean
mean_fusion_mpc,sticky_contact,2,9,1,0.03966,0.73400,11.83835,0,1,0,0.01319,-0.00000,0.20707,0.26524,1.5500,0.01000,0.01000,mean
mean_fusion_mpc,sticky_contact,2,10,1,0.03170,0.57546,10.13750,0,1,0,0.01361,-0.00000,0.11758,0.19250,1.5500,0.01000,0.01000,mean
mean_fusion_mpc,sticky_contact,2,11,1,0.04101,0.66701,10.96165,0,1,0,0.02923,-0.00000,0.14707,0.20045,1.5500,0.01000,0.01000,mean
mean_fusion_mpc,sticky_contact,3,0,1,0.03306,0.63328,10.14553,0,1,0,0.02685,-0.00000,0.16081,0.21594,1.5500,0.01000,0.01000,mean
mean_fusion_mpc,sticky_contact,3,1,1,0.04014,0.66606,10.42204,0,1,0,0.00721,-0.00000,0.14136,0.20528,1.5500,0.01000,0.01000,mean
mean_fusion_mpc,sticky_contact,3,2,1,0.03954,0.75447,11.24595,0,1,0,0.01638,-0.00000,0.17499,0.24845,1.5500,0.01000,0.01000,mean
mean_fusion_mpc,sticky_contact,3,3,1,0.03319,0.73265,10.65457,0,1,0,0.00886,-0.00000,0.16380,0.23020,1.5500,0.01000,0.01000,mean
mean_fusion_mpc,sticky_contact,3,4,1,0.03463,0.73765,11.32171,0,1,0,0.00654,-0.00000,0.15554,0.22548,1.5500,0.01000,0.01000,mean
mean_fusion_mpc,sticky_contact,3,5,1,0.02858,0.61616,9.13760,0,1,0,0.01717,-0.00000,0.10834,0.18535,1.5500,0.01000,0.01000,mean
mean_fusion_mpc,sticky_contact,3,6,1,0.03364,0.72906,10.39727,0,1,0,0.00518,-0.00000,0.16126,0.22814,1.5500,0.01000,0.01000,mean
mean_fusion_mpc,sticky_contact,3,7,1,0.04284,0.66660,9.51893,0,1,0,0.01001,-0.00000,0.14278,0.21758,1.5500,0.01000,0.01000,mean
mean_fusion_mpc,sticky_contact,3,8,1,0.03313,0.63206,10.28742,0,1,0,0.00970,-0.00000,0.15185,0.21559,1.5500,0.01000,0.01000,mean
mean_fusion_mpc,sticky_contact,3,9,1,0.03855,0.69508,10.64072,0,1,0,0.02733,-0.00000,0.18024,0.23846,1.5500,0.01000,0.01000,mean
mean_fusion_mpc,sticky_contact,3,10,1,0.02863,0.71968,10.29847,0,1,0,0.00917,-0.00000,0.19527,0.26329,1.5500,0.01000,0.01000,mean
mean_fusion_mpc,sticky_contact,3,11,1,0.03735,0.71706,10.51681,0,1,0,0.01644,-0.00000,0.14148,0.21498,1.5500,0.01000,0.01000,mean
mean_fusion_mpc,sticky_contact,4,0,1,0.03400,0.60126,9.54228,0,1,0,0.01692,-0.00000,0.10043,0.16912,1.5500,0.01000,0.01000,mean
mean_fusion_mpc,sticky_contact,4,1,1,0.03519,0.67274,10.94537,0,1,0,0.02409,-0.00000,0.18387,0.23689,1.5500,0.01000,0.01000,mean
mean_fusion_mpc,sticky_contact,4,2,1,0.03359,0.65310,10.54381,0,1,0,0.02002,-0.00000,0.14813,0.21741,1.5500,0.01000,0.01000,mean
mean_fusion_mpc,sticky_contact,4,3,1,0.03483,0.66638,10.49089,0,1,0,0.01462,-0.00000,0.15348,0.21383,1.5500,0.01000,0.01000,mean
mean_fusion_mpc,sticky_contact,4,4,1,0.04135,0.78539,11.20616,0,1,0,0.00648,-0.00000,0.18096,0.24917,1.5500,0.01000,0.01000,mean
mean_fusion_mpc,sticky_contact,4,5,1,0.03307,0.65059,9.33866,0,1,0,0.00971,-0.00000,0.13400,0.19613,1.5500,0.01000,0.01000,mean
mean_fusion_mpc,sticky_contact,4,6,1,0.01929,0.56113,7.33612,0,1,0,0.01475,-0.00000,0.10396,0.17794,1.5500,0.01000,0.01000,mean
mean_fusion_mpc,sticky_contact,4,7,1,0.04536,0.66912,9.96660,0,1,0,0.01842,-0.00000,0.16253,0.22655,1.5500,0.01000,0.01000,mean
mean_fusion_mpc,sticky_contact,4,8,1,0.03697,0.72915,10.29053,0,1,0,0.00784,-0.00000,0.17546,0.23889,1.5500,0.01000,0.01000,mean
mean_fusion_mpc,sticky_contact,4,9,1,0.03007,0.58968,8.76752,0,1,0,0.02962,-0.00000,0.11229,0.18980,1.5500,0.01000,0.01000,mean
mean_fusion_mpc,sticky_contact,4,10,1,0.03792,0.75845,11.12841,0,1,0,0.01907,-0.00000,0.17934,0.24081,1.5500,0.01000,0.01000,mean
mean_fusion_mpc,sticky_contact,4,11,1,0.04047,0.70115,10.52846,0,1,0,0.00609,-0.00000,0.17047,0.23764,1.5500,0.01000,0.01000,mean
mean_fusion_mpc,combined_shift,0,0,1,0.03341,0.55928,10.92169,0,1,0,0.05675,-0.00000,0.16140,0.15909,1.3500,0.04500,0.03000,mean
mean_fusion_mpc,combined_shift,0,1,1,0.02300,0.51647,8.85192,0,1,0,0.04301,-0.00000,0.12990,0.21867,1.3500,0.04500,0.03000,mean
mean_fusion_mpc,combined_shift,0,2,1,0.04102,0.55960,7.25192,0,1,0,0.11161,-0.00000,0.23401,0.25477,1.3500,0.04500,0.03000,mean
mean_fusion_mpc,combined_shift,0,3,1,0.02710,0.51704,7.19694,0,1,0,0.03563,-0.00000,0.19789,0.25502,1.3500,0.04500,0.03000,mean
mean_fusion_mpc,combined_shift,0,4,1,0.04062,0.50881,8.77569,0,1,0,0.06359,-0.00000,0.15501,0.20587,1.3500,0.04500,0.03000,mean
mean_fusion_mpc,combined_shift,0,5,1,0.02638,0.48527,8.15946,0,1,0,0.08826,-0.00000,0.16711,0.19558,1.3500,0.04500,0.03000,mean
mean_fusion_mpc,combined_shift,0,6,0,0.12815,0.44538,5.04488,0,1,0,0.02983,-0.00000,0.07747,0.18679,1.3500,0.04500,0.03000,mean
mean_fusion_mpc,combined_shift,0,7,1,0.03099,0.55115,8.59580,0,1,0,0.06425,-0.00000,0.15870,0.22871,1.3500,0.04500,0.03000,mean
mean_fusion_mpc,combined_shift,0,8,1,0.02993,0.52568,9.32640,0,1,0,0.07903,-0.00000,0.19823,0.24075,1.3500,0.04500,0.03000,mean
mean_fusion_mpc,combined_shift,0,9,1,0.01827,0.50624,9.68247,0,1,0,0.02259,-0.00000,0.15091,0.21507,1.3500,0.04500,0.03000,mean
mean_fusion_mpc,combined_shift,0,10,0,0.08980,0.48714,8.99728,0,1,0,0.01117,-0.00000,0.11507,0.20740,1.3500,0.04500,0.03000,mean
mean_fusion_mpc,combined_shift,0,11,0,0.19165,0.45869,8.26895,0,1,0,0.02403,-0.00000,0.03305,0.26756,1.3500,0.04500,0.03000,mean
mean_fusion_mpc,combined_shift,1,0,0,0.14729,0.56800,16.95479,0,1,0,0.03621,-0.00000,0.15183,0.24464,1.3500,0.04500,0.03000,mean
mean_fusion_mpc,combined_shift,1,1,0,0.12680,0.50052,6.02918,0,1,0,0.03996,-0.00000,0.19513,0.29805,1.3500,0.04500,0.03000,mean
mean_fusion_mpc,combined_shift,1,2,0,0.07951,0.49870,9.14842,0,1,0,0.03681,-0.00000,0.13507,0.24516,1.3500,0.04500,0.03000,mean
mean_fusion_mpc,combined_shift,1,3,1,0.02761,0.51462,7.86105,0,1,0,0.04065,-0.00000,0.13840,0.19835,1.3500,0.04500,0.03000,mean
mean_fusion_mpc,combined_shift,1,4,1,0.04722,0.45556,7.99950,0,1,0,0.01963,-0.00000,0.13307,0.20605,1.3500,0.04500,0.03000,mean
mean_fusion_mpc,combined_shift,1,5,1,0.02490,0.48998,8.22804,0,1,0,0.05395,-0.00000,0.11890,0.19504,1.3500,0.04500,0.03000,mean
mean_fusion_mpc,combined_shift,1,6,1,0.02735,0.63622,46.87846,0,1,0,0.01013,-0.00000,0.20497,0.18061,1.3500,0.04500,0.03000,mean
mean_fusion_mpc,combined_shift,1,7,0,0.14991,0.45866,10.37573,0,1,0,0.02033,-0.00000,0.08392,0.23123,1.3500,0.04500,0.03000,mean
mean_fusion_mpc,combined_shift,1,8,1,0.04026,0.49898,8.25735,0,1,0,0.04741,-0.00000,0.16188,0.20958,1.3500,0.04500,0.03000,mean
mean_fusion_mpc,combined_shift,1,9,1,0.03730,0.47085,8.42031,0,1,0,0.00637,-0.00000,0.14753,0.21414,1.3500,0.04500,0.03000,mean
mean_fusion_mpc,combined_shift,1,10,0,0.20372,0.43624,11.73297,0,1,0,0.05955,-0.00000,0.00000,0.19910,1.3500,0.04500,0.03000,mean
mean_fusion_mpc,combined_shift,1,11,0,0.08262,0.51490,10.74962,0,1,0,0.04667,-0.00000,0.14702,0.25719,1.3500,0.04500,0.03000,mean
mean_fusion_mpc,combined_shift,2,0,0,0.15000,0.33802,3.61021,0,1,0,0.05050,-0.00000,0.01877,0.16235,1.3500,0.04500,0.03000,mean
mean_fusion_mpc,combined_shift,2,1,0,0.13090,0.37358,5.65608,0,1,0,0.02862,-0.00000,0.02846,0.17550,1.3500,0.04500,0.03000,mean
mean_fusion_mpc,combined_shift,2,2,0,0.09080,0.51167,8.95497,0,1,0,0.01732,-0.00000,0.12487,0.21571,1.3500,0.04500,0.03000,mean
mean_fusion_mpc,combined_shift,2,3,1,0.06479,0.46572,7.81285,0,1,0,0.01743,-0.00000,0.09976,0.18315,1.3500,0.04500,0.03000,mean
mean_fusion_mpc,combined_shift,2,4,1,0.07394,0.56254,56.60514,0,1,0,0.04549,-0.00000,0.08012,0.19721,1.3500,0.04500,0.03000,mean
mean_fusion_mpc,combined_shift,2,5,1,0.06031,0.46113,7.68088,0,1,0,0.02272,-0.00000,0.13910,0.20508,1.3500,0.04500,0.03000,mean
mean_fusion_mpc,combined_shift,2,6,1,0.02743,0.53094,9.06925,0,1,0,0.02986,-0.00000,0.18872,0.24707,1.3500,0.04500,0.03000,mean
mean_fusion_mpc,combined_shift,2,7,1,0.03861,0.47459,9.71942,0,1,0,0.06457,-0.00000,0.16708,0.21142,1.3500,0.04500,0.03000,mean
mean_fusion_mpc,combined_shift,2,8,1,0.05491,0.48501,8.21462,0,1,0,0.01946,-0.00000,0.14128,0.21057,1.3500,0.04500,0.03000,mean
mean_fusion_mpc,combined_shift,2,9,0,0.10345,0.50755,7.96553,0,1,0,0.06879,-0.00000,0.15308,0.26381,1.3500,0.04500,0.03000,mean
mean_fusion_mpc,combined_shift,2,10,1,0.03965,0.56920,9.34920,0,1,0,0.03069,-0.00000,0.17642,0.24115,1.3500,0.04500,0.03000,mean
mean_fusion_mpc,combined_shift,2,11,0,0.11528,0.57512,12.22061,0,1,0,0.02937,-0.00000,0.17802,0.28255,1.3500,0.04500,0.03000,mean
mean_fusion_mpc,combined_shift,3,0,1,0.03099,0.43565,8.67495,0,1,0,0.07065,-0.00000,0.14754,0.19589,1.3500,0.04500,0.03000,mean
mean_fusion_mpc,combined_shift,3,1,0,0.10025,0.46148,7.82561,0,1,0,0.05362,-0.00000,0.07950,0.19791,1.3500,0.04500,0.03000,mean
mean_fusion_mpc,combined_shift,3,2,0,0.10117,0.43633,5.10615,0,1,0,0.01401,-0.00000,0.09843,0.20646,1.3500,0.04500,0.03000,mean
mean_fusion_mpc,combined_shift,3,3,1,0.02744,0.49362,7.40231,0,1,0,0.02592,-0.00000,0.12500,0.19919,1.3500,0.04500,0.03000,mean
mean_fusion_mpc,combined_shift,3,4,1,0.02465,0.50923,6.01995,0,1,0,0.01938,-0.00000,0.13651,0.19931,1.3500,0.04500,0.03000,mean
mean_fusion_mpc,combined_shift,3,5,1,0.04754,0.55615,10.57160,0,1,0,0.03053,-0.00000,0.23677,0.29634,1.3500,0.04500,0.03000,mean
mean_fusion_mpc,combined_shift,3,6,1,0.02224,0.49918,7.32249,0,1,0,0.07544,-0.00000,0.18180,0.22723,1.3500,0.04500,0.03000,mean
mean_fusion_mpc,combined_shift,3,7,1,0.03111,0.51412,7.88432,0,1,0,0.01964,-0.00000,0.13694,0.21127,1.3500,0.04500,0.03000,mean
mean_fusion_mpc,combined_shift,3,8,1,0.02099,0.55709,9.11452,0,1,0,0.01351,-0.00000,0.11584,0.12357,1.3500,0.04500,0.03000,mean
mean_fusion_mpc,combined_shift,3,9,1,0.02923,0.49352,8.31869,0,1,0,0.02573,-0.00000,0.17503,0.24747,1.3500,0.04500,0.03000,mean
mean_fusion_mpc,combined_shift,3,10,1,0.03874,0.61118,8.50137,0,1,0,0.01465,-0.00000,0.21669,0.28325,1.3500,0.04500,0.03000,mean
mean_fusion_mpc,combined_shift,3,11,0,0.14464,0.49349,10.71161,0,1,0,0.02297,-0.00000,0.11545,0.25793,1.3500,0.04500,0.03000,mean
mean_fusion_mpc,combined_shift,4,0,1,0.02535,0.43271,5.76927,0,1,0,0.03330,-0.00000,0.08870,0.14366,1.3500,0.04500,0.03000,mean
mean_fusion_mpc,combined_shift,4,1,1,0.03542,0.51632,9.93690,0,1,0,0.06377,-0.00000,0.15273,0.20212,1.3500,0.04500,0.03000,mean
mean_fusion_mpc,combined_shift,4,2,1,0.02772,0.48762,9.13736,0,1,0,0.05527,-0.00000,0.15828,0.21036,1.3500,0.04500,0.03000,mean
mean_fusion_mpc,combined_shift,4,3,0,0.12261,0.51720,8.73276,0,1,0,0.06027,-0.00000,0.16391,0.25625,1.3500,0.04500,0.03000,mean
mean_fusion_mpc,combined_shift,4,4,1,0.02197,0.49289,7.83302,0,1,0,0.05277,-0.00000,0.12393,0.19491,1.3500,0.04500,0.03000,mean
mean_fusion_mpc,combined_shift,4,5,1,0.04588,0.55140,7.26689,0,1,0,0.06063,-0.00000,0.21250,0.25524,1.3500,0.04500,0.03000,mean
mean_fusion_mpc,combined_shift,4,6,0,0.12977,0.39255,5.66914,0,1,0,0.04007,-0.00000,0.02850,0.19379,1.3500,0.04500,0.03000,mean
mean_fusion_mpc,combined_shift,4,7,1,0.02880,0.50701,6.69357,0,1,0,0.07093,-0.00000,0.20355,0.24206,1.3500,0.04500,0.03000,mean
mean_fusion_mpc,combined_shift,4,8,1,0.02745,0.46138,7.27698,0,1,0,0.11201,-0.00000,0.16073,0.17977,1.3500,0.04500,0.03000,mean
mean_fusion_mpc,combined_shift,4,9,1,0.02571,0.62150,14.41267,0,1,0,0.05597,-0.00000,0.23273,0.27987,1.3500,0.04500,0.03000,mean
mean_fusion_mpc,combined_shift,4,10,1,0.02851,0.54094,9.33490,0,1,0,0.02506,-0.00000,0.15420,0.23238,1.3500,0.04500,0.03000,mean
mean_fusion_mpc,combined_shift,4,11,0,0.08949,0.48678,5.78852,0,1,0,0.06456,-0.00000,0.10813,0.18453,1.3500,0.04500,0.03000,mean
ensemble_uncertainty_mpc,nominal,0,0,1,0.00789,0.37525,5.11366,0,1,0,0.01797,1.07682,0.14038,0.22057,0.5500,0.00000,0.00600,low+nominal+tactile_friction
ensemble_uncertainty_mpc,nominal,0,1,1,0.00317,0.38091,7.01329,0,1,0,0.00847,1.07682,0.12965,0.20535,0.5500,0.00000,0.00600,low+nominal+tactile_friction
ensemble_uncertainty_mpc,nominal,0,2,1,0.01159,0.38262,6.91640,0,1,0,0.00751,1.07682,0.12800,0.20668,0.5500,0.00000,0.00600,low+nominal+tactile_friction
ensemble_uncertainty_mpc,nominal,0,3,1,0.00888,0.38124,8.79583,0,1,0,0.01639,1.07682,0.15576,0.22619,0.5500,0.00000,0.00600,low+nominal+tactile_friction
ensemble_uncertainty_mpc,nominal,0,4,1,0.00935,0.40075,4.90833,0,1,0,0.01948,1.07682,0.16990,0.23412,0.5500,0.00000,0.00600,low+nominal+tactile_friction
ensemble_uncertainty_mpc,nominal,0,5,1,0.01335,0.40481,7.56054,0,1,0,0.00682,1.07682,0.18427,0.25631,0.5500,0.00000,0.00600,low+nominal+tactile_friction
ensemble_uncertainty_mpc,nominal,0,6,1,0.00712,0.42032,7.29408,0,1,0,0.01494,1.07682,0.19335,0.26069,0.5500,0.00000,0.00600,low+nominal+tactile_friction
ensemble_uncertainty_mpc,nominal,0,7,1,0.00326,0.37850,7.07716,0,1,0,0.01065,1.07682,0.13620,0.21871,0.5500,0.00000,0.00600,low+nominal+tactile_friction
ensemble_uncertainty_mpc,nominal,0,8,1,0.01454,0.41209,7.63475,0,1,0,0.00954,1.07682,0.16170,0.23781,0.5500,0.00000,0.00600,low+nominal+tactile_friction
ensemble_uncertainty_mpc,nominal,0,9,1,0.02735,0.38607,6.98778,0,1,0,0.01246,1.07682,0.13778,0.21955,0.5500,0.00000,0.00600,low+nominal+tactile_friction
ensemble_uncertainty_mpc,nominal,0,10,1,0.00737,0.44674,4.53509,0,1,0,0.01012,1.07682,0.20492,0.29120,0.5500,0.00000,0.00600,low+nominal+tactile_friction
ensemble_uncertainty_mpc,nominal,0,11,1,0.00558,0.48413,8.60924,0,1,0,0.00842,1.07682,0.21982,0.29681,0.5500,0.00000,0.00600,low+nominal+tactile_friction
ensemble_uncertainty_mpc,nominal,1,0,1,0.00635,0.39645,3.57295,0,1,0,0.00510,1.07682,0.15874,0.23522,0.5500,0.00000,0.00600,low+nominal+tactile_friction
ensemble_uncertainty_mpc,nominal,1,1,1,0.00635,0.43150,5.60762,0,1,0,0.01009,1.07682,0.19258,0.26627,0.5500,0.00000,0.00600,low+nominal+tactile_friction
ensemble_uncertainty_mpc,nominal,1,2,1,0.00618,0.33687,3.81446,0,1,0,0.00866,1.07682,0.11112,0.18566,0.5500,0.00000,0.00600,low+nominal+tactile_friction
ensemble_uncertainty_mpc,nominal,1,3,1,0.01601,0.43745,7.16310,0,1,0,0.01169,1.07682,0.17924,0.26727,0.5500,0.00000,0.00600,low+nominal+tactile_friction
ensemble_uncertainty_mpc,nominal,1,4,1,0.01147,0.39242,5.11603,0,1,0,0.00497,1.07682,0.15167,0.23171,0.5500,0.00000,0.00600,low+nominal+tactile_friction
ensemble_uncertainty_mpc,nominal,1,5,1,0.00818,0.36041,6.79287,0,1,0,0.00842,1.07682,0.12599,0.20221,0.5500,0.00000,0.00600,low+nominal+tactile_friction
ensemble_uncertainty_mpc,nominal,1,6,1,0.02526,0.46853,6.38067,0,1,0,0.01113,1.07682,0.21099,0.28999,0.5500,0.00000,0.00600,low+nominal+tactile_friction
ensemble_uncertainty_mpc,nominal,1,7,1,0.01381,0.42167,4.55981,0,1,0,0.00348,1.07682,0.17417,0.25821,0.5500,0.00000,0.00600,low+nominal+tactile_friction
ensemble_uncertainty_mpc,nominal,1,8,1,0.01026,0.43290,7.45816,0,1,0,0.01129,1.07682,0.18640,0.26987,0.5500,0.00000,0.00600,low+nominal+tactile_friction
ensemble_uncertainty_mpc,nominal,1,9,1,0.00543,0.37873,5.94095,0,1,0,0.01155,1.07682,0.13849,0.22710,0.5500,0.00000,0.00600,low+nominal+tactile_friction
ensemble_uncertainty_mpc,nominal,1,10,1,0.02498,0.43356,6.73084,0,1,0,0.00856,1.07682,0.20544,0.27997,0.5500,0.00000,0.00600,low+nominal+tactile_friction
ensemble_uncertainty_mpc,nominal,1,11,1,0.00756,0.36046,6.12222,0,1,0,0.01211,1.07682,0.14336,0.21334,0.5500,0.00000,0.00600,low+nominal+tactile_friction
ensemble_uncertainty_mpc,nominal,2,0,1,0.01117,0.43307,6.15212,0,1,0,0.00561,1.07682,0.19717,0.26892,0.5500,0.00000,0.00600,low+nominal+tactile_friction
ensemble_uncertainty_mpc,nominal,2,1,1,0.00445,0.44672,6.51546,0,1,0,0.00587,1.07682,0.21243,0.29729,0.5500,0.00000,0.00600,low+nominal+tactile_friction
ensemble_uncertainty_mpc,nominal,2,2,1,0.00620,0.38443,5.99323,0,1,0,0.01706,1.07682,0.14770,0.21669,0.5500,0.00000,0.00600,low+nominal+tactile_friction
ensemble_uncertainty_mpc,nominal,2,3,1,0.01670,0.46308,7.38266,0,1,0,0.01364,1.07682,0.23335,0.30174,0.5500,0.00000,0.00600,low+nominal+tactile_friction
ensemble_uncertainty_mpc,nominal,2,4,1,0.00561,0.40725,7.19621,0,1,0,0.00558,1.07682,0.15108,0.23537,0.5500,0.00000,0.00600,low+nominal+tactile_friction
ensemble_uncertainty_mpc,nominal,2,5,1,0.00635,0.44741,5.85559,0,1,0,0.01201,1.07682,0.20501,0.28208,0.5500,0.00000,0.00600,low+nominal+tactile_friction
ensemble_uncertainty_mpc,nominal,2,6,1,0.00870,0.45333,6.54766,0,1,0,0.01479,1.07682,0.22054,0.29240,0.5500,0.00000,0.00600,low+nominal+tactile_friction
ensemble_uncertainty_mpc,nominal,2,7,1,0.01052,0.40435,4.15173,0,1,0,0.01448,1.07682,0.17037,0.24423,0.5500,0.00000,0.00600,low+nominal+tactile_friction
ensemble_uncertainty_mpc,nominal,2,8,1,0.00845,0.36275,6.77303,0,1,0,0.00802,1.07682,0.12369,0.19629,0.5500,0.00000,0.00600,low+nominal+tactile_friction
ensemble_uncertainty_mpc,nominal,2,9,1,0.01306,0.44478,4.52633,0,1,0,0.01013,1.07682,0.21709,0.28641,0.5500,0.00000,0.00600,low+nominal+tactile_friction
ensemble_uncertainty_mpc,nominal,2,10,1,0.00586,0.45532,6.36301,0,1,0,0.00905,1.07682,0.21897,0.29823,0.5500,0.00000,0.00600,low+nominal+tactile_friction
ensemble_uncertainty_mpc,nominal,2,11,1,0.00703,0.35848,3.72915,0,1,0,0.00419,1.07682,0.13779,0.21550,0.5500,0.00000,0.00600,low+nominal+tactile_friction
ensemble_uncertainty_mpc,nominal,3,0,1,0.01305,0.39902,10.29334,0,1,0,0.01366,1.07682,0.14401,0.21400,0.5500,0.00000,0.00600,low+nominal+tactile_friction
ensemble_uncertainty_mpc,nominal,3,1,1,0.00643,0.38868,6.69551,0,1,0,0.00770,1.07682,0.12501,0.20127,0.5500,0.00000,0.00600,low+nominal+tactile_friction
ensemble_uncertainty_mpc,nominal,3,2,1,0.01041,0.35072,4.81980,0,1,0,0.01624,1.07682,0.13060,0.19698,0.5500,0.00000,0.00600,low+nominal+tactile_friction
ensemble_uncertainty_mpc,nominal,3,3,1,0.00678,0.39104,7.44899,0,1,0,0.00834,1.07682,0.12952,0.21215,0.5500,0.00000,0.00600,low+nominal+tactile_friction
ensemble_uncertainty_mpc,nominal,3,4,1,0.01056,0.36225,6.80612,0,1,0,0.01286,1.07682,0.11884,0.19438,0.5500,0.00000,0.00600,low+nominal+tactile_friction
ensemble_uncertainty_mpc,nominal,3,5,1,0.00243,0.42792,4.64456,0,1,0,0.00274,1.07682,0.17976,0.26687,0.5500,0.00000,0.00600,low+nominal+tactile_friction
ensemble_uncertainty_mpc,nominal,3,6,1,0.00925,0.38629,5.49047,0,1,0,0.00946,1.07682,0.16861,0.24296,0.5500,0.00000,0.00600,low+nominal+tactile_friction
ensemble_uncertainty_mpc,nominal,3,7,1,0.02062,0.39876,6.64012,0,1,0,0.00764,1.07682,0.16139,0.23532,0.5500,0.00000,0.00600,low+nominal+tactile_friction
ensemble_uncertainty_mpc,nominal,3,8,1,0.00824,0.43487,7.21496,0,1,0,0.00758,1.07682,0.20515,0.28331,0.5500,0.00000,0.00600,low+nominal+tactile_friction
ensemble_uncertainty_mpc,nominal,3,9,1,0.01249,0.40455,6.58575,0,1,0,0.01236,1.07682,0.17119,0.23917,0.5500,0.00000,0.00600,low+nominal+tactile_friction
ensemble_uncertainty_mpc,nominal,3,10,1,0.02163,0.41556,4.41598,0,1,0,0.00942,1.07682,0.17740,0.26332,0.5500,0.00000,0.00600,low+nominal+tactile_friction
ensemble_uncertainty_mpc,nominal,3,11,1,0.01568,0.38530,6.46195,0,1,0,0.01050,1.07682,0.14917,0.23238,0.5500,0.00000,0.00600,low+nominal+tactile_friction
ensemble_uncertainty_mpc,nominal,4,0,1,0.02340,0.43635,6.70640,0,1,0,0.00703,1.07682,0.19349,0.27301,0.5500,0.00000,0.00600,low+nominal+tactile_friction
ensemble_uncertainty_mpc,nominal,4,1,1,0.00805,0.45448,4.35969,0,1,0,0.00633,1.07682,0.20996,0.29008,0.5500,0.00000,0.00600,low+nominal+tactile_friction
ensemble_uncertainty_mpc,nominal,4,2,1,0.01071,0.44502,6.28107,0,1,0,0.01004,1.07682,0.19802,0.27138,0.5500,0.00000,0.00600,low+nominal+tactile_friction
ensemble_uncertainty_mpc,nominal,4,3,1,0.00855,0.42941,7.55325,0,1,0,0.01712,1.07682,0.18796,0.25829,0.5500,0.00000,0.00600,low+nominal+tactile_friction
ensemble_uncertainty_mpc,nominal,4,4,1,0.02085,0.43220,6.15387,0,1,0,0.03115,1.07682,0.21181,0.27171,0.5500,0.00000,0.00600,low+nominal+tactile_friction
ensemble_uncertainty_mpc,nominal,4,5,1,0.00436,0.44325,5.56466,0,1,0,0.00856,1.07682,0.20779,0.29089,0.5500,0.00000,0.00600,low+nominal+tactile_friction
ensemble_uncertainty_mpc,nominal,4,6,1,0.01565,0.36716,5.32152,0,1,0,0.01242,1.07682,0.13843,0.20505,0.5500,0.00000,0.00600,low+nominal+tactile_friction
ensemble_uncertainty_mpc,nominal,4,7,1,0.00296,0.36266,6.33845,0,1,0,0.01030,1.07682,0.13218,0.20568,0.5500,0.00000,0.00600,low+nominal+tactile_friction
ensemble_uncertainty_mpc,nominal,4,8,1,0.00666,0.41176,6.89824,0,1,0,0.03176,1.07682,0.20122,0.26076,0.5500,0.00000,0.00600,low+nominal+tactile_friction
ensemble_uncertainty_mpc,nominal,4,9,1,0.00975,0.40757,4.03742,0,1,0,0.01062,1.07682,0.15945,0.24666,0.5500,0.00000,0.00600,low+nominal+tactile_friction
ensemble_uncertainty_mpc,nominal,4,10,1,0.01221,0.33787,3.77860,0,1,0,0.00832,1.07682,0.10870,0.19432,0.5500,0.00000,0.00600,low+nominal+tactile_friction
ensemble_uncertainty_mpc,nominal,4,11,1,0.00403,0.41469,6.75436,0,1,0,0.01186,1.07682,0.17432,0.24986,0.5500,0.00000,0.00600,low+nominal+tactile_friction
ensemble_uncertainty_mpc,high_friction,0,0,1,0.02082,0.46413,7.99590,0,1,0,0.01954,1.07682,0.15657,0.21793,1.2500,0.00000,0.00800,low+nominal+tactile_friction
ensemble_uncertainty_mpc,high_friction,0,1,1,0.02018,0.42992,5.01298,0,1,0,0.00890,1.07682,0.10685,0.18678,1.2500,0.00000,0.00800,low+nominal+tactile_friction
ensemble_uncertainty_mpc,high_friction,0,2,1,0.02597,0.55058,6.48638,0,1,0,0.01329,1.07682,0.20097,0.27686,1.2500,0.00000,0.00800,low+nominal+tactile_friction
ensemble_uncertainty_mpc,high_friction,0,3,1,0.02097,0.46477,8.26089,0,1,0,0.00462,1.07682,0.13626,0.21071,1.2500,0.00000,0.00800,low+nominal+tactile_friction
ensemble_uncertainty_mpc,high_friction,0,4,1,0.02300,0.54382,5.46163,0,1,0,0.01341,1.07682,0.20171,0.26666,1.2500,0.00000,0.00800,low+nominal+tactile_friction
ensemble_uncertainty_mpc,high_friction,0,5,1,0.02432,0.49715,8.31292,0,1,0,0.02015,1.07682,0.15456,0.22073,1.2500,0.00000,0.00800,low+nominal+tactile_friction
ensemble_uncertainty_mpc,high_friction,0,6,1,0.01954,0.49944,7.63354,0,1,0,0.02946,1.07682,0.17127,0.22562,1.2500,0.00000,0.00800,low+nominal+tactile_friction
ensemble_uncertainty_mpc,high_friction,0,7,1,0.01281,0.43934,5.45488,0,1,0,0.01050,1.07682,0.11709,0.19932,1.2500,0.00000,0.00800,low+nominal+tactile_friction
ensemble_uncertainty_mpc,high_friction,0,8,1,0.03087,0.49484,6.14318,0,1,0,0.02855,1.07682,0.17720,0.23852,1.2500,0.00000,0.00800,low+nominal+tactile_friction
ensemble_uncertainty_mpc,high_friction,0,9,1,0.01648,0.44509,6.23619,0,1,0,0.01441,1.07682,0.13597,0.20015,1.2500,0.00000,0.00800,low+nominal+tactile_friction
ensemble_uncertainty_mpc,high_friction,0,10,1,0.02408,0.55485,6.09336,0,1,0,0.01969,1.07682,0.22326,0.28346,1.2500,0.00000,0.00800,low+nominal+tactile_friction
ensemble_uncertainty_mpc,high_friction,0,11,1,0.01713,0.42779,6.34982,0,1,0,0.01673,1.07682,0.10735,0.17361,1.2500,0.00000,0.00800,low+nominal+tactile_friction
ensemble_uncertainty_mpc,high_friction,1,0,1,0.01624,0.52577,9.01289,0,1,0,0.02122,1.07682,0.17956,0.24229,1.2500,0.00000,0.00800,low+nominal+tactile_friction
ensemble_uncertainty_mpc,high_friction,1,1,1,0.02082,0.43364,5.61754,0,1,0,0.01515,1.07682,0.11599,0.18060,1.2500,0.00000,0.00800,low+nominal+tactile_friction
ensemble_uncertainty_mpc,high_friction,1,2,1,0.02254,0.54944,10.63277,0,1,0,0.00077,1.07682,0.20145,0.27532,1.2500,0.00000,0.00800,low+nominal+tactile_friction
ensemble_uncertainty_mpc,high_friction,1,3,1,0.01784,0.45570,8.76368,0,1,0,0.00774,1.07682,0.12694,0.19664,1.2500,0.00000,0.00800,low+nominal+tactile_friction
ensemble_uncertainty_mpc,high_friction,1,4,1,0.02368,0.53616,9.11869,0,1,0,0.00710,1.07682,0.17560,0.25361,1.2500,0.00000,0.00800,low+nominal+tactile_friction
ensemble_uncertainty_mpc,high_friction,1,5,1,0.03317,0.52378,6.38919,0,1,0,0.02157,1.07682,0.19472,0.25482,1.2500,0.00000,0.00800,low+nominal+tactile_friction
ensemble_uncertainty_mpc,high_friction,1,6,1,0.01954,0.51736,4.97561,0,1,0,0.01664,1.07682,0.17855,0.25236,1.2500,0.00000,0.00800,low+nominal+tactile_friction
ensemble_uncertainty_mpc,high_friction,1,7,1,0.02065,0.49407,7.76645,0,1,0,0.00903,1.07682,0.15338,0.22450,1.2500,0.00000,0.00800,low+nominal+tactile_friction
ensemble_uncertainty_mpc,high_friction,1,8,1,0.02845,0.51782,8.93777,0,1,0,0.02280,1.07682,0.18862,0.25018,1.2500,0.00000,0.00800,low+nominal+tactile_friction
ensemble_uncertainty_mpc,high_friction,1,9,1,0.02042,0.49007,10.19606,0,1,0,0.01166,1.07682,0.14456,0.22218,1.2500,0.00000,0.00800,low+nominal+tactile_friction
ensemble_uncertainty_mpc,high_friction,1,10,1,0.02279,0.48745,7.59585,0,1,0,0.01750,1.07682,0.16345,0.22669,1.2500,0.00000,0.00800,low+nominal+tactile_friction
ensemble_uncertainty_mpc,high_friction,1,11,1,0.01694,0.48416,7.12533,0,1,0,0.00560,1.07682,0.14802,0.22710,1.2500,0.00000,0.00800,low+nominal+tactile_friction
ensemble_uncertainty_mpc,high_friction,2,0,1,0.01801,0.41432,6.38699,0,1,0,0.02234,1.07682,0.10960,0.16862,1.2500,0.00000,0.00800,low+nominal+tactile_friction
ensemble_uncertainty_mpc,high_friction,2,1,1,0.01866,0.43883,6.06560,0,1,0,0.01421,1.07682,0.12023,0.19634,1.2500,0.00000,0.00800,low+nominal+tactile_friction
ensemble_uncertainty_mpc,high_friction,2,2,1,0.01920,0.48643,8.55711,0,1,0,0.01726,1.07682,0.14621,0.23095,1.2500,0.00000,0.00800,low+nominal+tactile_friction
ensemble_uncertainty_mpc,high_friction,2,3,1,0.02048,0.46818,6.57968,0,1,0,0.01218,1.07682,0.13993,0.21438,1.2500,0.00000,0.00800,low+nominal+tactile_friction
ensemble_uncertainty_mpc,high_friction,2,4,1,0.01582,0.52518,8.73085,0,1,0,0.00449,1.07682,0.16946,0.24083,1.2500,0.00000,0.00800,low+nominal+tactile_friction
ensemble_uncertainty_mpc,high_friction,2,5,1,0.01980,0.49618,8.92460,0,1,0,0.00741,1.07682,0.15864,0.22837,1.2500,0.00000,0.00800,low+nominal+tactile_friction
ensemble_uncertainty_mpc,high_friction,2,6,1,0.02083,0.48617,5.63677,0,1,0,0.01534,1.07682,0.17523,0.23895,1.2500,0.00000,0.00800,low+nominal+tactile_friction
ensemble_uncertainty_mpc,high_friction,2,7,1,0.01803,0.47602,7.46925,0,1,0,0.00852,1.07682,0.14541,0.21371,1.2500,0.00000,0.00800,low+nominal+tactile_friction
ensemble_uncertainty_mpc,high_friction,2,8,1,0.02342,0.55049,9.47541,0,1,0,0.01602,1.07682,0.20784,0.27126,1.2500,0.00000,0.00800,low+nominal+tactile_friction
ensemble_uncertainty_mpc,high_friction,2,9,1,0.01362,0.42505,6.83357,0,1,0,0.00911,1.07682,0.09954,0.17695,1.2500,0.00000,0.00800,low+nominal+tactile_friction
ensemble_uncertainty_mpc,high_friction,2,10,1,0.01773,0.43745,6.70139,0,1,0,0.02131,1.07682,0.11225,0.17207,1.2500,0.00000,0.00800,low+nominal+tactile_friction
ensemble_uncertainty_mpc,high_friction,2,11,1,0.01543,0.52263,11.62894,0,1,0,0.02713,1.07682,0.20943,0.26567,1.2500,0.00000,0.00800,low+nominal+tactile_friction
ensemble_uncertainty_mpc,high_friction,3,0,1,0.01803,0.46614,7.22085,0,1,0,0.01286,1.07682,0.11987,0.20118,1.2500,0.00000,0.00800,low+nominal+tactile_friction
ensemble_uncertainty_mpc,high_friction,3,1,1,0.02336,0.49560,7.11019,0,1,0,0.01034,1.07682,0.15344,0.23399,1.2500,0.00000,0.00800,low+nominal+tactile_friction
ensemble_uncertainty_mpc,high_friction,3,2,1,0.01861,0.45557,6.69519,0,1,0,0.00767,1.07682,0.11661,0.19161,1.2500,0.00000,0.00800,low+nominal+tactile_friction
ensemble_uncertainty_mpc,high_friction,3,3,1,0.02361,0.49181,6.03172,0,1,0,0.01491,1.07682,0.15971,0.22739,1.2500,0.00000,0.00800,low+nominal+tactile_friction
ensemble_uncertainty_mpc,high_friction,3,4,1,0.01883,0.43004,5.31349,0,1,0,0.01006,1.07682,0.11138,0.17991,1.2500,0.00000,0.00800,low+nominal+tactile_friction
ensemble_uncertainty_mpc,high_friction,3,5,1,0.02167,0.44050,5.26772,0,1,0,0.00993,1.07682,0.12477,0.19206,1.2500,0.00000,0.00800,low+nominal+tactile_friction
ensemble_uncertainty_mpc,high_friction,3,6,1,0.01954,0.54351,5.56103,0,1,0,0.02597,1.07682,0.21924,0.27608,1.2500,0.00000,0.00800,low+nominal+tactile_friction
ensemble_uncertainty_mpc,high_friction,3,7,1,0.01726,0.47959,6.88043,0,1,0,0.00870,1.07682,0.14820,0.22033,1.2500,0.00000,0.00800,low+nominal+tactile_friction
ensemble_uncertainty_mpc,high_friction,3,8,1,0.01943,0.49581,10.36417,0,1,0,0.02177,1.07682,0.16689,0.22756,1.2500,0.00000,0.00800,low+nominal+tactile_friction
ensemble_uncertainty_mpc,high_friction,3,9,1,0.01769,0.44358,6.13142,0,1,0,0.02672,1.07682,0.12563,0.18184,1.2500,0.00000,0.00800,low+nominal+tactile_friction
ensemble_uncertainty_mpc,high_friction,3,10,1,0.01932,0.43864,7.70455,0,1,0,0.02590,1.07682,0.12336,0.18666,1.2500,0.00000,0.00800,low+nominal+tactile_friction
ensemble_uncertainty_mpc,high_friction,3,11,1,0.02253,0.57397,10.94368,0,1,0,0.01290,1.07682,0.21245,0.27725,1.2500,0.00000,0.00800,low+nominal+tactile_friction
ensemble_uncertainty_mpc,high_friction,4,0,1,0.02217,0.43978,5.03732,0,1,0,0.00676,1.07682,0.12360,0.19297,1.2500,0.00000,0.00800,low+nominal+tactile_friction
ensemble_uncertainty_mpc,high_friction,4,1,1,0.01818,0.49962,6.41985,0,1,0,0.00769,1.07682,0.14909,0.22025,1.2500,0.00000,0.00800,low+nominal+tactile_friction
ensemble_uncertainty_mpc,high_friction,4,2,1,0.02048,0.48175,8.03845,0,1,0,0.02035,1.07682,0.16725,0.22745,1.2500,0.00000,0.00800,low+nominal+tactile_friction
ensemble_uncertainty_mpc,high_friction,4,3,1,0.01879,0.47940,8.12490,0,1,0,0.01000,1.07682,0.13275,0.20730,1.2500,0.00000,0.00800,low+nominal+tactile_friction
ensemble_uncertainty_mpc,high_friction,4,4,1,0.01762,0.54778,9.55816,0,1,0,0.01106,1.07682,0.19630,0.26307,1.2500,0.00000,0.00800,low+nominal+tactile_friction
ensemble_uncertainty_mpc,high_friction,4,5,1,0.01983,0.54318,9.02100,0,1,0,0.01122,1.07682,0.19067,0.25711,1.2500,0.00000,0.00800,low+nominal+tactile_friction
ensemble_uncertainty_mpc,high_friction,4,6,1,0.01641,0.46967,7.26427,0,1,0,0.02329,1.07682,0.14314,0.20145,1.2500,0.00000,0.00800,low+nominal+tactile_friction
ensemble_uncertainty_mpc,high_friction,4,7,1,0.02140,0.50448,6.32851,0,1,0,0.01819,1.07682,0.16097,0.23805,1.2500,0.00000,0.00800,low+nominal+tactile_friction
ensemble_uncertainty_mpc,high_friction,4,8,1,0.01930,0.47044,7.91434,0,1,0,0.00043,1.07682,0.12946,0.20422,1.2500,0.00000,0.00800,low+nominal+tactile_friction
ensemble_uncertainty_mpc,high_friction,4,9,1,0.01860,0.48844,7.55493,0,1,0,0.01622,1.07682,0.13286,0.21847,1.2500,0.00000,0.00800,low+nominal+tactile_friction
ensemble_uncertainty_mpc,high_friction,4,10,1,0.02241,0.53136,8.52440,0,1,0,0.01340,1.07682,0.18496,0.25004,1.2500,0.00000,0.00800,low+nominal+tactile_friction
ensemble_uncertainty_mpc,high_friction,4,11,1,0.01981,0.45633,6.21012,0,1,0,0.00860,1.07682,0.13331,0.20286,1.2500,0.00000,0.00800,low+nominal+tactile_friction
ensemble_uncertainty_mpc,low_friction,0,0,1,0.00721,0.40888,1.73697,0,1,0,0.01891,1.07682,0.22976,0.30094,0.2200,0.00000,0.00800,low+nominal+tactile_friction
ensemble_uncertainty_mpc,low_friction,0,1,1,0.00711,0.34401,3.29543,0,1,0,0.02341,1.07682,0.16224,0.23083,0.2200,0.00000,0.00800,low+nominal+tactile_friction
ensemble_uncertainty_mpc,low_friction,0,2,1,0.01033,0.39942,2.34312,0,1,0,0.00769,1.07682,0.20679,0.28678,0.2200,0.00000,0.00800,low+nominal+tactile_friction
ensemble_uncertainty_mpc,low_friction,0,3,1,0.01115,0.38359,2.60788,0,1,0,0.01444,1.07682,0.19697,0.27028,0.2200,0.00000,0.00800,low+nominal+tactile_friction
ensemble_uncertainty_mpc,low_friction,0,4,1,0.01582,0.41433,3.46631,0,1,0,0.00778,1.07682,0.21622,0.29905,0.2200,0.00000,0.00800,low+nominal+tactile_friction
ensemble_uncertainty_mpc,low_friction,0,5,1,0.01536,0.40818,2.22083,0,1,0,0.01299,1.07682,0.22201,0.29693,0.2200,0.00000,0.00800,low+nominal+tactile_friction
ensemble_uncertainty_mpc,low_friction,0,6,1,0.01963,0.33185,2.11002,0,1,0,0.01907,1.07682,0.13413,0.22055,0.2200,0.00000,0.00800,low+nominal+tactile_friction
ensemble_uncertainty_mpc,low_friction,0,7,1,0.00887,0.38521,3.50123,0,1,0,0.00628,1.07682,0.18894,0.26982,0.2200,0.00000,0.00800,low+nominal+tactile_friction
ensemble_uncertainty_mpc,low_friction,0,8,1,0.01113,0.33223,2.90347,0,1,0,0.01168,1.07682,0.13447,0.21525,0.2200,0.00000,0.00800,low+nominal+tactile_friction
ensemble_uncertainty_mpc,low_friction,0,9,1,0.00698,0.39480,2.86435,0,1,0,0.00559,1.07682,0.19929,0.28123,0.2200,0.00000,0.00800,low+nominal+tactile_friction
ensemble_uncertainty_mpc,low_friction,0,10,1,0.01075,0.38706,3.43966,0,1,0,0.00398,1.07682,0.18378,0.27072,0.2200,0.00000,0.00800,low+nominal+tactile_friction
ensemble_uncertainty_mpc,low_friction,0,11,1,0.00633,0.37659,3.03133,0,1,0,0.00499,1.07682,0.17938,0.26363,0.2200,0.00000,0.00800,low+nominal+tactile_friction
ensemble_uncertainty_mpc,low_friction,1,0,1,0.00982,0.41423,4.00452,0,1,0,0.02028,1.07682,0.22724,0.29968,0.2200,0.00000,0.00800,low+nominal+tactile_friction
ensemble_uncertainty_mpc,low_friction,1,1,1,0.00951,0.32019,3.07678,0,1,0,0.01391,1.07682,0.11375,0.20784,0.2200,0.00000,0.00800,low+nominal+tactile_friction
ensemble_uncertainty_mpc,low_friction,1,2,1,0.00385,0.31744,2.49936,0,1,0,0.00883,1.07682,0.11767,0.20146,0.2200,0.00000,0.00800,low+nominal+tactile_friction
ensemble_uncertainty_mpc,low_friction,1,3,1,0.00695,0.34589,2.45699,0,1,0,0.01691,1.07682,0.15837,0.23366,0.2200,0.00000,0.00800,low+nominal+tactile_friction
ensemble_uncertainty_mpc,low_friction,1,4,1,0.01033,0.37831,1.92620,0,1,0,0.01282,1.07682,0.18986,0.26713,0.2200,0.00000,0.00800,low+nominal+tactile_friction
ensemble_uncertainty_mpc,low_friction,1,5,1,0.01425,0.36790,2.59060,0,1,0,0.00722,1.07682,0.17362,0.25283,0.2200,0.00000,0.00800,low+nominal+tactile_friction
ensemble_uncertainty_mpc,low_friction,1,6,1,0.00879,0.42202,3.43737,0,1,0,0.01597,1.07682,0.23357,0.30779,0.2200,0.00000,0.00800,low+nominal+tactile_friction
ensemble_uncertainty_mpc,low_friction,1,7,1,0.01679,0.34103,2.22104,0,1,0,0.00407,1.07682,0.14830,0.22807,0.2200,0.00000,0.00800,low+nominal+tactile_friction
ensemble_uncertainty_mpc,low_friction,1,8,1,0.01138,0.37369,2.78093,0,1,0,0.00531,1.07682,0.17929,0.26537,0.2200,0.00000,0.00800,low+nominal+tactile_friction
ensemble_uncertainty_mpc,low_friction,1,9,1,0.01097,0.33787,2.19050,0,1,0,0.01408,1.07682,0.13795,0.22445,0.2200,0.00000,0.00800,low+nominal+tactile_friction
ensemble_uncertainty_mpc,low_friction,1,10,1,0.00411,0.32697,2.28151,0,1,0,0.02247,1.07682,0.14533,0.21270,0.2200,0.00000,0.00800,low+nominal+tactile_friction
ensemble_uncertainty_mpc,low_friction,1,11,1,0.01066,0.30551,2.39149,0,1,0,0.02452,1.07682,0.12378,0.19342,0.2200,0.00000,0.00800,low+nominal+tactile_friction
ensemble_uncertainty_mpc,low_friction,2,0,1,0.00523,0.32483,3.17625,0,1,0,0.02208,1.07682,0.14332,0.20984,0.2200,0.00000,0.00800,low+nominal+tactile_friction
ensemble_uncertainty_mpc,low_friction,2,1,1,0.00842,0.41109,3.88642,0,1,0,0.00859,1.07682,0.21727,0.29519,0.2200,0.00000,0.00800,low+nominal+tactile_friction
ensemble_uncertainty_mpc,low_friction,2,2,1,0.01881,0.39190,3.29808,0,1,0,0.00898,1.07682,0.19469,0.27514,0.2200,0.00000,0.00800,low+nominal+tactile_friction
ensemble_uncertainty_mpc,low_friction,2,3,1,0.00556,0.30652,2.55797,0,1,0,0.01021,1.07682,0.11763,0.19447,0.2200,0.00000,0.00800,low+nominal+tactile_friction
ensemble_uncertainty_mpc,low_friction,2,4,1,0.00560,0.32032,2.17673,0,1,0,0.02087,1.07682,0.13495,0.20701,0.2200,0.00000,0.00800,low+nominal+tactile_friction
ensemble_uncertainty_mpc,low_friction,2,5,1,0.00623,0.33304,2.34950,0,1,0,0.00822,1.07682,0.14498,0.22499,0.2200,0.00000,0.00800,low+nominal+tactile_friction
ensemble_uncertainty_mpc,low_friction,2,6,1,0.00694,0.33049,1.77630,0,1,0,0.03028,1.07682,0.15402,0.22062,0.2200,0.00000,0.00800,low+nominal+tactile_friction
ensemble_uncertainty_mpc,low_friction,2,7,1,0.00393,0.31865,1.91692,0,1,0,0.01537,1.07682,0.13611,0.21040,0.2200,0.00000,0.00800,low+nominal+tactile_friction
ensemble_uncertainty_mpc,low_friction,2,8,1,0.01075,0.40143,2.27096,0,1,0,0.01087,1.07682,0.21192,0.29041,0.2200,0.00000,0.00800,low+nominal+tactile_friction
ensemble_uncertainty_mpc,low_friction,2,9,1,0.01454,0.37332,3.03429,0,1,0,0.00458,1.07682,0.18148,0.26143,0.2200,0.00000,0.00800,low+nominal+tactile_friction
ensemble_uncertainty_mpc,low_friction,2,10,1,0.00595,0.36337,2.92259,0,1,0,0.01776,1.07682,0.17956,0.25263,0.2200,0.00000,0.00800,low+nominal+tactile_friction
ensemble_uncertainty_mpc,low_friction,2,11,1,0.00769,0.39634,3.88233,0,1,0,0.02046,1.07682,0.20837,0.27763,0.2200,0.00000,0.00800,low+nominal+tactile_friction
ensemble_uncertainty_mpc,low_friction,3,0,1,0.00577,0.37207,2.64104,0,1,0,0.02308,1.07682,0.19212,0.26194,0.2200,0.00000,0.00800,low+nominal+tactile_friction
ensemble_uncertainty_mpc,low_friction,3,1,1,0.00709,0.33380,2.41923,0,1,0,0.01854,1.07682,0.15306,0.22326,0.2200,0.00000,0.00800,low+nominal+tactile_friction
ensemble_uncertainty_mpc,low_friction,3,2,1,0.00621,0.35023,2.59312,0,1,0,0.00204,1.07682,0.15240,0.23529,0.2200,0.00000,0.00800,low+nominal+tactile_friction
ensemble_uncertainty_mpc,low_friction,3,3,1,0.01668,0.40542,1.81647,0,1,0,0.01264,1.07682,0.21285,0.29667,0.2200,0.00000,0.00800,low+nominal+tactile_friction
ensemble_uncertainty_mpc,low_friction,3,4,1,0.01073,0.40906,3.08941,0,1,0,0.02549,1.07682,0.22688,0.29423,0.2200,0.00000,0.00800,low+nominal+tactile_friction
ensemble_uncertainty_mpc,low_friction,3,5,1,0.01129,0.33349,2.55092,0,1,0,0.00643,1.07682,0.13733,0.22116,0.2200,0.00000,0.00800,low+nominal+tactile_friction
ensemble_uncertainty_mpc,low_friction,3,6,1,0.01233,0.41069,2.20340,0,1,0,0.00190,1.07682,0.20914,0.29602,0.2200,0.00000,0.00800,low+nominal+tactile_friction
ensemble_uncertainty_mpc,low_friction,3,7,1,0.01107,0.35305,2.69668,0,1,0,0.00936,1.07682,0.15149,0.24133,0.2200,0.00000,0.00800,low+nominal+tactile_friction
ensemble_uncertainty_mpc,low_friction,3,8,1,0.01214,0.35569,2.71893,0,1,0,0.00594,1.07682,0.16267,0.24185,0.2200,0.00000,0.00800,low+nominal+tactile_friction
ensemble_uncertainty_mpc,low_friction,3,9,1,0.01186,0.42078,2.53888,0,1,0,0.00769,1.07682,0.22257,0.30854,0.2200,0.00000,0.00800,low+nominal+tactile_friction
ensemble_uncertainty_mpc,low_friction,3,10,1,0.01832,0.33329,2.92148,0,1,0,0.00549,1.07682,0.13713,0.22168,0.2200,0.00000,0.00800,low+nominal+tactile_friction
ensemble_uncertainty_mpc,low_friction,3,11,1,0.01650,0.40753,3.77550,0,1,0,0.01434,1.07682,0.21532,0.29011,0.2200,0.00000,0.00800,low+nominal+tactile_friction
ensemble_uncertainty_mpc,low_friction,4,0,1,0.00323,0.31809,1.91749,0,1,0,0.02088,1.07682,0.12934,0.20898,0.2200,0.00000,0.00800,low+nominal+tactile_friction
ensemble_uncertainty_mpc,low_friction,4,1,1,0.01817,0.42191,3.88867,0,1,0,0.00787,1.07682,0.21721,0.30108,0.2200,0.00000,0.00800,low+nominal+tactile_friction
ensemble_uncertainty_mpc,low_friction,4,2,1,0.02040,0.38123,2.62712,0,1,0,0.01546,1.07682,0.19268,0.26758,0.2200,0.00000,0.00800,low+nominal+tactile_friction
ensemble_uncertainty_mpc,low_friction,4,3,1,0.01317,0.33069,2.01077,0,1,0,0.00555,1.07682,0.13522,0.21961,0.2200,0.00000,0.00800,low+nominal+tactile_friction
ensemble_uncertainty_mpc,low_friction,4,4,1,0.00320,0.34106,3.31110,0,1,0,0.02024,1.07682,0.15724,0.22721,0.2200,0.00000,0.00800,low+nominal+tactile_friction
ensemble_uncertainty_mpc,low_friction,4,5,1,0.01057,0.33697,2.59439,0,1,0,0.00261,1.07682,0.13601,0.22196,0.2200,0.00000,0.00800,low+nominal+tactile_friction
ensemble_uncertainty_mpc,low_friction,4,6,1,0.01237,0.34971,1.82658,0,1,0,0.01192,1.07682,0.16344,0.23937,0.2200,0.00000,0.00800,low+nominal+tactile_friction
ensemble_uncertainty_mpc,low_friction,4,7,1,0.01519,0.32017,2.54652,0,1,0,0.00287,1.07682,0.12358,0.20699,0.2200,0.00000,0.00800,low+nominal+tactile_friction
ensemble_uncertainty_mpc,low_friction,4,8,1,0.00733,0.30289,2.79913,0,1,0,0.02741,1.07682,0.12358,0.19149,0.2200,0.00000,0.00800,low+nominal+tactile_friction
ensemble_uncertainty_mpc,low_friction,4,9,1,0.00486,0.34629,2.47428,0,1,0,0.00267,1.07682,0.15278,0.23303,0.2200,0.00000,0.00800,low+nominal+tactile_friction
ensemble_uncertainty_mpc,low_friction,4,10,1,0.01704,0.40156,3.25113,0,1,0,0.01833,1.07682,0.21370,0.28838,0.2200,0.00000,0.00800,low+nominal+tactile_friction
ensemble_uncertainty_mpc,low_friction,4,11,1,0.01182,0.39069,1.99844,0,1,0,0.01417,1.07682,0.20562,0.28058,0.2200,0.00000,0.00800,low+nominal+tactile_friction
ensemble_uncertainty_mpc,vision_bias,0,0,1,0.00893,0.41517,7.21583,0,0,0,0.01475,1.07682,0.19917,0.27235,0.6000,0.05200,0.00700,low+nominal+tactile_friction
ensemble_uncertainty_mpc,vision_bias,0,1,0,0.29194,0.35172,1.93437,0,0,0,0.00974,1.07682,0.00831,0.26296,0.6000,0.05200,0.00700,low+nominal+tactile_friction
ensemble_uncertainty_mpc,vision_bias,0,2,1,0.01376,0.43488,6.18961,0,1,0,0.06099,1.07682,0.22356,0.26749,0.6000,0.05200,0.00700,low+nominal+tactile_friction
ensemble_uncertainty_mpc,vision_bias,0,3,0,0.13925,0.42592,6.95988,0,1,0,0.00727,1.07682,0.10761,0.27896,0.6000,0.05200,0.00700,low+nominal+tactile_friction
ensemble_uncertainty_mpc,vision_bias,0,4,1,0.01243,0.44878,7.32035,0,1,0,0.00536,1.07682,0.15547,0.20410,0.6000,0.05200,0.00700,low+nominal+tactile_friction
ensemble_uncertainty_mpc,vision_bias,0,5,1,0.01354,0.41186,6.82621,0,1,0,0.05268,1.07682,0.20934,0.25290,0.6000,0.05200,0.00700,low+nominal+tactile_friction
ensemble_uncertainty_mpc,vision_bias,0,6,0,0.17320,0.36925,2.85304,0,1,0,0.01572,1.07682,0.03452,0.23718,0.6000,0.05200,0.00700,low+nominal+tactile_friction
ensemble_uncertainty_mpc,vision_bias,0,7,1,0.04264,0.45711,10.40903,0,1,0,0.06227,1.07682,0.24123,0.28027,0.6000,0.05200,0.00700,low+nominal+tactile_friction
ensemble_uncertainty_mpc,vision_bias,0,8,0,0.15155,0.46468,7.80842,0,1,0,0.04372,1.07682,0.14606,0.30552,0.6000,0.05200,0.00700,low+nominal+tactile_friction
ensemble_uncertainty_mpc,vision_bias,0,9,0,0.09266,0.40345,7.54517,0,1,0,0.01994,1.07682,0.14472,0.23212,0.6000,0.05200,0.00700,low+nominal+tactile_friction
ensemble_uncertainty_mpc,vision_bias,0,10,1,0.06744,0.37737,7.15080,0,1,0,0.05314,1.07682,0.17374,0.22285,0.6000,0.05200,0.00700,low+nominal+tactile_friction
ensemble_uncertainty_mpc,vision_bias,0,11,0,0.10011,0.35849,4.97228,0,1,0,0.01166,1.07682,0.09640,0.20029,0.6000,0.05200,0.00700,low+nominal+tactile_friction
ensemble_uncertainty_mpc,vision_bias,1,0,1,0.03167,0.37857,4.39652,0,1,0,0.05989,1.07682,0.19077,0.23150,0.6000,0.05200,0.00700,low+nominal+tactile_friction
ensemble_uncertainty_mpc,vision_bias,1,1,0,0.13842,0.41646,5.74996,0,1,0,0.00327,1.07682,0.09968,0.26052,0.6000,0.05200,0.00700,low+nominal+tactile_friction
ensemble_uncertainty_mpc,vision_bias,1,2,1,0.02261,0.37254,7.01269,0,1,0,0.05456,1.07682,0.16808,0.21339,0.6000,0.05200,0.00700,low+nominal+tactile_friction
ensemble_uncertainty_mpc,vision_bias,1,3,1,0.01895,0.41114,7.73430,0,1,0,0.05890,1.07682,0.22086,0.26455,0.6000,0.05200,0.00700,low+nominal+tactile_friction
ensemble_uncertainty_mpc,vision_bias,1,4,0,0.10033,0.36019,3.75495,0,1,0,0.01207,1.07682,0.10345,0.21183,0.6000,0.05200,0.00700,low+nominal+tactile_friction
ensemble_uncertainty_mpc,vision_bias,1,5,1,0.07345,0.36489,5.00822,0,1,0,0.02071,1.07682,0.13108,0.20918,0.6000,0.05200,0.00700,low+nominal+tactile_friction
ensemble_uncertainty_mpc,vision_bias,1,6,1,0.03188,0.48196,11.72977,0,1,0,0.04698,1.07682,0.26125,0.30679,0.6000,0.05200,0.00700,low+nominal+tactile_friction
ensemble_uncertainty_mpc,vision_bias,1,7,1,0.03653,0.36708,5.34124,0,1,0,0.02469,1.07682,0.14203,0.20245,0.6000,0.05200,0.00700,low+nominal+tactile_friction
ensemble_uncertainty_mpc,vision_bias,1,8,0,0.08632,0.46375,6.84563,0,1,0,0.02835,1.07682,0.20005,0.28429,0.6000,0.05200,0.00700,low+nominal+tactile_friction
ensemble_uncertainty_mpc,vision_bias,1,9,1,0.01686,0.35470,5.70404,0,1,0,0.03768,1.07682,0.14412,0.20116,0.6000,0.05200,0.00700,low+nominal+tactile_friction
ensemble_uncertainty_mpc,vision_bias,1,10,0,0.19300,0.41680,4.10150,0,1,0,0.00698,1.07682,0.05613,0.27791,0.6000,0.05200,0.00700,low+nominal+tactile_friction
ensemble_uncertainty_mpc,vision_bias,1,11,1,0.01177,0.37141,7.37119,0,1,0,0.04903,1.07682,0.16469,0.20700,0.6000,0.05200,0.00700,low+nominal+tactile_friction
ensemble_uncertainty_mpc,vision_bias,2,0,0,0.12985,0.41204,5.28397,0,1,0,0.00409,1.07682,0.11601,0.26594,0.6000,0.05200,0.00700,low+nominal+tactile_friction
ensemble_uncertainty_mpc,vision_bias,2,1,1,0.02494,0.43589,6.28125,0,1,0,0.05282,1.07682,0.23356,0.27579,0.6000,0.05200,0.00700,low+nominal+tactile_friction
ensemble_uncertainty_mpc,vision_bias,2,2,1,0.00746,0.43251,7.55040,0,1,0,0.01160,1.07682,0.16424,0.18205,0.6000,0.05200,0.00700,low+nominal+tactile_friction
ensemble_uncertainty_mpc,vision_bias,2,3,1,0.03083,0.45822,9.12172,0,1,0,0.05792,1.07682,0.24601,0.29061,0.6000,0.05200,0.00700,low+nominal+tactile_friction
ensemble_uncertainty_mpc,vision_bias,2,4,1,0.00629,0.44260,5.86814,0,1,0,0.04843,1.07682,0.23225,0.28180,0.6000,0.05200,0.00700,low+nominal+tactile_friction
ensemble_uncertainty_mpc,vision_bias,2,5,1,0.01542,0.39532,6.72206,0,1,0,0.00978,1.07682,0.14548,0.15786,0.6000,0.05200,0.00700,low+nominal+tactile_friction
ensemble_uncertainty_mpc,vision_bias,2,6,0,0.10376,0.32999,6.87610,0,1,0,0.02049,1.07682,0.07245,0.17078,0.6000,0.05200,0.00700,low+nominal+tactile_friction
ensemble_uncertainty_mpc,vision_bias,2,7,0,0.10102,0.39841,4.68510,0,1,0,0.01021,1.07682,0.12063,0.24055,0.6000,0.05200,0.00700,low+nominal+tactile_friction
ensemble_uncertainty_mpc,vision_bias,2,8,0,0.12568,0.44369,64.82151,0,1,0,0.01586,1.07682,0.06578,0.19780,0.6000,0.05200,0.00700,low+nominal+tactile_friction
ensemble_uncertainty_mpc,vision_bias,2,9,1,0.02031,0.42447,7.13933,0,1,0,0.04936,1.07682,0.21781,0.26192,0.6000,0.05200,0.00700,low+nominal+tactile_friction
ensemble_uncertainty_mpc,vision_bias,2,10,1,0.04269,0.45851,10.34838,0,1,0,0.06484,1.07682,0.26124,0.28462,0.6000,0.05200,0.00700,low+nominal+tactile_friction
ensemble_uncertainty_mpc,vision_bias,2,11,0,0.10654,0.36213,5.24327,0,1,0,0.05655,1.07682,0.13698,0.22134,0.6000,0.05200,0.00700,low+nominal+tactile_friction
ensemble_uncertainty_mpc,vision_bias,3,0,1,0.00616,0.30981,6.87128,0,1,0,0.04251,1.07682,0.08419,0.15352,0.6000,0.05200,0.00700,low+nominal+tactile_friction
ensemble_uncertainty_mpc,vision_bias,3,1,1,0.01111,0.40681,6.85444,0,1,0,0.05335,1.07682,0.20268,0.24759,0.6000,0.05200,0.00700,low+nominal+tactile_friction
ensemble_uncertainty_mpc,vision_bias,3,2,1,0.01379,0.36140,6.72823,0,1,0,0.03601,1.07682,0.15811,0.21566,0.6000,0.05200,0.00700,low+nominal+tactile_friction
ensemble_uncertainty_mpc,vision_bias,3,3,1,0.02753,0.45453,6.22493,0,1,0,0.06818,1.07682,0.27286,0.30378,0.6000,0.05200,0.00700,low+nominal+tactile_friction
ensemble_uncertainty_mpc,vision_bias,3,4,1,0.01620,0.38634,6.88885,0,1,0,0.07620,1.07682,0.19159,0.22095,0.6000,0.05200,0.00700,low+nominal+tactile_friction
ensemble_uncertainty_mpc,vision_bias,3,5,0,0.15861,0.32814,2.71635,0,1,0,0.01241,1.07682,0.01272,0.20777,0.6000,0.05200,0.00700,low+nominal+tactile_friction
ensemble_uncertainty_mpc,vision_bias,3,6,1,0.04567,0.41325,8.84813,0,1,0,0.03732,1.07682,0.19614,0.25593,0.6000,0.05200,0.00700,low+nominal+tactile_friction
ensemble_uncertainty_mpc,vision_bias,3,7,1,0.06443,0.41824,8.99525,0,1,0,0.05468,1.07682,0.19551,0.24137,0.6000,0.05200,0.00700,low+nominal+tactile_friction
ensemble_uncertainty_mpc,vision_bias,3,8,0,0.12795,0.38930,2.91441,0,1,0,0.01690,1.07682,0.06849,0.25324,0.6000,0.05200,0.00700,low+nominal+tactile_friction
ensemble_uncertainty_mpc,vision_bias,3,9,0,0.18635,0.41220,3.74531,0,1,0,0.00790,1.07682,0.03493,0.28123,0.6000,0.05200,0.00700,low+nominal+tactile_friction
ensemble_uncertainty_mpc,vision_bias,3,10,1,0.00869,0.42142,7.72103,0,1,0,0.00140,1.07682,0.13316,0.17396,0.6000,0.05200,0.00700,low+nominal+tactile_friction
ensemble_uncertainty_mpc,vision_bias,3,11,1,0.04151,0.43473,4.55114,0,1,0,0.05549,1.07682,0.24452,0.28867,0.6000,0.05200,0.00700,low+nominal+tactile_friction
ensemble_uncertainty_mpc,vision_bias,4,0,1,0.00810,0.29379,4.57348,0,1,0,0.06720,1.07682,0.11576,0.15250,0.6000,0.05200,0.00700,low+nominal+tactile_friction
ensemble_uncertainty_mpc,vision_bias,4,1,0,0.12030,0.38220,5.46709,0,1,0,0.04333,1.07682,0.12388,0.22970,0.6000,0.05200,0.00700,low+nominal+tactile_friction
ensemble_uncertainty_mpc,vision_bias,4,2,0,0.07675,0.33825,5.58866,0,1,0,0.02617,1.07682,0.08836,0.18207,0.6000,0.05200,0.00700,low+nominal+tactile_friction
ensemble_uncertainty_mpc,vision_bias,4,3,0,0.10711,0.36586,4.38329,0,1,0,0.02957,1.07682,0.10988,0.21921,0.6000,0.05200,0.00700,low+nominal+tactile_friction
ensemble_uncertainty_mpc,vision_bias,4,4,1,0.00999,0.38025,6.10591,0,1,0,0.05678,1.07682,0.19140,0.23645,0.6000,0.05200,0.00700,low+nominal+tactile_friction
ensemble_uncertainty_mpc,vision_bias,4,5,1,0.01139,0.43878,8.93165,0,1,0,0.00738,1.07682,0.16298,0.17916,0.6000,0.05200,0.00700,low+nominal+tactile_friction
ensemble_uncertainty_mpc,vision_bias,4,6,1,0.03118,0.37289,6.77360,0,1,0,0.05888,1.07682,0.17011,0.21290,0.6000,0.05200,0.00700,low+nominal+tactile_friction
ensemble_uncertainty_mpc,vision_bias,4,7,0,0.18827,0.38945,2.93750,0,1,0,0.03563,1.07682,0.03866,0.26945,0.6000,0.05200,0.00700,low+nominal+tactile_friction
ensemble_uncertainty_mpc,vision_bias,4,8,0,0.36440,0.30064,0.00000,0,0,0,0.02386,1.07682,0.00000,0.21970,0.6000,0.05200,0.00700,low+nominal+tactile_friction
ensemble_uncertainty_mpc,vision_bias,4,9,1,0.03612,0.38052,4.58453,0,1,0,0.05733,1.07682,0.18571,0.23033,0.6000,0.05200,0.00700,low+nominal+tactile_friction
ensemble_uncertainty_mpc,vision_bias,4,10,1,0.02073,0.49667,49.88553,0,1,0,0.00869,1.07682,0.11172,0.18374,0.6000,0.05200,0.00700,low+nominal+tactile_friction
ensemble_uncertainty_mpc,vision_bias,4,11,0,0.10487,0.35991,5.46456,0,1,0,0.01993,1.07682,0.09841,0.20215,0.6000,0.05200,0.00700,low+nominal+tactile_friction
ensemble_uncertainty_mpc,tactile_noise,0,0,1,0.01074,0.36492,9.20434,0,1,0,0.01006,1.07682,0.10973,0.19605,0.6200,0.00000,0.04000,low+nominal+tactile_friction
ensemble_uncertainty_mpc,tactile_noise,0,1,1,0.02429,0.43296,8.51092,0,1,0,0.07575,1.07682,0.11145,0.24790,0.6200,0.00000,0.04000,low+nominal+tactile_friction
ensemble_uncertainty_mpc,tactile_noise,0,2,1,0.00743,0.40663,4.71842,0,1,0,0.04393,1.07682,0.19169,0.24335,0.6200,0.00000,0.04000,low+nominal+tactile_friction
ensemble_uncertainty_mpc,tactile_noise,0,3,1,0.01896,0.46916,8.70493,0,1,0,0.03817,1.07682,0.20796,0.27940,0.6200,0.00000,0.04000,low+nominal+tactile_friction
ensemble_uncertainty_mpc,tactile_noise,0,4,1,0.01177,0.42329,5.58915,0,1,0,0.04083,1.07682,0.16688,0.26782,0.6200,0.00000,0.04000,low+nominal+tactile_friction
ensemble_uncertainty_mpc,tactile_noise,0,5,1,0.00587,0.39168,8.63250,0,1,0,0.04861,1.07682,0.15454,0.21815,0.6200,0.00000,0.04000,low+nominal+tactile_friction
ensemble_uncertainty_mpc,tactile_noise,0,6,1,0.03135,0.37529,7.96999,0,1,0,0.07224,1.07682,0.13197,0.17760,0.6200,0.00000,0.04000,low+nominal+tactile_friction
ensemble_uncertainty_mpc,tactile_noise,0,7,1,0.03915,0.38855,8.95841,0,1,0,0.06523,1.07682,0.13917,0.19092,0.6200,0.00000,0.04000,low+nominal+tactile_friction
ensemble_uncertainty_mpc,tactile_noise,0,8,1,0.01325,0.42860,8.33736,0,1,0,0.09695,1.07682,0.13413,0.26075,0.6200,0.00000,0.04000,low+nominal+tactile_friction
ensemble_uncertainty_mpc,tactile_noise,0,9,1,0.02951,0.48382,11.19242,0,1,0,0.06614,1.07682,0.23427,0.27920,0.6200,0.00000,0.04000,low+nominal+tactile_friction
ensemble_uncertainty_mpc,tactile_noise,0,10,1,0.01340,0.40754,5.83744,0,1,0,0.07850,1.07682,0.19713,0.22862,0.6200,0.00000,0.04000,low+nominal+tactile_friction
ensemble_uncertainty_mpc,tactile_noise,0,11,1,0.02505,0.44847,5.50027,0,1,0,0.03457,1.07682,0.19884,0.29291,0.6200,0.00000,0.04000,low+nominal+tactile_friction
ensemble_uncertainty_mpc,tactile_noise,1,0,1,0.01345,0.45983,7.03650,0,1,0,0.00825,1.07682,0.20094,0.28048,0.6200,0.00000,0.04000,low+nominal+tactile_friction
ensemble_uncertainty_mpc,tactile_noise,1,1,1,0.01281,0.44269,9.83133,0,1,0,0.00522,1.07682,0.17244,0.25367,0.6200,0.00000,0.04000,low+nominal+tactile_friction
ensemble_uncertainty_mpc,tactile_noise,1,2,1,0.01964,0.41335,6.55774,0,1,0,0.07013,1.07682,0.19052,0.22036,0.6200,0.00000,0.04000,low+nominal+tactile_friction
ensemble_uncertainty_mpc,tactile_noise,1,3,1,0.01217,0.50708,8.94223,0,1,0,0.04594,1.07682,0.23225,0.33870,0.6200,0.00000,0.04000,low+nominal+tactile_friction
ensemble_uncertainty_mpc,tactile_noise,1,4,1,0.01043,0.37481,8.65141,0,1,0,0.01465,1.07682,0.12552,0.20460,0.6200,0.00000,0.04000,low+nominal+tactile_friction
ensemble_uncertainty_mpc,tactile_noise,1,5,1,0.00478,0.35720,9.51290,0,1,0,0.04676,1.07682,0.12319,0.18473,0.6200,0.00000,0.04000,low+nominal+tactile_friction
ensemble_uncertainty_mpc,tactile_noise,1,6,1,0.00660,0.43565,7.73514,0,1,0,0.03793,1.07682,0.15009,0.25307,0.6200,0.00000,0.04000,low+nominal+tactile_friction
ensemble_uncertainty_mpc,tactile_noise,1,7,1,0.02348,0.34398,5.51042,0,1,0,0.04544,1.07682,0.09605,0.17812,0.6200,0.00000,0.04000,low+nominal+tactile_friction
ensemble_uncertainty_mpc,tactile_noise,1,8,1,0.03548,0.37306,4.27061,0,1,0,0.05690,1.07682,0.12432,0.21475,0.6200,0.00000,0.04000,low+nominal+tactile_friction
ensemble_uncertainty_mpc,tactile_noise,1,9,1,0.02054,0.42052,8.62235,0,1,0,0.02960,1.07682,0.15017,0.24181,0.6200,0.00000,0.04000,low+nominal+tactile_friction
ensemble_uncertainty_mpc,tactile_noise,1,10,1,0.00786,0.40540,11.76171,0,1,0,0.03581,1.07682,0.12826,0.23463,0.6200,0.00000,0.04000,low+nominal+tactile_friction
ensemble_uncertainty_mpc,tactile_noise,1,11,1,0.02267,0.38709,8.42136,0,1,0,0.09876,1.07682,0.19798,0.21551,0.6200,0.00000,0.04000,low+nominal+tactile_friction
ensemble_uncertainty_mpc,tactile_noise,2,0,1,0.04475,0.41547,6.59441,0,1,0,0.07337,1.07682,0.17400,0.24752,0.6200,0.00000,0.04000,low+nominal+tactile_friction
ensemble_uncertainty_mpc,tactile_noise,2,1,1,0.00996,0.44081,8.91151,0,1,0,0.04336,1.07682,0.18777,0.25924,0.6200,0.00000,0.04000,low+nominal+tactile_friction
ensemble_uncertainty_mpc,tactile_noise,2,2,1,0.04228,0.50404,5.14714,0,1,0,0.11781,1.07682,0.18565,0.34004,0.6200,0.00000,0.04000,low+nominal+tactile_friction
ensemble_uncertainty_mpc,tactile_noise,2,3,1,0.00275,0.47108,10.21248,0,1,0,0.03045,1.07682,0.21118,0.28099,0.6200,0.00000,0.04000,low+nominal+tactile_friction
ensemble_uncertainty_mpc,tactile_noise,2,4,1,0.00837,0.35600,5.22045,0,1,0,0.05795,1.07682,0.14519,0.18189,0.6200,0.00000,0.04000,low+nominal+tactile_friction
ensemble_uncertainty_mpc,tactile_noise,2,5,1,0.01036,0.41437,7.47371,0,1,0,0.06110,1.07682,0.20158,0.23636,0.6200,0.00000,0.04000,low+nominal+tactile_friction
ensemble_uncertainty_mpc,tactile_noise,2,6,0,0.08368,0.40117,5.09103,0,1,0,0.10056,1.07682,0.17839,0.22519,0.6200,0.00000,0.04000,low+nominal+tactile_friction
ensemble_uncertainty_mpc,tactile_noise,2,7,1,0.02699,0.35405,9.71206,0,1,0,0.06325,1.07682,0.12309,0.16639,0.6200,0.00000,0.04000,low+nominal+tactile_friction
ensemble_uncertainty_mpc,tactile_noise,2,8,0,0.11488,0.35280,6.70322,0,1,0,0.13482,1.07682,0.09193,0.19428,0.6200,0.00000,0.04000,low+nominal+tactile_friction
ensemble_uncertainty_mpc,tactile_noise,2,9,1,0.00833,0.39311,4.24498,0,1,0,0.06336,1.07682,0.12239,0.23592,0.6200,0.00000,0.04000,low+nominal+tactile_friction
ensemble_uncertainty_mpc,tactile_noise,2,10,1,0.01847,0.48381,7.57707,0,1,0,0.05558,1.07682,0.20748,0.30752,0.6200,0.00000,0.04000,low+nominal+tactile_friction
ensemble_uncertainty_mpc,tactile_noise,2,11,1,0.00883,0.43092,11.17162,0,1,0,0.01932,1.07682,0.17356,0.24878,0.6200,0.00000,0.04000,low+nominal+tactile_friction
ensemble_uncertainty_mpc,tactile_noise,3,0,1,0.00679,0.36761,6.19807,0,1,0,0.01044,1.07682,0.11761,0.19670,0.6200,0.00000,0.04000,low+nominal+tactile_friction
ensemble_uncertainty_mpc,tactile_noise,3,1,1,0.03133,0.44328,6.67501,0,1,0,0.06073,1.07682,0.18785,0.28069,0.6200,0.00000,0.04000,low+nominal+tactile_friction
ensemble_uncertainty_mpc,tactile_noise,3,2,1,0.02735,0.39491,7.40087,0,1,0,0.02780,1.07682,0.15099,0.22831,0.6200,0.00000,0.04000,low+nominal+tactile_friction
ensemble_uncertainty_mpc,tactile_noise,3,3,1,0.01990,0.36877,6.22271,0,1,0,0.12577,1.07682,0.19319,0.18625,0.6200,0.00000,0.04000,low+nominal+tactile_friction
ensemble_uncertainty_mpc,tactile_noise,3,4,1,0.01925,0.40468,8.41131,0,1,0,0.05017,1.07682,0.10772,0.22171,0.6200,0.00000,0.04000,low+nominal+tactile_friction
ensemble_uncertainty_mpc,tactile_noise,3,5,1,0.02576,0.45055,8.43864,0,1,0,0.06324,1.07682,0.20361,0.28503,0.6200,0.00000,0.04000,low+nominal+tactile_friction
ensemble_uncertainty_mpc,tactile_noise,3,6,1,0.04516,0.38813,6.97002,0,1,0,0.10420,1.07682,0.12383,0.21519,0.6200,0.00000,0.04000,low+nominal+tactile_friction
ensemble_uncertainty_mpc,tactile_noise,3,7,1,0.02273,0.35047,11.38754,0,1,0,0.07598,1.07682,0.11363,0.15692,0.6200,0.00000,0.04000,low+nominal+tactile_friction
ensemble_uncertainty_mpc,tactile_noise,3,8,1,0.01442,0.38987,5.52213,0,1,0,0.03959,1.07682,0.12557,0.22735,0.6200,0.00000,0.04000,low+nominal+tactile_friction
ensemble_uncertainty_mpc,tactile_noise,3,9,1,0.02665,0.44624,10.44228,0,1,0,0.05098,1.07682,0.17704,0.26527,0.6200,0.00000,0.04000,low+nominal+tactile_friction
ensemble_uncertainty_mpc,tactile_noise,3,10,1,0.02475,0.44508,11.01189,0,1,0,0.05702,1.07682,0.15757,0.25424,0.6200,0.00000,0.04000,low+nominal+tactile_friction
ensemble_uncertainty_mpc,tactile_noise,3,11,1,0.03602,0.31072,4.79784,0,1,0,0.10370,1.07682,0.10837,0.12655,0.6200,0.00000,0.04000,low+nominal+tactile_friction
ensemble_uncertainty_mpc,tactile_noise,4,0,1,0.00941,0.43029,7.60190,0,1,0,0.02624,1.07682,0.15679,0.21936,0.6200,0.00000,0.04000,low+nominal+tactile_friction
ensemble_uncertainty_mpc,tactile_noise,4,1,1,0.01539,0.46880,7.40396,0,1,0,0.04466,1.07682,0.22293,0.28657,0.6200,0.00000,0.04000,low+nominal+tactile_friction
ensemble_uncertainty_mpc,tactile_noise,4,2,1,0.03713,0.39185,9.67111,0,1,0,0.05300,1.07682,0.12884,0.22060,0.6200,0.00000,0.04000,low+nominal+tactile_friction
ensemble_uncertainty_mpc,tactile_noise,4,3,1,0.02242,0.44602,9.66161,0,1,0,0.04842,1.07682,0.14242,0.25617,0.6200,0.00000,0.04000,low+nominal+tactile_friction
ensemble_uncertainty_mpc,tactile_noise,4,4,1,0.00468,0.40695,7.09486,0,1,0,0.00914,1.07682,0.15935,0.23119,0.6200,0.00000,0.04000,low+nominal+tactile_friction
ensemble_uncertainty_mpc,tactile_noise,4,5,1,0.01690,0.46153,14.02345,0,1,0,0.03663,1.07682,0.18447,0.24347,0.6200,0.00000,0.04000,low+nominal+tactile_friction
ensemble_uncertainty_mpc,tactile_noise,4,6,1,0.01778,0.42879,8.01265,0,1,0,0.03017,1.07682,0.19005,0.26167,0.6200,0.00000,0.04000,low+nominal+tactile_friction
ensemble_uncertainty_mpc,tactile_noise,4,7,1,0.03084,0.41092,6.99725,0,1,0,0.03339,1.07682,0.15549,0.25058,0.6200,0.00000,0.04000,low+nominal+tactile_friction
ensemble_uncertainty_mpc,tactile_noise,4,8,1,0.01726,0.42105,4.75495,0,1,0,0.05028,1.07682,0.15233,0.26718,0.6200,0.00000,0.04000,low+nominal+tactile_friction
ensemble_uncertainty_mpc,tactile_noise,4,9,1,0.02834,0.38462,4.45159,0,1,0,0.05178,1.07682,0.15331,0.22630,0.6200,0.00000,0.04000,low+nominal+tactile_friction
ensemble_uncertainty_mpc,tactile_noise,4,10,1,0.01498,0.39612,5.90047,0,1,0,0.05245,1.07682,0.15632,0.23219,0.6200,0.00000,0.04000,low+nominal+tactile_friction
ensemble_uncertainty_mpc,tactile_noise,4,11,1,0.06920,0.44919,8.02800,0,1,0,0.07411,1.07682,0.20543,0.25634,0.6200,0.00000,0.04000,low+nominal+tactile_friction
ensemble_uncertainty_mpc,sticky_contact,0,0,1,0.03980,0.69257,10.21446,0,1,0,0.01557,1.07682,0.16865,0.22647,1.5500,0.01000,0.01000,low+nominal+tactile_friction
ensemble_uncertainty_mpc,sticky_contact,0,1,1,0.03734,0.63920,11.02258,0,1,0,0.01602,1.07682,0.13865,0.22042,1.5500,0.01000,0.01000,low+nominal+tactile_friction
ensemble_uncertainty_mpc,sticky_contact,0,2,1,0.03650,0.68056,9.42547,0,1,0,0.01420,1.07682,0.17266,0.23788,1.5500,0.01000,0.01000,low+nominal+tactile_friction
ensemble_uncertainty_mpc,sticky_contact,0,3,1,0.03394,0.69328,12.07791,0,1,0,0.00335,1.07682,0.18459,0.25658,1.5500,0.01000,0.01000,low+nominal+tactile_friction
ensemble_uncertainty_mpc,sticky_contact,0,4,1,0.03846,0.77115,12.63686,0,1,0,0.01152,1.07682,0.18025,0.24920,1.5500,0.01000,0.01000,low+nominal+tactile_friction
ensemble_uncertainty_mpc,sticky_contact,0,5,1,0.04124,0.62242,9.97599,0,1,0,0.03536,1.07682,0.13586,0.18402,1.5500,0.01000,0.01000,low+nominal+tactile_friction
ensemble_uncertainty_mpc,sticky_contact,0,6,1,0.03151,0.69968,12.51134,0,1,0,0.01278,1.07682,0.19803,0.27987,1.5500,0.01000,0.01000,low+nominal+tactile_friction
ensemble_uncertainty_mpc,sticky_contact,0,7,1,0.03450,0.79445,9.70177,0,1,0,0.01597,1.07682,0.17973,0.24030,1.5500,0.01000,0.01000,low+nominal+tactile_friction
ensemble_uncertainty_mpc,sticky_contact,0,8,1,0.03968,0.70931,12.45822,0,1,0,0.03053,1.07682,0.19957,0.24689,1.5500,0.01000,0.01000,low+nominal+tactile_friction
ensemble_uncertainty_mpc,sticky_contact,0,9,1,0.03194,0.65229,10.48307,0,1,0,0.01903,1.07682,0.12398,0.20352,1.5500,0.01000,0.01000,low+nominal+tactile_friction
ensemble_uncertainty_mpc,sticky_contact,0,10,1,0.03277,0.60254,9.04957,0,1,0,0.01949,1.07682,0.10737,0.16641,1.5500,0.01000,0.01000,low+nominal+tactile_friction
ensemble_uncertainty_mpc,sticky_contact,0,11,1,0.03310,0.66646,8.95987,0,1,0,0.02000,1.07682,0.15822,0.21163,1.5500,0.01000,0.01000,low+nominal+tactile_friction
ensemble_uncertainty_mpc,sticky_contact,1,0,1,0.03170,0.68231,9.92274,0,1,0,0.03052,1.07682,0.18460,0.23230,1.5500,0.01000,0.01000,low+nominal+tactile_friction
ensemble_uncertainty_mpc,sticky_contact,1,1,1,0.02360,0.60623,8.43215,0,1,0,0.01020,1.07682,0.10738,0.18367,1.5500,0.01000,0.01000,low+nominal+tactile_friction
ensemble_uncertainty_mpc,sticky_contact,1,2,1,0.03348,0.74416,11.13929,0,1,0,0.00976,1.07682,0.16776,0.23935,1.5500,0.01000,0.01000,low+nominal+tactile_friction
ensemble_uncertainty_mpc,sticky_contact,1,3,1,0.03271,0.72577,9.57278,0,1,0,0.02969,1.07682,0.18770,0.23593,1.5500,0.01000,0.01000,low+nominal+tactile_friction
ensemble_uncertainty_mpc,sticky_contact,1,4,1,0.04073,0.61188,9.40218,0,1,0,0.02029,1.07682,0.11943,0.17423,1.5500,0.01000,0.01000,low+nominal+tactile_friction
ensemble_uncertainty_mpc,sticky_contact,1,5,1,0.03360,0.73041,10.77252,0,1,0,0.00692,1.07682,0.19437,0.25941,1.5500,0.01000,0.01000,low+nominal+tactile_friction
ensemble_uncertainty_mpc,sticky_contact,1,6,1,0.03590,0.68630,10.03226,0,1,0,0.01359,1.07682,0.11884,0.19424,1.5500,0.01000,0.01000,low+nominal+tactile_friction
ensemble_uncertainty_mpc,sticky_contact,1,7,1,0.02757,0.60615,9.53739,0,1,0,0.02018,1.07682,0.11158,0.19240,1.5500,0.01000,0.01000,low+nominal+tactile_friction
ensemble_uncertainty_mpc,sticky_contact,1,8,1,0.04015,0.70252,12.29170,0,1,0,0.00728,1.07682,0.19328,0.25580,1.5500,0.01000,0.01000,low+nominal+tactile_friction
ensemble_uncertainty_mpc,sticky_contact,1,9,1,0.02819,0.58007,9.17602,0,1,0,0.03446,1.07682,0.12459,0.16903,1.5500,0.01000,0.01000,low+nominal+tactile_friction
ensemble_uncertainty_mpc,sticky_contact,1,10,1,0.02918,0.63559,9.22689,0,1,0,0.01425,1.07682,0.09527,0.16940,1.5500,0.01000,0.01000,low+nominal+tactile_friction
ensemble_uncertainty_mpc,sticky_contact,1,11,1,0.05046,0.69878,10.12243,0,1,0,0.03160,1.07682,0.15894,0.20816,1.5500,0.01000,0.01000,low+nominal+tactile_friction
ensemble_uncertainty_mpc,sticky_contact,2,0,1,0.03101,0.64664,10.64333,0,1,0,0.01930,1.07682,0.11457,0.16687,1.5500,0.01000,0.01000,low+nominal+tactile_friction
ensemble_uncertainty_mpc,sticky_contact,2,1,1,0.04238,0.63958,10.34353,0,1,0,0.02707,1.07682,0.12709,0.19197,1.5500,0.01000,0.01000,low+nominal+tactile_friction
ensemble_uncertainty_mpc,sticky_contact,2,2,1,0.03879,0.79738,12.60948,0,1,0,0.03049,1.07682,0.17515,0.26161,1.5500,0.01000,0.01000,low+nominal+tactile_friction
ensemble_uncertainty_mpc,sticky_contact,2,3,1,0.02782,0.65577,9.42072,0,1,0,0.01106,1.07682,0.16586,0.22816,1.5500,0.01000,0.01000,low+nominal+tactile_friction
ensemble_uncertainty_mpc,sticky_contact,2,4,1,0.03500,0.65850,10.12737,0,1,0,0.00281,1.07682,0.13361,0.19812,1.5500,0.01000,0.01000,low+nominal+tactile_friction
ensemble_uncertainty_mpc,sticky_contact,2,5,1,0.04427,0.63057,9.49096,0,1,0,0.02612,1.07682,0.13057,0.19246,1.5500,0.01000,0.01000,low+nominal+tactile_friction
ensemble_uncertainty_mpc,sticky_contact,2,6,1,0.03527,0.73160,10.41282,0,1,0,0.01300,1.07682,0.13411,0.20017,1.5500,0.01000,0.01000,low+nominal+tactile_friction
ensemble_uncertainty_mpc,sticky_contact,2,7,1,0.02856,0.69077,10.23497,0,1,0,0.00847,1.07682,0.17264,0.24065,1.5500,0.01000,0.01000,low+nominal+tactile_friction
ensemble_uncertainty_mpc,sticky_contact,2,8,1,0.03695,0.67491,11.06875,0,1,0,0.02300,1.07682,0.15163,0.20239,1.5500,0.01000,0.01000,low+nominal+tactile_friction
ensemble_uncertainty_mpc,sticky_contact,2,9,1,0.03298,0.60000,9.71549,0,1,0,0.01052,1.07682,0.11277,0.17309,1.5500,0.01000,0.01000,low+nominal+tactile_friction
ensemble_uncertainty_mpc,sticky_contact,2,10,1,0.04180,0.71112,12.58887,0,1,0,0.00878,1.07682,0.21118,0.27281,1.5500,0.01000,0.01000,low+nominal+tactile_friction
ensemble_uncertainty_mpc,sticky_contact,2,11,1,0.04949,0.70012,10.63998,0,1,0,0.02753,1.07682,0.18354,0.24345,1.5500,0.01000,0.01000,low+nominal+tactile_friction
ensemble_uncertainty_mpc,sticky_contact,3,0,1,0.03495,0.66126,9.27498,0,1,0,0.01463,1.07682,0.15521,0.22625,1.5500,0.01000,0.01000,low+nominal+tactile_friction
ensemble_uncertainty_mpc,sticky_contact,3,1,1,0.03887,0.74911,12.76475,0,1,0,0.01158,1.07682,0.19304,0.25832,1.5500,0.01000,0.01000,low+nominal+tactile_friction
ensemble_uncertainty_mpc,sticky_contact,3,2,1,0.03327,0.62648,9.90740,0,1,0,0.01051,1.07682,0.12804,0.19623,1.5500,0.01000,0.01000,low+nominal+tactile_friction
ensemble_uncertainty_mpc,sticky_contact,3,3,1,0.02561,0.61136,9.34877,0,1,0,0.01321,1.07682,0.09996,0.16741,1.5500,0.01000,0.01000,low+nominal+tactile_friction
ensemble_uncertainty_mpc,sticky_contact,3,4,1,0.03770,0.59611,9.20313,0,1,0,0.03216,1.07682,0.12530,0.17224,1.5500,0.01000,0.01000,low+nominal+tactile_friction
ensemble_uncertainty_mpc,sticky_contact,3,5,1,0.03630,0.60653,8.40437,0,1,0,0.02341,1.07682,0.11462,0.19592,1.5500,0.01000,0.01000,low+nominal+tactile_friction
ensemble_uncertainty_mpc,sticky_contact,3,6,1,0.03456,0.66263,11.14727,0,1,0,0.01314,1.07682,0.14054,0.20850,1.5500,0.01000,0.01000,low+nominal+tactile_friction
ensemble_uncertainty_mpc,sticky_contact,3,7,1,0.03674,0.72150,11.80358,0,1,0,0.00500,1.07682,0.18295,0.25336,1.5500,0.01000,0.01000,low+nominal+tactile_friction
ensemble_uncertainty_mpc,sticky_contact,3,8,1,0.03491,0.65868,9.32099,0,1,0,0.01146,1.07682,0.13822,0.21474,1.5500,0.01000,0.01000,low+nominal+tactile_friction
ensemble_uncertainty_mpc,sticky_contact,3,9,1,0.02389,0.62163,9.56054,0,1,0,0.01206,1.07682,0.11363,0.17883,1.5500,0.01000,0.01000,low+nominal+tactile_friction
ensemble_uncertainty_mpc,sticky_contact,3,10,1,0.03632,0.62571,10.22678,0,1,0,0.00572,1.07682,0.11450,0.17676,1.5500,0.01000,0.01000,low+nominal+tactile_friction
ensemble_uncertainty_mpc,sticky_contact,3,11,1,0.03725,0.71182,10.76671,0,1,0,0.01301,1.07682,0.17609,0.23802,1.5500,0.01000,0.01000,low+nominal+tactile_friction
ensemble_uncertainty_mpc,sticky_contact,4,0,1,0.03374,0.67160,10.66677,0,1,0,0.02827,1.07682,0.15149,0.20184,1.5500,0.01000,0.01000,low+nominal+tactile_friction
ensemble_uncertainty_mpc,sticky_contact,4,1,1,0.03993,0.76500,12.86354,0,1,0,0.01561,1.07682,0.18039,0.25342,1.5500,0.01000,0.01000,low+nominal+tactile_friction
ensemble_uncertainty_mpc,sticky_contact,4,2,1,0.03497,0.71689,12.60033,0,1,0,0.02834,1.07682,0.19213,0.23946,1.5500,0.01000,0.01000,low+nominal+tactile_friction
ensemble_uncertainty_mpc,sticky_contact,4,3,1,0.03600,0.67411,11.56054,0,1,0,0.01151,1.07682,0.13619,0.20565,1.5500,0.01000,0.01000,low+nominal+tactile_friction
ensemble_uncertainty_mpc,sticky_contact,4,4,1,0.03789,0.72138,11.59432,0,1,0,0.02583,1.07682,0.16680,0.21419,1.5500,0.01000,0.01000,low+nominal+tactile_friction
ensemble_uncertainty_mpc,sticky_contact,4,5,1,0.03650,0.60208,9.57106,0,1,0,0.02465,1.07682,0.12964,0.19371,1.5500,0.01000,0.01000,low+nominal+tactile_friction
ensemble_uncertainty_mpc,sticky_contact,4,6,1,0.03473,0.71953,10.56342,0,1,0,0.01342,1.07682,0.17012,0.23002,1.5500,0.01000,0.01000,low+nominal+tactile_friction
ensemble_uncertainty_mpc,sticky_contact,4,7,1,0.03892,0.62436,10.34339,0,1,0,0.00945,1.07682,0.12886,0.19416,1.5500,0.01000,0.01000,low+nominal+tactile_friction
ensemble_uncertainty_mpc,sticky_contact,4,8,1,0.03256,0.71668,10.75646,0,1,0,0.00417,1.07682,0.17842,0.24797,1.5500,0.01000,0.01000,low+nominal+tactile_friction
ensemble_uncertainty_mpc,sticky_contact,4,9,1,0.04894,0.66687,9.97554,0,1,0,0.02739,1.07682,0.15382,0.21861,1.5500,0.01000,0.01000,low+nominal+tactile_friction
ensemble_uncertainty_mpc,sticky_contact,4,10,1,0.03806,0.74634,12.49491,0,1,0,0.00794,1.07682,0.19830,0.26660,1.5500,0.01000,0.01000,low+nominal+tactile_friction
ensemble_uncertainty_mpc,sticky_contact,4,11,1,0.03973,0.62470,9.67712,0,1,0,0.00891,1.07682,0.10961,0.17023,1.5500,0.01000,0.01000,low+nominal+tactile_friction
ensemble_uncertainty_mpc,combined_shift,0,0,0,0.08151,0.47991,10.19217,0,1,0,0.05092,1.07682,0.08599,0.19441,1.3500,0.04500,0.03000,low+nominal+tactile_friction
ensemble_uncertainty_mpc,combined_shift,0,1,1,0.03643,0.49495,8.53207,0,1,0,0.05311,1.07682,0.17301,0.21068,1.3500,0.04500,0.03000,low+nominal+tactile_friction
ensemble_uncertainty_mpc,combined_shift,0,2,1,0.02677,0.56555,7.23692,0,1,0,0.07182,1.07682,0.23251,0.27498,1.3500,0.04500,0.03000,low+nominal+tactile_friction
ensemble_uncertainty_mpc,combined_shift,0,3,1,0.06884,0.58852,13.87473,0,1,0,0.02547,1.07682,0.23120,0.30093,1.3500,0.04500,0.03000,low+nominal+tactile_friction
ensemble_uncertainty_mpc,combined_shift,0,4,1,0.02078,0.46720,8.12381,0,1,0,0.09062,1.07682,0.14712,0.17880,1.3500,0.04500,0.03000,low+nominal+tactile_friction
ensemble_uncertainty_mpc,combined_shift,0,5,1,0.03973,0.48795,6.13570,0,1,0,0.03098,1.07682,0.15081,0.20707,1.3500,0.04500,0.03000,low+nominal+tactile_friction
ensemble_uncertainty_mpc,combined_shift,0,6,1,0.03521,0.54626,9.44355,0,1,0,0.04307,1.07682,0.14269,0.24317,1.3500,0.04500,0.03000,low+nominal+tactile_friction
ensemble_uncertainty_mpc,combined_shift,0,7,1,0.03773,0.31396,5.67790,0,0,0,0.05113,1.07682,0.06733,0.14180,1.3500,0.04500,0.03000,low+nominal+tactile_friction
ensemble_uncertainty_mpc,combined_shift,0,8,1,0.03403,0.49815,7.63668,0,1,0,0.01240,1.07682,0.14624,0.21996,1.3500,0.04500,0.03000,low+nominal+tactile_friction
ensemble_uncertainty_mpc,combined_shift,0,9,0,0.14828,0.50679,13.30925,0,1,0,0.03018,1.07682,0.11884,0.26213,1.3500,0.04500,0.03000,low+nominal+tactile_friction
ensemble_uncertainty_mpc,combined_shift,0,10,1,0.03550,0.55603,9.73414,0,1,0,0.03932,1.07682,0.14784,0.24469,1.3500,0.04500,0.03000,low+nominal+tactile_friction
ensemble_uncertainty_mpc,combined_shift,0,11,0,0.07980,0.45806,6.08437,0,1,0,0.01039,1.07682,0.08964,0.17495,1.3500,0.04500,0.03000,low+nominal+tactile_friction
ensemble_uncertainty_mpc,combined_shift,1,0,1,0.03569,0.49367,10.38577,0,1,0,0.05748,1.07682,0.10638,0.21701,1.3500,0.04500,0.03000,low+nominal+tactile_friction
ensemble_uncertainty_mpc,combined_shift,1,1,1,0.01841,0.58838,9.84383,0,1,0,0.02250,1.07682,0.13381,0.13660,1.3500,0.04500,0.03000,low+nominal+tactile_friction
ensemble_uncertainty_mpc,combined_shift,1,2,1,0.02393,0.43451,7.18076,0,1,0,0.06883,1.07682,0.17728,0.19936,1.3500,0.04500,0.03000,low+nominal+tactile_friction
ensemble_uncertainty_mpc,combined_shift,1,3,1,0.03904,0.56259,7.49029,0,1,0,0.05753,1.07682,0.14404,0.25286,1.3500,0.04500,0.03000,low+nominal+tactile_friction
ensemble_uncertainty_mpc,combined_shift,1,4,1,0.04941,0.48932,7.15003,0,1,0,0.04376,1.07682,0.17866,0.22234,1.3500,0.04500,0.03000,low+nominal+tactile_friction
ensemble_uncertainty_mpc,combined_shift,1,5,0,0.10734,0.50649,5.79594,0,1,0,0.01372,1.07682,0.16429,0.26821,1.3500,0.04500,0.03000,low+nominal+tactile_friction
ensemble_uncertainty_mpc,combined_shift,1,6,1,0.04300,0.69577,14.55242,0,1,0,0.03000,1.07682,0.22598,0.24294,1.3500,0.04500,0.03000,low+nominal+tactile_friction
ensemble_uncertainty_mpc,combined_shift,1,7,1,0.02176,0.57195,13.48873,0,1,0,0.04205,1.07682,0.17605,0.16544,1.3500,0.04500,0.03000,low+nominal+tactile_friction
ensemble_uncertainty_mpc,combined_shift,1,8,1,0.02354,0.54652,9.93624,0,1,0,0.04268,1.07682,0.19761,0.25542,1.3500,0.04500,0.03000,low+nominal+tactile_friction
ensemble_uncertainty_mpc,combined_shift,1,9,0,0.12366,0.46280,8.01630,0,1,0,0.03637,1.07682,0.10342,0.22401,1.3500,0.04500,0.03000,low+nominal+tactile_friction
ensemble_uncertainty_mpc,combined_shift,1,10,1,0.02462,0.45891,8.16765,0,1,0,0.05961,1.07682,0.16701,0.19900,1.3500,0.04500,0.03000,low+nominal+tactile_friction
ensemble_uncertainty_mpc,combined_shift,1,11,0,0.09814,0.50370,11.53885,0,1,0,0.06205,1.07682,0.16739,0.24694,1.3500,0.04500,0.03000,low+nominal+tactile_friction
ensemble_uncertainty_mpc,combined_shift,2,0,1,0.02333,0.51687,6.65835,0,1,0,0.04185,1.07682,0.14019,0.18982,1.3500,0.04500,0.03000,low+nominal+tactile_friction
ensemble_uncertainty_mpc,combined_shift,2,1,0,0.14261,0.64959,21.30840,0,1,0,0.05791,1.07682,0.17093,0.33223,1.3500,0.04500,0.03000,low+nominal+tactile_friction
ensemble_uncertainty_mpc,combined_shift,2,2,1,0.02880,0.49325,8.05791,0,1,0,0.00237,1.07682,0.12008,0.19352,1.3500,0.04500,0.03000,low+nominal+tactile_friction
ensemble_uncertainty_mpc,combined_shift,2,3,1,0.03463,0.49954,8.98007,0,1,0,0.07351,1.07682,0.12885,0.21365,1.3500,0.04500,0.03000,low+nominal+tactile_friction
ensemble_uncertainty_mpc,combined_shift,2,4,0,0.11090,0.53678,5.71784,0,1,0,0.03534,1.07682,0.15056,0.29607,1.3500,0.04500,0.03000,low+nominal+tactile_friction
ensemble_uncertainty_mpc,combined_shift,2,5,1,0.02976,0.46503,8.98997,0,1,0,0.02976,1.07682,0.09531,0.17890,1.3500,0.04500,0.03000,low+nominal+tactile_friction
ensemble_uncertainty_mpc,combined_shift,2,6,1,0.03423,0.45722,6.69371,0,1,0,0.11112,1.07682,0.19372,0.19652,1.3500,0.04500,0.03000,low+nominal+tactile_friction
ensemble_uncertainty_mpc,combined_shift,2,7,1,0.05689,0.51607,9.24993,0,1,0,0.05730,1.07682,0.12883,0.23692,1.3500,0.04500,0.03000,low+nominal+tactile_friction
ensemble_uncertainty_mpc,combined_shift,2,8,0,0.15566,0.54031,6.89178,0,1,0,0.02162,1.07682,0.10728,0.28885,1.3500,0.04500,0.03000,low+nominal+tactile_friction
ensemble_uncertainty_mpc,combined_shift,2,9,1,0.06931,0.55877,10.45607,0,1,0,0.00778,1.07682,0.17605,0.25682,1.3500,0.04500,0.03000,low+nominal+tactile_friction
ensemble_uncertainty_mpc,combined_shift,2,10,1,0.06138,0.45357,8.00648,0,1,0,0.01868,1.07682,0.09962,0.18044,1.3500,0.04500,0.03000,low+nominal+tactile_friction
ensemble_uncertainty_mpc,combined_shift,2,11,1,0.05063,0.48749,8.53430,0,1,0,0.01554,1.07682,0.14284,0.21304,1.3500,0.04500,0.03000,low+nominal+tactile_friction
ensemble_uncertainty_mpc,combined_shift,3,0,0,0.10293,0.50931,7.24487,0,1,0,0.06021,1.07682,0.15755,0.25437,1.3500,0.04500,0.03000,low+nominal+tactile_friction
ensemble_uncertainty_mpc,combined_shift,3,1,1,0.02272,0.59122,9.48133,0,1,0,0.00267,1.07682,0.17269,0.18411,1.3500,0.04500,0.03000,low+nominal+tactile_friction
ensemble_uncertainty_mpc,combined_shift,3,2,1,0.03840,0.47974,6.29500,0,1,0,0.03078,1.07682,0.13721,0.18787,1.3500,0.04500,0.03000,low+nominal+tactile_friction
ensemble_uncertainty_mpc,combined_shift,3,3,1,0.03203,0.54227,9.52164,0,1,0,0.02948,1.07682,0.16861,0.22461,1.3500,0.04500,0.03000,low+nominal+tactile_friction
ensemble_uncertainty_mpc,combined_shift,3,4,0,0.12810,0.51056,6.29935,0,1,0,0.04438,1.07682,0.11609,0.23419,1.3500,0.04500,0.03000,low+nominal+tactile_friction
ensemble_uncertainty_mpc,combined_shift,3,5,0,0.25399,0.30001,4.50976,0,1,0,0.02751,1.07682,0.00606,0.17863,1.3500,0.04500,0.03000,low+nominal+tactile_friction
ensemble_uncertainty_mpc,combined_shift,3,6,1,0.02189,0.47024,8.43473,0,1,0,0.02572,1.07682,0.14137,0.19648,1.3500,0.04500,0.03000,low+nominal+tactile_friction
ensemble_uncertainty_mpc,combined_shift,3,7,1,0.03482,0.55910,7.11347,0,1,0,0.05083,1.07682,0.17349,0.27434,1.3500,0.04500,0.03000,low+nominal+tactile_friction
ensemble_uncertainty_mpc,combined_shift,3,8,1,0.02633,0.52306,7.80627,0,1,0,0.06141,1.07682,0.17447,0.21832,1.3500,0.04500,0.03000,low+nominal+tactile_friction
ensemble_uncertainty_mpc,combined_shift,3,9,1,0.03382,0.61523,9.37520,0,1,0,0.04557,1.07682,0.23064,0.28019,1.3500,0.04500,0.03000,low+nominal+tactile_friction
ensemble_uncertainty_mpc,combined_shift,3,10,1,0.04333,0.51055,6.61455,0,1,0,0.08429,1.07682,0.19611,0.21406,1.3500,0.04500,0.03000,low+nominal+tactile_friction
ensemble_uncertainty_mpc,combined_shift,3,11,0,0.13555,0.51020,6.48506,0,1,0,0.05419,1.07682,0.10152,0.26137,1.3500,0.04500,0.03000,low+nominal+tactile_friction
ensemble_uncertainty_mpc,combined_shift,4,0,1,0.02281,0.58085,12.56975,0,1,0,0.03009,1.07682,0.16620,0.24144,1.3500,0.04500,0.03000,low+nominal+tactile_friction
ensemble_uncertainty_mpc,combined_shift,4,1,1,0.05909,0.50167,11.82926,0,1,0,0.00934,1.07682,0.14198,0.22490,1.3500,0.04500,0.03000,low+nominal+tactile_friction
ensemble_uncertainty_mpc,combined_shift,4,2,0,0.18628,0.36445,3.77846,0,1,0,0.06511,1.07682,0.00000,0.21869,1.3500,0.04500,0.03000,low+nominal+tactile_friction
ensemble_uncertainty_mpc,combined_shift,4,3,1,0.02101,0.44000,7.05645,0,1,0,0.05606,1.07682,0.08153,0.12290,1.3500,0.04500,0.03000,low+nominal+tactile_friction
ensemble_uncertainty_mpc,combined_shift,4,4,1,0.02640,0.52133,6.54089,0,1,0,0.08445,1.07682,0.21367,0.22808,1.3500,0.04500,0.03000,low+nominal+tactile_friction
ensemble_uncertainty_mpc,combined_shift,4,5,1,0.04379,0.59746,8.25254,0,1,0,0.05470,1.07682,0.16519,0.27371,1.3500,0.04500,0.03000,low+nominal+tactile_friction
ensemble_uncertainty_mpc,combined_shift,4,6,0,0.20903,0.55970,14.47016,0,1,0,0.02498,1.07682,0.09014,0.19021,1.3500,0.04500,0.03000,low+nominal+tactile_friction
ensemble_uncertainty_mpc,combined_shift,4,7,1,0.03763,0.54231,6.56226,0,1,0,0.02225,1.07682,0.20637,0.28069,1.3500,0.04500,0.03000,low+nominal+tactile_friction
ensemble_uncertainty_mpc,combined_shift,4,8,1,0.02675,0.65580,9.04716,0,1,0,0.02809,1.07682,0.20815,0.21025,1.3500,0.04500,0.03000,low+nominal+tactile_friction
ensemble_uncertainty_mpc,combined_shift,4,9,1,0.02544,0.51303,9.47458,0,1,0,0.01580,1.07682,0.15798,0.23324,1.3500,0.04500,0.03000,low+nominal+tactile_friction
ensemble_uncertainty_mpc,combined_shift,4,10,0,0.20193,0.45279,5.55039,0,1,0,0.05397,1.07682,0.06766,0.26374,1.3500,0.04500,0.03000,low+nominal+tactile_friction
ensemble_uncertainty_mpc,combined_shift,4,11,1,0.03782,0.48251,7.52956,0,0,0,0.04112,1.07682,0.17741,0.28019,1.3500,0.04500,0.03000,low+nominal+tactile_friction
conformal_risk_filter,nominal,0,0,1,0.00396,0.43806,6.88947,0,1,0,0.00498,-0.00000,0.20218,0.28314,0.5500,0.00000,0.00600,conformal
conformal_risk_filter,nominal,0,1,1,0.00663,0.41113,6.51061,0,1,0,0.01438,-0.00000,0.18353,0.25924,0.5500,0.00000,0.00600,conformal
conformal_risk_filter,nominal,0,2,1,0.00947,0.40217,6.09696,0,1,0,0.00625,-0.00000,0.16492,0.24676,0.5500,0.00000,0.00600,conformal
conformal_risk_filter,nominal,0,3,1,0.00710,0.41531,4.79938,0,1,0,0.00631,-0.00000,0.16688,0.25195,0.5500,0.00000,0.00600,conformal
conformal_risk_filter,nominal,0,4,1,0.01112,0.36036,4.46579,0,1,0,0.00606,-0.00000,0.13232,0.20763,0.5500,0.00000,0.00600,conformal
conformal_risk_filter,nominal,0,5,1,0.00120,0.38053,6.19365,0,1,0,0.01053,-0.00000,0.14728,0.22635,0.5500,0.00000,0.00600,conformal
conformal_risk_filter,nominal,0,6,1,0.02125,0.41621,7.59581,0,1,0,0.00038,-0.00000,0.15680,0.23325,0.5500,0.00000,0.00600,conformal
conformal_risk_filter,nominal,0,7,1,0.01587,0.36123,10.61695,0,1,0,0.02362,-0.00000,0.11595,0.18735,0.5500,0.00000,0.00600,conformal
conformal_risk_filter,nominal,0,8,1,0.00523,0.39067,7.58505,0,1,0,0.02329,-0.00000,0.11541,0.19119,0.5500,0.00000,0.00600,conformal
conformal_risk_filter,nominal,0,9,1,0.01959,0.40270,3.50674,0,1,0,0.00632,-0.00000,0.17911,0.25958,0.5500,0.00000,0.00600,conformal
conformal_risk_filter,nominal,0,10,1,0.00412,0.43708,6.36762,0,1,0,0.01096,-0.00000,0.20234,0.27443,0.5500,0.00000,0.00600,conformal
conformal_risk_filter,nominal,0,11,1,0.00685,0.46195,6.81910,0,1,0,0.00256,-0.00000,0.20792,0.29467,0.5500,0.00000,0.00600,conformal
conformal_risk_filter,nominal,1,0,1,0.00411,0.38678,4.38060,0,1,0,0.02340,-0.00000,0.15971,0.23035,0.5500,0.00000,0.00600,conformal
conformal_risk_filter,nominal,1,1,1,0.00325,0.36743,6.04141,0,1,0,0.00294,-0.00000,0.12837,0.20687,0.5500,0.00000,0.00600,conformal
conformal_risk_filter,nominal,1,2,1,0.01509,0.44349,6.94461,0,1,0,0.01306,-0.00000,0.20162,0.27943,0.5500,0.00000,0.00600,conformal
conformal_risk_filter,nominal,1,3,1,0.01266,0.45228,7.48431,0,1,0,0.00915,-0.00000,0.21871,0.28621,0.5500,0.00000,0.00600,conformal
conformal_risk_filter,nominal,1,4,1,0.00318,0.44788,7.12816,0,1,0,0.00700,-0.00000,0.20935,0.28533,0.5500,0.00000,0.00600,conformal
conformal_risk_filter,nominal,1,5,1,0.00996,0.41536,7.68491,0,1,0,0.00399,-0.00000,0.17997,0.25944,0.5500,0.00000,0.00600,conformal
conformal_risk_filter,nominal,1,6,1,0.00780,0.39280,3.67193,0,1,0,0.00428,-0.00000,0.16092,0.23693,0.5500,0.00000,0.00600,conformal
conformal_risk_filter,nominal,1,7,1,0.01046,0.38671,6.91903,0,1,0,0.01651,-0.00000,0.14762,0.22054,0.5500,0.00000,0.00600,conformal
conformal_risk_filter,nominal,1,8,1,0.00871,0.42688,7.59730,0,1,0,0.01565,-0.00000,0.16352,0.24755,0.5500,0.00000,0.00600,conformal
conformal_risk_filter,nominal,1,9,1,0.01346,0.43498,6.98203,0,1,0,0.01051,-0.00000,0.19555,0.27224,0.5500,0.00000,0.00600,conformal
conformal_risk_filter,nominal,1,10,1,0.00821,0.44075,7.31978,0,1,0,0.01961,-0.00000,0.21324,0.27938,0.5500,0.00000,0.00600,conformal
conformal_risk_filter,nominal,1,11,1,0.00753,0.36107,6.72569,0,1,0,0.00273,-0.00000,0.12516,0.20613,0.5500,0.00000,0.00600,conformal
conformal_risk_filter,nominal,2,0,1,0.01667,0.38679,6.57051,0,1,0,0.01264,-0.00000,0.15104,0.22412,0.5500,0.00000,0.00600,conformal
conformal_risk_filter,nominal,2,1,1,0.00518,0.41248,7.62675,0,1,0,0.00508,-0.00000,0.15522,0.23880,0.5500,0.00000,0.00600,conformal
conformal_risk_filter,nominal,2,2,1,0.01214,0.42488,6.82681,0,1,0,0.01438,-0.00000,0.18160,0.25633,0.5500,0.00000,0.00600,conformal
conformal_risk_filter,nominal,2,3,1,0.00943,0.37501,4.76035,0,1,0,0.01091,-0.00000,0.13929,0.22201,0.5500,0.00000,0.00600,conformal
conformal_risk_filter,nominal,2,4,1,0.00530,0.43908,5.29871,0,1,0,0.00783,-0.00000,0.19130,0.27199,0.5500,0.00000,0.00600,conformal
conformal_risk_filter,nominal,2,5,1,0.00622,0.45100,4.49106,0,1,0,0.01430,-0.00000,0.20834,0.28141,0.5500,0.00000,0.00600,conformal
conformal_risk_filter,nominal,2,6,1,0.01015,0.36352,6.70085,0,1,0,0.02650,-0.00000,0.13774,0.20320,0.5500,0.00000,0.00600,conformal
conformal_risk_filter,nominal,2,7,1,0.02107,0.46387,7.27471,0,1,0,0.00905,-0.00000,0.21454,0.29583,0.5500,0.00000,0.00600,conformal
conformal_risk_filter,nominal,2,8,1,0.00564,0.45086,4.40700,0,1,0,0.00954,-0.00000,0.21374,0.29043,0.5500,0.00000,0.00600,conformal
conformal_risk_filter,nominal,2,9,1,0.00769,0.40375,6.83006,0,1,0,0.01536,-0.00000,0.17548,0.25036,0.5500,0.00000,0.00600,conformal
conformal_risk_filter,nominal,2,10,1,0.01222,0.40538,7.36742,0,1,0,0.01512,-0.00000,0.17680,0.25331,0.5500,0.00000,0.00600,conformal
conformal_risk_filter,nominal,2,11,1,0.01245,0.37864,7.46521,0,1,0,0.01190,-0.00000,0.13273,0.20772,0.5500,0.00000,0.00600,conformal
conformal_risk_filter,nominal,3,0,1,0.00303,0.45784,3.44012,0,1,0,0.02687,-0.00000,0.22865,0.29909,0.5500,0.00000,0.00600,conformal
conformal_risk_filter,nominal,3,1,1,0.00559,0.44593,6.31783,0,1,0,0.01049,-0.00000,0.21377,0.28594,0.5500,0.00000,0.00600,conformal
conformal_risk_filter,nominal,3,2,1,0.00842,0.39098,9.58229,0,1,0,0.01149,-0.00000,0.13288,0.21181,0.5500,0.00000,0.00600,conformal
conformal_risk_filter,nominal,3,3,1,0.00866,0.44672,8.88732,0,1,0,0.01830,-0.00000,0.21507,0.28286,0.5500,0.00000,0.00600,conformal
conformal_risk_filter,nominal,3,4,1,0.02604,0.42601,7.11288,0,1,0,0.01490,-0.00000,0.19181,0.26772,0.5500,0.00000,0.00600,conformal
conformal_risk_filter,nominal,3,5,1,0.00265,0.42215,7.05776,0,1,0,0.01168,-0.00000,0.18451,0.25708,0.5500,0.00000,0.00600,conformal
conformal_risk_filter,nominal,3,6,1,0.00930,0.37967,7.24301,0,1,0,0.00126,-0.00000,0.12047,0.20212,0.5500,0.00000,0.00600,conformal
conformal_risk_filter,nominal,3,7,1,0.00516,0.38895,6.97075,0,1,0,0.00799,-0.00000,0.15822,0.23749,0.5500,0.00000,0.00600,conformal
conformal_risk_filter,nominal,3,8,1,0.01612,0.44315,4.22559,0,1,0,0.00449,-0.00000,0.20049,0.28441,0.5500,0.00000,0.00600,conformal
conformal_risk_filter,nominal,3,9,1,0.00904,0.34935,5.57746,0,1,0,0.01172,-0.00000,0.12091,0.20100,0.5500,0.00000,0.00600,conformal
conformal_risk_filter,nominal,3,10,1,0.01247,0.45775,6.53751,0,1,0,0.01796,-0.00000,0.22778,0.29493,0.5500,0.00000,0.00600,conformal
conformal_risk_filter,nominal,3,11,1,0.01035,0.39871,6.92963,0,1,0,0.01652,-0.00000,0.14309,0.21484,0.5500,0.00000,0.00600,conformal
conformal_risk_filter,nominal,4,0,1,0.00585,0.40195,7.07890,0,1,0,0.00401,-0.00000,0.15403,0.22461,0.5500,0.00000,0.00600,conformal
conformal_risk_filter,nominal,4,1,1,0.00818,0.44563,4.10506,0,1,0,0.00566,-0.00000,0.21853,0.29424,0.5500,0.00000,0.00600,conformal
conformal_risk_filter,nominal,4,2,1,0.00592,0.42904,7.55291,0,1,0,0.01066,-0.00000,0.17659,0.25009,0.5500,0.00000,0.00600,conformal
conformal_risk_filter,nominal,4,3,1,0.02440,0.40660,4.73744,0,1,0,0.01658,-0.00000,0.17712,0.25145,0.5500,0.00000,0.00600,conformal
conformal_risk_filter,nominal,4,4,1,0.00802,0.35860,4.12230,0,1,0,0.00465,-0.00000,0.12626,0.20621,0.5500,0.00000,0.00600,conformal
conformal_risk_filter,nominal,4,5,1,0.00539,0.45352,3.54364,0,1,0,0.00294,-0.00000,0.21399,0.29237,0.5500,0.00000,0.00600,conformal
conformal_risk_filter,nominal,4,6,1,0.01323,0.38560,6.27783,0,1,0,0.01825,-0.00000,0.14380,0.21813,0.5500,0.00000,0.00600,conformal
conformal_risk_filter,nominal,4,7,1,0.01194,0.42460,4.88366,0,1,0,0.01287,-0.00000,0.19344,0.26442,0.5500,0.00000,0.00600,conformal
conformal_risk_filter,nominal,4,8,1,0.01352,0.38072,8.68675,0,1,0,0.00851,-0.00000,0.13810,0.21114,0.5500,0.00000,0.00600,conformal
conformal_risk_filter,nominal,4,9,1,0.01148,0.43854,5.93040,0,1,0,0.00732,-0.00000,0.20310,0.28320,0.5500,0.00000,0.00600,conformal
conformal_risk_filter,nominal,4,10,1,0.01111,0.42460,7.09812,0,1,0,0.01398,-0.00000,0.19381,0.26599,0.5500,0.00000,0.00600,conformal
conformal_risk_filter,nominal,4,11,1,0.01618,0.45315,6.26716,0,1,0,0.01337,-0.00000,0.20130,0.27943,0.5500,0.00000,0.00600,conformal
conformal_risk_filter,high_friction,0,0,1,0.01842,0.46983,8.22665,0,1,0,0.00822,-0.00000,0.13295,0.20422,1.2500,0.00000,0.00800,conformal
conformal_risk_filter,high_friction,0,1,1,0.02057,0.51761,9.04119,0,1,0,0.02896,-0.00000,0.18070,0.24266,1.2500,0.00000,0.00800,conformal
conformal_risk_filter,high_friction,0,2,1,0.02005,0.52868,10.36018,0,1,0,0.01351,-0.00000,0.18319,0.25189,1.2500,0.00000,0.00800,conformal
conformal_risk_filter,high_friction,0,3,1,0.01845,0.45084,6.39322,0,1,0,0.01919,-0.00000,0.11493,0.19342,1.2500,0.00000,0.00800,conformal
conformal_risk_filter,high_friction,0,4,1,0.01913,0.48872,6.43204,0,1,0,0.01601,-0.00000,0.16197,0.23033,1.2500,0.00000,0.00800,conformal
conformal_risk_filter,high_friction,0,5,1,0.02204,0.52812,6.46307,0,1,0,0.01981,-0.00000,0.21207,0.28051,1.2500,0.00000,0.00800,conformal
conformal_risk_filter,high_friction,0,6,1,0.02121,0.45770,7.34432,0,1,0,0.01354,-0.00000,0.12891,0.20233,1.2500,0.00000,0.00800,conformal
conformal_risk_filter,high_friction,0,7,1,0.02378,0.53590,5.66036,0,1,0,0.00301,-0.00000,0.19636,0.27072,1.2500,0.00000,0.00800,conformal
conformal_risk_filter,high_friction,0,8,1,0.01412,0.48837,8.05245,0,1,0,0.00695,-0.00000,0.16005,0.23412,1.2500,0.00000,0.00800,conformal
conformal_risk_filter,high_friction,0,9,1,0.01793,0.52651,10.92644,0,1,0,0.00517,-0.00000,0.16767,0.24180,1.2500,0.00000,0.00800,conformal
conformal_risk_filter,high_friction,0,10,1,0.02033,0.42606,5.08632,0,1,0,0.01147,-0.00000,0.11969,0.19537,1.2500,0.00000,0.00800,conformal
conformal_risk_filter,high_friction,0,11,1,0.02068,0.50549,6.34872,0,1,0,0.01418,-0.00000,0.18505,0.25280,1.2500,0.00000,0.00800,conformal
conformal_risk_filter,high_friction,1,0,1,0.01803,0.48785,5.70963,0,1,0,0.01720,-0.00000,0.16515,0.23280,1.2500,0.00000,0.00800,conformal
conformal_risk_filter,high_friction,1,1,1,0.01760,0.45788,6.45181,0,1,0,0.00525,-0.00000,0.12552,0.20048,1.2500,0.00000,0.00800,conformal
conformal_risk_filter,high_friction,1,2,1,0.02042,0.51437,7.47221,0,1,0,0.00888,-0.00000,0.15243,0.22907,1.2500,0.00000,0.00800,conformal
conformal_risk_filter,high_friction,1,3,1,0.02176,0.44913,7.90757,0,1,0,0.00492,-0.00000,0.12622,0.20029,1.2500,0.00000,0.00800,conformal
conformal_risk_filter,high_friction,1,4,1,0.01323,0.48277,6.89351,0,1,0,0.01197,-0.00000,0.15581,0.22758,1.2500,0.00000,0.00800,conformal
conformal_risk_filter,high_friction,1,5,1,0.01302,0.45212,5.89213,0,1,0,0.01660,-0.00000,0.13334,0.20028,1.2500,0.00000,0.00800,conformal
conformal_risk_filter,high_friction,1,6,1,0.01657,0.43489,5.71267,0,1,0,0.02710,-0.00000,0.12094,0.18636,1.2500,0.00000,0.00800,conformal
conformal_risk_filter,high_friction,1,7,1,0.01880,0.46523,6.24751,0,1,0,0.01699,-0.00000,0.12699,0.19572,1.2500,0.00000,0.00800,conformal
conformal_risk_filter,high_friction,1,8,1,0.01803,0.54459,9.12727,0,1,0,0.01576,-0.00000,0.19293,0.26551,1.2500,0.00000,0.00800,conformal
conformal_risk_filter,high_friction,1,9,1,0.01936,0.51591,6.73484,0,1,0,0.01948,-0.00000,0.16611,0.23397,1.2500,0.00000,0.00800,conformal
conformal_risk_filter,high_friction,1,10,1,0.02026,0.56240,6.73406,0,1,0,0.01251,-0.00000,0.21104,0.28122,1.2500,0.00000,0.00800,conformal
conformal_risk_filter,high_friction,1,11,1,0.01843,0.46687,7.45011,0,1,0,0.01043,-0.00000,0.12651,0.20267,1.2500,0.00000,0.00800,conformal
conformal_risk_filter,high_friction,2,0,1,0.01907,0.55930,10.39890,0,1,0,0.00743,-0.00000,0.20132,0.27640,1.2500,0.00000,0.00800,conformal
conformal_risk_filter,high_friction,2,1,1,0.01761,0.52485,7.46781,0,1,0,0.00723,-0.00000,0.18921,0.26216,1.2500,0.00000,0.00800,conformal
conformal_risk_filter,high_friction,2,2,1,0.01612,0.46698,8.11248,0,1,0,0.01006,-0.00000,0.12940,0.20073,1.2500,0.00000,0.00800,conformal
conformal_risk_filter,high_friction,2,3,1,0.01974,0.44368,7.21194,0,1,0,0.01376,-0.00000,0.11539,0.18705,1.2500,0.00000,0.00800,conformal
conformal_risk_filter,high_friction,2,4,1,0.01788,0.44065,5.48311,0,1,0,0.00343,-0.00000,0.11567,0.18858,1.2500,0.00000,0.00800,conformal
conformal_risk_filter,high_friction,2,5,1,0.02250,0.52436,6.47290,0,1,0,0.03401,-0.00000,0.20331,0.26391,1.2500,0.00000,0.00800,conformal
conformal_risk_filter,high_friction,2,6,1,0.01680,0.54357,7.46857,0,1,0,0.02481,-0.00000,0.19250,0.27181,1.2500,0.00000,0.00800,conformal
conformal_risk_filter,high_friction,2,7,1,0.02475,0.54909,10.40907,0,1,0,0.01835,-0.00000,0.20764,0.27600,1.2500,0.00000,0.00800,conformal
conformal_risk_filter,high_friction,2,8,1,0.01033,0.45223,7.24735,0,1,0,0.01702,-0.00000,0.12783,0.19627,1.2500,0.00000,0.00800,conformal
conformal_risk_filter,high_friction,2,9,1,0.02127,0.42679,6.39430,0,1,0,0.01698,-0.00000,0.11893,0.19173,1.2500,0.00000,0.00800,conformal
conformal_risk_filter,high_friction,2,10,1,0.02086,0.51494,6.13169,0,1,0,0.01163,-0.00000,0.18232,0.25090,1.2500,0.00000,0.00800,conformal
conformal_risk_filter,high_friction,2,11,1,0.02575,0.53270,5.69230,0,1,0,0.02422,-0.00000,0.21139,0.27576,1.2500,0.00000,0.00800,conformal
conformal_risk_filter,high_friction,3,0,1,0.02150,0.49961,5.98792,0,1,0,0.00522,-0.00000,0.15816,0.23478,1.2500,0.00000,0.00800,conformal
conformal_risk_filter,high_friction,3,1,1,0.01733,0.46219,8.21868,0,1,0,0.02008,-0.00000,0.14354,0.21021,1.2500,0.00000,0.00800,conformal
conformal_risk_filter,high_friction,3,2,1,0.02504,0.48905,7.77273,0,1,0,0.02221,-0.00000,0.15927,0.22468,1.2500,0.00000,0.00800,conformal
conformal_risk_filter,high_friction,3,3,1,0.01839,0.49940,8.45695,0,1,0,0.01295,-0.00000,0.15791,0.22722,1.2500,0.00000,0.00800,conformal
conformal_risk_filter,high_friction,3,4,1,0.01749,0.49274,6.69279,0,1,0,0.00860,-0.00000,0.16040,0.23489,1.2500,0.00000,0.00800,conformal
conformal_risk_filter,high_friction,3,5,1,0.01583,0.48424,7.56397,0,1,0,0.00978,-0.00000,0.14287,0.21789,1.2500,0.00000,0.00800,conformal
conformal_risk_filter,high_friction,3,6,1,0.01763,0.53004,11.32067,0,1,0,0.01396,-0.00000,0.19773,0.26823,1.2500,0.00000,0.00800,conformal
conformal_risk_filter,high_friction,3,7,1,0.01953,0.50942,7.77335,0,1,0,0.00420,-0.00000,0.17020,0.24554,1.2500,0.00000,0.00800,conformal
conformal_risk_filter,high_friction,3,8,1,0.02064,0.53561,8.74344,0,1,0,0.01367,-0.00000,0.17627,0.24523,1.2500,0.00000,0.00800,conformal
conformal_risk_filter,high_friction,3,9,1,0.01623,0.51957,8.21809,0,1,0,0.01282,-0.00000,0.17645,0.24703,1.2500,0.00000,0.00800,conformal
conformal_risk_filter,high_friction,3,10,1,0.01947,0.46442,7.26582,0,1,0,0.01324,-0.00000,0.13299,0.20212,1.2500,0.00000,0.00800,conformal
conformal_risk_filter,high_friction,3,11,1,0.01849,0.49815,11.42603,0,1,0,0.01319,-0.00000,0.15770,0.22803,1.2500,0.00000,0.00800,conformal
conformal_risk_filter,high_friction,4,0,1,0.01960,0.48103,6.90236,0,1,0,0.01759,-0.00000,0.14315,0.22072,1.2500,0.00000,0.00800,conformal
conformal_risk_filter,high_friction,4,1,1,0.01796,0.45913,6.54791,0,1,0,0.02379,-0.00000,0.14582,0.21158,1.2500,0.00000,0.00800,conformal
conformal_risk_filter,high_friction,4,2,1,0.01980,0.45130,6.45405,0,1,0,0.01150,-0.00000,0.13579,0.20547,1.2500,0.00000,0.00800,conformal
conformal_risk_filter,high_friction,4,3,1,0.01567,0.54397,7.48962,0,1,0,0.01271,-0.00000,0.20296,0.27549,1.2500,0.00000,0.00800,conformal
conformal_risk_filter,high_friction,4,4,1,0.01780,0.46678,6.32829,0,1,0,0.01125,-0.00000,0.13888,0.21567,1.2500,0.00000,0.00800,conformal
conformal_risk_filter,high_friction,4,5,1,0.01934,0.49635,6.60119,0,1,0,0.01594,-0.00000,0.14915,0.22900,1.2500,0.00000,0.00800,conformal
conformal_risk_filter,high_friction,4,6,1,0.02121,0.49825,7.62033,0,1,0,0.00926,-0.00000,0.14652,0.22169,1.2500,0.00000,0.00800,conformal
conformal_risk_filter,high_friction,4,7,1,0.02341,0.53320,7.13802,0,1,0,0.01507,-0.00000,0.17309,0.24994,1.2500,0.00000,0.00800,conformal
conformal_risk_filter,high_friction,4,8,1,0.01804,0.43004,6.40320,0,1,0,0.00490,-0.00000,0.11521,0.19033,1.2500,0.00000,0.00800,conformal
conformal_risk_filter,high_friction,4,9,1,0.01646,0.45219,7.04372,0,1,0,0.01453,-0.00000,0.13064,0.19884,1.2500,0.00000,0.00800,conformal
conformal_risk_filter,high_friction,4,10,1,0.01626,0.46615,8.00835,0,1,0,0.01071,-0.00000,0.14108,0.21143,1.2500,0.00000,0.00800,conformal
conformal_risk_filter,high_friction,4,11,1,0.02188,0.47863,6.35453,0,1,0,0.00879,-0.00000,0.15967,0.23081,1.2500,0.00000,0.00800,conformal
conformal_risk_filter,low_friction,0,0,1,0.01713,0.43216,3.37057,0,1,0,0.01390,-0.00000,0.23303,0.31785,0.2200,0.00000,0.00800,conformal
conformal_risk_filter,low_friction,0,1,1,0.02062,0.40002,2.82914,0,1,0,0.01458,-0.00000,0.19749,0.28512,0.2200,0.00000,0.00800,conformal
conformal_risk_filter,low_friction,0,2,1,0.01423,0.31530,2.45327,0,1,0,0.00472,-0.00000,0.11687,0.20140,0.2200,0.00000,0.00800,conformal
conformal_risk_filter,low_friction,0,3,1,0.00623,0.32718,2.34336,0,1,0,0.02180,-0.00000,0.13991,0.21588,0.2200,0.00000,0.00800,conformal
conformal_risk_filter,low_friction,0,4,1,0.00678,0.34614,2.66860,0,1,0,0.01484,-0.00000,0.14916,0.23208,0.2200,0.00000,0.00800,conformal
conformal_risk_filter,low_friction,0,5,1,0.01277,0.37566,2.37550,0,1,0,0.00319,-0.00000,0.17626,0.26235,0.2200,0.00000,0.00800,conformal
conformal_risk_filter,low_friction,0,6,1,0.02263,0.42618,2.18318,0,1,0,0.00318,-0.00000,0.22822,0.31303,0.2200,0.00000,0.00800,conformal
conformal_risk_filter,low_friction,0,7,1,0.00830,0.32563,2.41148,0,1,0,0.01166,-0.00000,0.13094,0.20975,0.2200,0.00000,0.00800,conformal
conformal_risk_filter,low_friction,0,8,1,0.00874,0.42435,3.50386,0,1,0,0.00283,-0.00000,0.22383,0.30727,0.2200,0.00000,0.00800,conformal
conformal_risk_filter,low_friction,0,9,1,0.00828,0.39891,3.68238,0,1,0,0.00519,-0.00000,0.19623,0.28113,0.2200,0.00000,0.00800,conformal
conformal_risk_filter,low_friction,0,10,1,0.00930,0.30513,2.53699,0,1,0,0.03024,-0.00000,0.11783,0.19223,0.2200,0.00000,0.00800,conformal
conformal_risk_filter,low_friction,0,11,1,0.01475,0.38088,3.24470,0,1,0,0.00627,-0.00000,0.17621,0.26588,0.2200,0.00000,0.00800,conformal
conformal_risk_filter,low_friction,1,0,1,0.01073,0.38670,2.36114,0,1,0,0.01568,-0.00000,0.19460,0.27745,0.2200,0.00000,0.00800,conformal
conformal_risk_filter,low_friction,1,1,1,0.01510,0.38137,2.34981,0,1,0,0.00454,-0.00000,0.18682,0.26978,0.2200,0.00000,0.00800,conformal
conformal_risk_filter,low_friction,1,2,1,0.01437,0.42395,3.61697,0,1,0,0.01808,-0.00000,0.23174,0.31142,0.2200,0.00000,0.00800,conformal
conformal_risk_filter,low_friction,1,3,1,0.01541,0.37088,3.24677,0,1,0,0.00525,-0.00000,0.17334,0.25818,0.2200,0.00000,0.00800,conformal
conformal_risk_filter,low_friction,1,4,1,0.00342,0.32472,2.49507,0,1,0,0.01454,-0.00000,0.12375,0.21359,0.2200,0.00000,0.00800,conformal
conformal_risk_filter,low_friction,1,5,1,0.00788,0.33406,3.23888,0,1,0,0.02145,-0.00000,0.14312,0.21874,0.2200,0.00000,0.00800,conformal
conformal_risk_filter,low_friction,1,6,1,0.01441,0.32803,2.21509,0,1,0,0.01789,-0.00000,0.14034,0.21964,0.2200,0.00000,0.00800,conformal
conformal_risk_filter,low_friction,1,7,1,0.00159,0.30556,2.02600,0,1,0,0.00683,-0.00000,0.11334,0.19411,0.2200,0.00000,0.00800,conformal
conformal_risk_filter,low_friction,1,8,1,0.01402,0.40038,3.81673,0,1,0,0.01409,-0.00000,0.19665,0.28255,0.2200,0.00000,0.00800,conformal
conformal_risk_filter,low_friction,1,9,1,0.01361,0.41195,3.53626,0,1,0,0.00471,-0.00000,0.21362,0.29961,0.2200,0.00000,0.00800,conformal
conformal_risk_filter,low_friction,1,10,1,0.01224,0.39196,2.37510,0,1,0,0.01464,-0.00000,0.18920,0.27932,0.2200,0.00000,0.00800,conformal
conformal_risk_filter,low_friction,1,11,1,0.01139,0.39342,2.63298,0,1,0,0.01554,-0.00000,0.19838,0.28105,0.2200,0.00000,0.00800,conformal
conformal_risk_filter,low_friction,2,0,1,0.00853,0.40925,3.71563,0,1,0,0.02864,-0.00000,0.22035,0.29475,0.2200,0.00000,0.00800,conformal
conformal_risk_filter,low_friction,2,1,1,0.01617,0.36714,2.96007,0,1,0,0.00608,-0.00000,0.16457,0.25230,0.2200,0.00000,0.00800,conformal
conformal_risk_filter,low_friction,2,2,1,0.01334,0.32567,2.02918,0,1,0,0.02297,-0.00000,0.13210,0.21164,0.2200,0.00000,0.00800,conformal
conformal_risk_filter,low_friction,2,3,1,0.00692,0.31164,2.24246,0,1,0,0.00866,-0.00000,0.11503,0.19762,0.2200,0.00000,0.00800,conformal
conformal_risk_filter,low_friction,2,4,1,0.01139,0.34407,2.02163,0,1,0,0.01836,-0.00000,0.15326,0.23235,0.2200,0.00000,0.00800,conformal
conformal_risk_filter,low_friction,2,5,1,0.01037,0.38749,3.41436,0,1,0,0.01882,-0.00000,0.19520,0.26997,0.2200,0.00000,0.00800,conformal
conformal_risk_filter,low_friction,2,6,1,0.01417,0.34446,2.94160,0,1,0,0.01961,-0.00000,0.14034,0.22696,0.2200,0.00000,0.00800,conformal
conformal_risk_filter,low_friction,2,7,1,0.00639,0.34016,2.40935,0,1,0,0.01917,-0.00000,0.14731,0.22539,0.2200,0.00000,0.00800,conformal
conformal_risk_filter,low_friction,2,8,1,0.00460,0.33529,2.40227,0,1,0,0.01898,-0.00000,0.13970,0.22025,0.2200,0.00000,0.00800,conformal
conformal_risk_filter,low_friction,2,9,1,0.00643,0.35151,2.54897,0,1,0,0.00635,-0.00000,0.15683,0.23849,0.2200,0.00000,0.00800,conformal
conformal_risk_filter,low_friction,2,10,1,0.00944,0.38109,2.19242,0,1,0,0.02315,-0.00000,0.18999,0.27017,0.2200,0.00000,0.00800,conformal
conformal_risk_filter,low_friction,2,11,1,0.01045,0.40644,2.39027,0,1,0,0.01930,-0.00000,0.21309,0.29215,0.2200,0.00000,0.00800,conformal
conformal_risk_filter,low_friction,3,0,1,0.01089,0.37180,2.89529,0,1,0,0.00946,-0.00000,0.17404,0.25615,0.2200,0.00000,0.00800,conformal
conformal_risk_filter,low_friction,3,1,1,0.00917,0.37282,2.30658,0,1,0,0.00424,-0.00000,0.17666,0.25815,0.2200,0.00000,0.00800,conformal
conformal_risk_filter,low_friction,3,2,1,0.00493,0.33164,2.03653,0,1,0,0.00963,-0.00000,0.14060,0.22144,0.2200,0.00000,0.00800,conformal
conformal_risk_filter,low_friction,3,3,1,0.01071,0.38158,2.35219,0,1,0,0.02288,-0.00000,0.19158,0.26689,0.2200,0.00000,0.00800,conformal
conformal_risk_filter,low_friction,3,4,1,0.00822,0.35319,2.72446,0,1,0,0.01410,-0.00000,0.16075,0.23868,0.2200,0.00000,0.00800,conformal
conformal_risk_filter,low_friction,3,5,1,0.01002,0.38400,3.27414,0,1,0,0.01527,-0.00000,0.18340,0.26875,0.2200,0.00000,0.00800,conformal
conformal_risk_filter,low_friction,3,6,1,0.00436,0.31713,2.44977,0,1,0,0.01210,-0.00000,0.12232,0.20085,0.2200,0.00000,0.00800,conformal
conformal_risk_filter,low_friction,3,7,1,0.00426,0.31566,2.83071,0,1,0,0.00238,-0.00000,0.11656,0.20020,0.2200,0.00000,0.00800,conformal
conformal_risk_filter,low_friction,3,8,1,0.01537,0.37201,2.14832,0,1,0,0.02121,-0.00000,0.18321,0.26031,0.2200,0.00000,0.00800,conformal
conformal_risk_filter,low_friction,3,9,1,0.01432,0.37651,3.01385,0,1,0,0.01104,-0.00000,0.17067,0.25614,0.2200,0.00000,0.00800,conformal
conformal_risk_filter,low_friction,3,10,1,0.02085,0.39487,3.52535,0,1,0,0.00662,-0.00000,0.18749,0.27429,0.2200,0.00000,0.00800,conformal
conformal_risk_filter,low_friction,3,11,1,0.00804,0.40532,4.05001,0,1,0,0.01357,-0.00000,0.20952,0.28904,0.2200,0.00000,0.00800,conformal
conformal_risk_filter,low_friction,4,0,1,0.00886,0.32800,3.09412,0,1,0,0.01443,-0.00000,0.13659,0.21578,0.2200,0.00000,0.00800,conformal
conformal_risk_filter,low_friction,4,1,1,0.01298,0.37801,2.78258,0,1,0,0.00561,-0.00000,0.18087,0.26508,0.2200,0.00000,0.00800,conformal
conformal_risk_filter,low_friction,4,2,1,0.00428,0.31949,2.55543,0,1,0,0.00375,-0.00000,0.12666,0.20864,0.2200,0.00000,0.00800,conformal
conformal_risk_filter,low_friction,4,3,1,0.01487,0.38277,2.29718,0,1,0,0.01300,-0.00000,0.18861,0.27088,0.2200,0.00000,0.00800,conformal
conformal_risk_filter,low_friction,4,4,1,0.03495,0.38607,2.86126,0,1,0,0.01641,-0.00000,0.19059,0.27608,0.2200,0.00000,0.00800,conformal
conformal_risk_filter,low_friction,4,5,1,0.00583,0.32639,2.34023,0,1,0,0.00161,-0.00000,0.12878,0.21139,0.2200,0.00000,0.00800,conformal
conformal_risk_filter,low_friction,4,6,1,0.01136,0.35917,2.14310,0,1,0,0.01581,-0.00000,0.16868,0.24832,0.2200,0.00000,0.00800,conformal
conformal_risk_filter,low_friction,4,7,1,0.01223,0.33130,1.94947,0,1,0,0.02071,-0.00000,0.14284,0.22093,0.2200,0.00000,0.00800,conformal
conformal_risk_filter,low_friction,4,8,1,0.02257,0.35491,2.64925,0,1,0,0.01246,-0.00000,0.15800,0.23849,0.2200,0.00000,0.00800,conformal
conformal_risk_filter,low_friction,4,9,1,0.01351,0.36885,3.00214,0,1,0,0.00471,-0.00000,0.15896,0.24941,0.2200,0.00000,0.00800,conformal
conformal_risk_filter,low_friction,4,10,1,0.00994,0.35662,2.24965,0,1,0,0.01143,-0.00000,0.16281,0.24188,0.2200,0.00000,0.00800,conformal
conformal_risk_filter,low_friction,4,11,1,0.01598,0.41777,3.79033,0,1,0,0.00595,-0.00000,0.21057,0.29859,0.2200,0.00000,0.00800,conformal
conformal_risk_filter,vision_bias,0,0,0,0.10137,0.40702,58.10702,0,1,0,0.00795,-0.00000,0.06200,0.16696,0.6000,0.05200,0.00700,conformal
conformal_risk_filter,vision_bias,0,1,0,0.09472,0.39535,4.94408,0,1,0,0.01730,-0.00000,0.12542,0.23239,0.6000,0.05200,0.00700,conformal
conformal_risk_filter,vision_bias,0,2,0,0.09285,0.39170,5.96284,0,1,0,0.03599,-0.00000,0.15741,0.24580,0.6000,0.05200,0.00700,conformal
conformal_risk_filter,vision_bias,0,3,1,0.04568,0.41796,7.84157,0,1,0,0.05851,-0.00000,0.21407,0.24590,0.6000,0.05200,0.00700,conformal
conformal_risk_filter,vision_bias,0,4,1,0.01098,0.42785,8.11813,0,1,0,0.00536,-0.00000,0.13361,0.16029,0.6000,0.05200,0.00700,conformal
conformal_risk_filter,vision_bias,0,5,0,0.17848,0.34735,3.52681,0,1,0,0.01342,-0.00000,0.02908,0.22115,0.6000,0.05200,0.00700,conformal
conformal_risk_filter,vision_bias,0,6,0,0.11499,0.37667,5.50611,0,1,0,0.01333,-0.00000,0.10544,0.22712,0.6000,0.05200,0.00700,conformal
conformal_risk_filter,vision_bias,0,7,0,0.09666,0.39667,5.32541,0,1,0,0.03421,-0.00000,0.13938,0.23774,0.6000,0.05200,0.00700,conformal
conformal_risk_filter,vision_bias,0,8,0,0.12359,0.70292,48.69248,0,1,0,0.01287,-0.00000,0.14336,0.18501,0.6000,0.05200,0.00700,conformal
conformal_risk_filter,vision_bias,0,9,0,0.09049,0.26667,4.66687,0,1,0,0.05581,-0.00000,0.06236,0.13310,0.6000,0.05200,0.00700,conformal
conformal_risk_filter,vision_bias,0,10,1,0.03370,0.33601,6.54103,0,1,0,0.05076,-0.00000,0.13640,0.17833,0.6000,0.05200,0.00700,conformal
conformal_risk_filter,vision_bias,0,11,0,0.14908,0.36902,4.45632,0,1,0,0.01066,-0.00000,0.03899,0.22794,0.6000,0.05200,0.00700,conformal
conformal_risk_filter,vision_bias,1,0,1,0.00319,0.52939,9.28321,0,1,0,0.00181,-0.00000,0.23102,0.23838,0.6000,0.05200,0.00700,conformal
conformal_risk_filter,vision_bias,1,1,0,0.22493,0.39623,2.74938,0,1,0,0.01191,-0.00000,0.02141,0.27894,0.6000,0.05200,0.00700,conformal
conformal_risk_filter,vision_bias,1,2,1,0.02205,0.37530,6.09459,0,1,0,0.04824,-0.00000,0.17776,0.22224,0.6000,0.05200,0.00700,conformal
conformal_risk_filter,vision_bias,1,3,1,0.00687,0.46755,8.58597,0,1,0,0.00417,-0.00000,0.15604,0.20173,0.6000,0.05200,0.00700,conformal
conformal_risk_filter,vision_bias,1,4,1,0.00773,0.41666,8.87472,0,1,0,0.00470,-0.00000,0.12596,0.16180,0.6000,0.05200,0.00700,conformal
conformal_risk_filter,vision_bias,1,5,0,0.12865,0.38980,6.42149,0,1,0,0.01036,-0.00000,0.09840,0.24103,0.6000,0.05200,0.00700,conformal
conformal_risk_filter,vision_bias,1,6,1,0.00851,0.37442,6.82627,0,1,0,0.03590,-0.00000,0.14184,0.21059,0.6000,0.05200,0.00700,conformal
conformal_risk_filter,vision_bias,1,7,1,0.04649,0.40546,4.44561,0,1,0,0.06165,-0.00000,0.20761,0.24511,0.6000,0.05200,0.00700,conformal
conformal_risk_filter,vision_bias,1,8,0,0.13635,0.39704,4.69429,0,1,0,0.01279,-0.00000,0.09787,0.25157,0.6000,0.05200,0.00700,conformal
conformal_risk_filter,vision_bias,1,9,1,0.01118,0.42670,5.97164,0,1,0,0.02177,-0.00000,0.19457,0.26498,0.6000,0.05200,0.00700,conformal
conformal_risk_filter,vision_bias,1,10,0,0.07540,0.42646,10.32999,0,1,0,0.05452,-0.00000,0.22028,0.26427,0.6000,0.05200,0.00700,conformal
conformal_risk_filter,vision_bias,1,11,0,0.09019,0.43572,6.61423,0,1,0,0.00899,-0.00000,0.15501,0.26751,0.6000,0.05200,0.00700,conformal
conformal_risk_filter,vision_bias,2,0,0,0.14583,0.31669,2.52956,0,1,0,0.00308,-0.00000,0.02386,0.18890,0.6000,0.05200,0.00700,conformal
conformal_risk_filter,vision_bias,2,1,1,0.03003,0.33927,5.63785,0,1,0,0.07958,-0.00000,0.17448,0.18795,0.6000,0.05200,0.00700,conformal
conformal_risk_filter,vision_bias,2,2,1,0.04104,0.39940,4.97293,0,1,0,0.00963,-0.00000,0.16640,0.24404,0.6000,0.05200,0.00700,conformal
conformal_risk_filter,vision_bias,2,3,1,0.05336,0.41350,7.25914,0,1,0,0.06092,-0.00000,0.20474,0.24681,0.6000,0.05200,0.00700,conformal
conformal_risk_filter,vision_bias,2,4,1,0.03197,0.27179,4.71472,0,1,0,0.04236,-0.00000,0.07230,0.12228,0.6000,0.05200,0.00700,conformal
conformal_risk_filter,vision_bias,2,5,0,0.15856,0.39463,5.26407,0,1,0,0.00892,-0.00000,0.07372,0.24263,0.6000,0.05200,0.00700,conformal
conformal_risk_filter,vision_bias,2,6,1,0.03567,0.33844,8.53764,0,1,0,0.00482,-0.00000,0.08548,0.16215,0.6000,0.05200,0.00700,conformal
conformal_risk_filter,vision_bias,2,7,0,0.15251,0.33818,2.61189,0,1,0,0.00520,-0.00000,0.02723,0.21059,0.6000,0.05200,0.00700,conformal
conformal_risk_filter,vision_bias,2,8,0,0.13803,0.36163,3.99124,0,1,0,0.00565,-0.00000,0.04425,0.22856,0.6000,0.05200,0.00700,conformal
conformal_risk_filter,vision_bias,2,9,0,0.13495,0.32146,4.85707,0,1,0,0.05964,-0.00000,0.10372,0.17993,0.6000,0.05200,0.00700,conformal
conformal_risk_filter,vision_bias,2,10,0,0.13759,0.40886,3.16171,0,1,0,0.01364,-0.00000,0.10793,0.27101,0.6000,0.05200,0.00700,conformal
conformal_risk_filter,vision_bias,2,11,1,0.04068,0.44920,10.73705,0,1,0,0.05946,-0.00000,0.25240,0.26975,0.6000,0.05200,0.00700,conformal
conformal_risk_filter,vision_bias,3,0,1,0.07459,0.37555,4.83244,0,1,0,0.03391,-0.00000,0.14405,0.22335,0.6000,0.05200,0.00700,conformal
conformal_risk_filter,vision_bias,3,1,0,0.09908,0.40712,5.13245,0,1,0,0.02679,-0.00000,0.14491,0.25297,0.6000,0.05200,0.00700,conformal
conformal_risk_filter,vision_bias,3,2,1,0.07288,0.40795,7.27479,0,1,0,0.04863,-0.00000,0.20683,0.25985,0.6000,0.05200,0.00700,conformal
conformal_risk_filter,vision_bias,3,3,1,0.02524,0.39359,4.09253,0,1,0,0.03594,-0.00000,0.18548,0.24979,0.6000,0.05200,0.00700,conformal
conformal_risk_filter,vision_bias,3,4,0,0.14173,0.34713,4.95348,0,1,0,0.02599,-0.00000,0.05115,0.21620,0.6000,0.05200,0.00700,conformal
conformal_risk_filter,vision_bias,3,5,0,0.08634,0.43694,6.53220,0,1,0,0.01311,-0.00000,0.16532,0.26726,0.6000,0.05200,0.00700,conformal
conformal_risk_filter,vision_bias,3,6,1,0.05505,0.36771,5.11848,0,1,0,0.01032,-0.00000,0.12654,0.20490,0.6000,0.05200,0.00700,conformal
conformal_risk_filter,vision_bias,3,7,1,0.07052,0.43888,6.50109,0,1,0,0.01893,-0.00000,0.18061,0.27848,0.6000,0.05200,0.00700,conformal
conformal_risk_filter,vision_bias,3,8,1,0.04855,0.36652,8.04128,0,1,0,0.05276,-0.00000,0.16400,0.19854,0.6000,0.05200,0.00700,conformal
conformal_risk_filter,vision_bias,3,9,0,0.08529,0.38678,5.29303,0,1,0,0.01136,-0.00000,0.12978,0.22549,0.6000,0.05200,0.00700,conformal
conformal_risk_filter,vision_bias,3,10,1,0.03950,0.46776,11.43814,0,1,0,0.02928,-0.00000,0.24638,0.31261,0.6000,0.05200,0.00700,conformal
conformal_risk_filter,vision_bias,3,11,0,0.09048,0.40445,5.35019,0,1,0,0.03905,-0.00000,0.14817,0.22861,0.6000,0.05200,0.00700,conformal
conformal_risk_filter,vision_bias,4,0,0,0.11821,0.39261,6.08517,0,1,0,0.01839,-0.00000,0.08955,0.22373,0.6000,0.05200,0.00700,conformal
conformal_risk_filter,vision_bias,4,1,1,0.00677,0.43418,7.96674,0,1,0,0.04479,-0.00000,0.22489,0.26712,0.6000,0.05200,0.00700,conformal
conformal_risk_filter,vision_bias,4,2,0,0.16975,0.41932,3.37001,0,1,0,0.01723,-0.00000,0.06207,0.29360,0.6000,0.05200,0.00700,conformal
conformal_risk_filter,vision_bias,4,3,0,0.29298,0.31230,0.00000,0,0,0,0.01123,-0.00000,0.00000,0.23079,0.6000,0.05200,0.00700,conformal
conformal_risk_filter,vision_bias,4,4,1,0.06109,0.40031,6.08324,0,1,0,0.03541,-0.00000,0.17025,0.24749,0.6000,0.05200,0.00700,conformal
conformal_risk_filter,vision_bias,4,5,1,0.02706,0.38623,5.91970,0,1,0,0.04089,-0.00000,0.15676,0.21010,0.6000,0.05200,0.00700,conformal
conformal_risk_filter,vision_bias,4,6,1,0.06379,0.29334,4.71115,0,1,0,0.05969,-0.00000,0.11241,0.15182,0.6000,0.05200,0.00700,conformal
conformal_risk_filter,vision_bias,4,7,1,0.00646,0.51235,9.36161,0,1,0,0.01121,-0.00000,0.17992,0.22951,0.6000,0.05200,0.00700,conformal
conformal_risk_filter,vision_bias,4,8,0,0.14098,0.43789,5.80913,0,1,0,0.01308,-0.00000,0.09750,0.26675,0.6000,0.05200,0.00700,conformal
conformal_risk_filter,vision_bias,4,9,1,0.05800,0.35277,6.65616,0,1,0,0.07109,-0.00000,0.16257,0.18889,0.6000,0.05200,0.00700,conformal
conformal_risk_filter,vision_bias,4,10,0,0.18741,0.33267,3.36495,0,1,0,0.01281,-0.00000,0.02084,0.22040,0.6000,0.05200,0.00700,conformal
conformal_risk_filter,vision_bias,4,11,1,0.03169,0.41082,9.06710,0,1,0,0.05215,-0.00000,0.20184,0.22910,0.6000,0.05200,0.00700,conformal
conformal_risk_filter,tactile_noise,0,0,1,0.02593,0.36718,6.00113,0,1,0,0.04246,-0.00000,0.10853,0.17151,0.6200,0.00000,0.04000,conformal
conformal_risk_filter,tactile_noise,0,1,1,0.03480,0.34988,7.40806,0,1,0,0.08652,-0.00000,0.15192,0.16739,0.6200,0.00000,0.04000,conformal
conformal_risk_filter,tactile_noise,0,2,1,0.01834,0.37689,7.05724,0,1,0,0.04090,-0.00000,0.13521,0.20621,0.6200,0.00000,0.04000,conformal
conformal_risk_filter,tactile_noise,0,3,1,0.04807,0.40006,4.42851,0,1,0,0.06875,-0.00000,0.13023,0.24215,0.6200,0.00000,0.04000,conformal
conformal_risk_filter,tactile_noise,0,4,1,0.03362,0.32058,7.47435,0,1,0,0.09884,-0.00000,0.10438,0.11824,0.6200,0.00000,0.04000,conformal
conformal_risk_filter,tactile_noise,0,5,1,0.07250,0.34336,4.05333,0,1,0,0.08839,-0.00000,0.13269,0.17628,0.6200,0.00000,0.04000,conformal
conformal_risk_filter,tactile_noise,0,6,1,0.04888,0.39349,5.30948,0,1,0,0.07151,-0.00000,0.09896,0.23062,0.6200,0.00000,0.04000,conformal
conformal_risk_filter,tactile_noise,0,7,1,0.04864,0.32212,8.14760,0,1,0,0.05541,-0.00000,0.07615,0.14673,0.6200,0.00000,0.04000,conformal
conformal_risk_filter,tactile_noise,0,8,1,0.00378,0.36494,5.14068,0,1,0,0.03357,-0.00000,0.13109,0.19853,0.6200,0.00000,0.04000,conformal
conformal_risk_filter,tactile_noise,0,9,1,0.00652,0.39808,8.24706,0,1,0,0.02943,-0.00000,0.15021,0.21640,0.6200,0.00000,0.04000,conformal
conformal_risk_filter,tactile_noise,0,10,1,0.00958,0.45795,7.55539,0,1,0,0.01720,-0.00000,0.20885,0.28353,0.6200,0.00000,0.04000,conformal
conformal_risk_filter,tactile_noise,0,11,1,0.01347,0.35551,5.15269,0,1,0,0.04351,-0.00000,0.12382,0.17294,0.6200,0.00000,0.04000,conformal
conformal_risk_filter,tactile_noise,1,0,1,0.00812,0.41752,4.28963,0,1,0,0.03916,-0.00000,0.14901,0.25691,0.6200,0.00000,0.04000,conformal
conformal_risk_filter,tactile_noise,1,1,1,0.03896,0.39090,6.57569,0,1,0,0.05291,-0.00000,0.11541,0.22686,0.6200,0.00000,0.04000,conformal
conformal_risk_filter,tactile_noise,1,2,1,0.04591,0.40845,7.35095,0,1,0,0.08048,-0.00000,0.10266,0.24478,0.6200,0.00000,0.04000,conformal
conformal_risk_filter,tactile_noise,1,3,0,0.09536,0.38206,5.47220,0,1,0,0.06925,-0.00000,0.12960,0.22329,0.6200,0.00000,0.04000,conformal
conformal_risk_filter,tactile_noise,1,4,1,0.03760,0.37009,5.93479,0,1,0,0.05747,-0.00000,0.12901,0.21431,0.6200,0.00000,0.04000,conformal
conformal_risk_filter,tactile_noise,1,5,1,0.00564,0.35563,6.65237,0,1,0,0.04798,-0.00000,0.12975,0.17537,0.6200,0.00000,0.04000,conformal
conformal_risk_filter,tactile_noise,1,6,1,0.06451,0.39744,4.36652,0,1,0,0.06220,-0.00000,0.17307,0.21902,0.6200,0.00000,0.04000,conformal
conformal_risk_filter,tactile_noise,1,7,1,0.04923,0.43490,7.49810,0,1,0,0.06959,-0.00000,0.16363,0.28373,0.6200,0.00000,0.04000,conformal
conformal_risk_filter,tactile_noise,1,8,0,0.08663,0.40430,6.15104,0,1,0,0.07613,-0.00000,0.16064,0.25111,0.6200,0.00000,0.04000,conformal
conformal_risk_filter,tactile_noise,1,9,0,0.09273,0.33616,5.59839,0,1,0,0.07984,-0.00000,0.08604,0.16290,0.6200,0.00000,0.04000,conformal
conformal_risk_filter,tactile_noise,1,10,1,0.05894,0.33821,5.06763,0,1,0,0.10339,-0.00000,0.08558,0.18169,0.6200,0.00000,0.04000,conformal
conformal_risk_filter,tactile_noise,1,11,1,0.02057,0.44577,10.25431,0,1,0,0.02242,-0.00000,0.17489,0.25653,0.6200,0.00000,0.04000,conformal
conformal_risk_filter,tactile_noise,2,0,1,0.03496,0.38464,6.65131,0,1,0,0.05017,-0.00000,0.16693,0.20647,0.6200,0.00000,0.04000,conformal
conformal_risk_filter,tactile_noise,2,1,1,0.00832,0.43484,8.23259,0,1,0,0.03108,-0.00000,0.17678,0.25887,0.6200,0.00000,0.04000,conformal
conformal_risk_filter,tactile_noise,2,2,1,0.02480,0.41925,7.09417,0,1,0,0.04891,-0.00000,0.13223,0.24224,0.6200,0.00000,0.04000,conformal
conformal_risk_filter,tactile_noise,2,3,1,0.03093,0.38338,6.85826,0,1,0,0.03840,-0.00000,0.12532,0.20550,0.6200,0.00000,0.04000,conformal
conformal_risk_filter,tactile_noise,2,4,1,0.03371,0.36175,5.20727,0,1,0,0.07779,-0.00000,0.08768,0.21446,0.6200,0.00000,0.04000,conformal
conformal_risk_filter,tactile_noise,2,5,1,0.02710,0.51821,17.52401,0,1,0,0.01324,-0.00000,0.23370,0.29608,0.6200,0.00000,0.04000,conformal
conformal_risk_filter,tactile_noise,2,6,1,0.00873,0.38365,6.22480,0,1,0,0.01938,-0.00000,0.12831,0.20190,0.6200,0.00000,0.04000,conformal
conformal_risk_filter,tactile_noise,2,7,1,0.02452,0.36009,8.00959,0,1,0,0.04314,-0.00000,0.10956,0.15510,0.6200,0.00000,0.04000,conformal
conformal_risk_filter,tactile_noise,2,8,1,0.02759,0.36780,3.97964,0,1,0,0.05700,-0.00000,0.15540,0.19135,0.6200,0.00000,0.04000,conformal
conformal_risk_filter,tactile_noise,2,9,1,0.02509,0.32621,4.94629,0,1,0,0.05296,-0.00000,0.10087,0.13979,0.6200,0.00000,0.04000,conformal
conformal_risk_filter,tactile_noise,2,10,0,0.15820,0.37040,5.15789,0,1,0,0.10840,-0.00000,0.06074,0.21958,0.6200,0.00000,0.04000,conformal
conformal_risk_filter,tactile_noise,2,11,1,0.06588,0.43664,5.50646,0,1,0,0.07547,-0.00000,0.14637,0.27793,0.6200,0.00000,0.04000,conformal
conformal_risk_filter,tactile_noise,3,0,1,0.04485,0.34696,9.76355,0,1,0,0.08388,-0.00000,0.12438,0.14676,0.6200,0.00000,0.04000,conformal
conformal_risk_filter,tactile_noise,3,1,1,0.04275,0.41418,6.82235,0,1,0,0.06838,-0.00000,0.16834,0.20446,0.6200,0.00000,0.04000,conformal
conformal_risk_filter,tactile_noise,3,2,1,0.05700,0.38187,6.26485,0,1,0,0.07069,-0.00000,0.14757,0.19516,0.6200,0.00000,0.04000,conformal
conformal_risk_filter,tactile_noise,3,3,1,0.01175,0.42105,9.61008,0,1,0,0.04554,-0.00000,0.12224,0.23930,0.6200,0.00000,0.04000,conformal
conformal_risk_filter,tactile_noise,3,4,1,0.06058,0.32741,4.89835,0,1,0,0.06027,-0.00000,0.07373,0.17442,0.6200,0.00000,0.04000,conformal
conformal_risk_filter,tactile_noise,3,5,1,0.03249,0.45661,8.33461,0,1,0,0.04985,-0.00000,0.19063,0.29008,0.6200,0.00000,0.04000,conformal
conformal_risk_filter,tactile_noise,3,6,1,0.01241,0.45879,9.38448,0,1,0,0.01519,-0.00000,0.20680,0.28153,0.6200,0.00000,0.04000,conformal
conformal_risk_filter,tactile_noise,3,7,1,0.05876,0.36304,4.89997,0,1,0,0.05155,-0.00000,0.14217,0.20555,0.6200,0.00000,0.04000,conformal
conformal_risk_filter,tactile_noise,3,8,1,0.01196,0.45702,9.57345,0,1,0,0.02196,-0.00000,0.16597,0.24734,0.6200,0.00000,0.04000,conformal
conformal_risk_filter,tactile_noise,3,9,1,0.01798,0.27348,3.40274,0,1,0,0.12831,-0.00000,0.10722,0.08783,0.6200,0.00000,0.04000,conformal
conformal_risk_filter,tactile_noise,3,10,1,0.01206,0.36698,3.98756,0,1,0,0.03741,-0.00000,0.13259,0.19886,0.6200,0.00000,0.04000,conformal
conformal_risk_filter,tactile_noise,3,11,1,0.03299,0.42446,10.65286,0,1,0,0.05241,-0.00000,0.14586,0.25111,0.6200,0.00000,0.04000,conformal
conformal_risk_filter,tactile_noise,4,0,1,0.01333,0.44491,8.99814,0,1,0,0.03386,-0.00000,0.20030,0.27204,0.6200,0.00000,0.04000,conformal
conformal_risk_filter,tactile_noise,4,1,1,0.03362,0.40242,6.58692,0,1,0,0.05886,-0.00000,0.18254,0.21710,0.6200,0.00000,0.04000,conformal
conformal_risk_filter,tactile_noise,4,2,1,0.05929,0.42590,7.32205,0,1,0,0.08739,-0.00000,0.11805,0.27178,0.6200,0.00000,0.04000,conformal
conformal_risk_filter,tactile_noise,4,3,1,0.02001,0.45742,10.41509,0,1,0,0.01749,-0.00000,0.16782,0.25440,0.6200,0.00000,0.04000,conformal
conformal_risk_filter,tactile_noise,4,4,1,0.06817,0.44692,7.08051,0,1,0,0.10227,-0.00000,0.13809,0.28389,0.6200,0.00000,0.04000,conformal
conformal_risk_filter,tactile_noise,4,5,1,0.01444,0.35175,7.56718,0,1,0,0.03559,-0.00000,0.11845,0.17820,0.6200,0.00000,0.04000,conformal
conformal_risk_filter,tactile_noise,4,6,1,0.04626,0.40697,5.09282,0,1,0,0.05856,-0.00000,0.12224,0.24606,0.6200,0.00000,0.04000,conformal
conformal_risk_filter,tactile_noise,4,7,1,0.06978,0.39185,5.05870,0,1,0,0.06972,-0.00000,0.17003,0.23286,0.6200,0.00000,0.04000,conformal
conformal_risk_filter,tactile_noise,4,8,1,0.03774,0.49156,11.38899,0,1,0,0.04572,-0.00000,0.18568,0.26748,0.6200,0.00000,0.04000,conformal
conformal_risk_filter,tactile_noise,4,9,1,0.05756,0.45619,6.13856,0,1,0,0.07522,-0.00000,0.15220,0.28895,0.6200,0.00000,0.04000,conformal
conformal_risk_filter,tactile_noise,4,10,1,0.02622,0.37499,7.33742,0,1,0,0.09892,-0.00000,0.09706,0.21603,0.6200,0.00000,0.04000,conformal
conformal_risk_filter,tactile_noise,4,11,1,0.01906,0.42967,15.46616,0,1,0,0.02510,-0.00000,0.14202,0.21873,0.6200,0.00000,0.04000,conformal
conformal_risk_filter,sticky_contact,0,0,1,0.03581,0.75957,12.49553,0,1,0,0.01861,-0.00000,0.17305,0.24199,1.5500,0.01000,0.01000,conformal
conformal_risk_filter,sticky_contact,0,1,1,0.03654,0.69479,11.26848,0,1,0,0.03200,-0.00000,0.15903,0.21363,1.5500,0.01000,0.01000,conformal
conformal_risk_filter,sticky_contact,0,2,1,0.04449,0.72438,13.18360,0,1,0,0.01838,-0.00000,0.19221,0.26608,1.5500,0.01000,0.01000,conformal
conformal_risk_filter,sticky_contact,0,3,1,0.03324,0.74117,10.00744,0,1,0,0.01503,-0.00000,0.19447,0.26221,1.5500,0.01000,0.01000,conformal
conformal_risk_filter,sticky_contact,0,4,1,0.03231,0.72811,10.16926,0,1,0,0.01729,-0.00000,0.14946,0.22417,1.5500,0.01000,0.01000,conformal
conformal_risk_filter,sticky_contact,0,5,1,0.03933,0.71983,10.13214,0,1,0,0.01227,-0.00000,0.16930,0.23885,1.5500,0.01000,0.01000,conformal
conformal_risk_filter,sticky_contact,0,6,1,0.03532,0.66203,10.64873,0,1,0,0.01697,-0.00000,0.17418,0.23549,1.5500,0.01000,0.01000,conformal
conformal_risk_filter,sticky_contact,0,7,1,0.05708,0.68111,11.17360,0,1,0,0.00958,-0.00000,0.17252,0.23954,1.5500,0.01000,0.01000,conformal
conformal_risk_filter,sticky_contact,0,8,1,0.03377,0.66852,10.65082,0,1,0,0.02454,-0.00000,0.14028,0.20447,1.5500,0.01000,0.01000,conformal
conformal_risk_filter,sticky_contact,0,9,1,0.02578,0.67903,10.10659,0,1,0,0.02456,-0.00000,0.18030,0.24321,1.5500,0.01000,0.01000,conformal
conformal_risk_filter,sticky_contact,0,10,1,0.03661,0.70455,10.80872,0,1,0,0.01543,-0.00000,0.18865,0.26108,1.5500,0.01000,0.01000,conformal
conformal_risk_filter,sticky_contact,0,11,1,0.03592,0.64837,8.83217,0,1,0,0.01804,-0.00000,0.12382,0.19228,1.5500,0.01000,0.01000,conformal
conformal_risk_filter,sticky_contact,1,0,1,0.04963,0.71454,11.64444,0,1,0,0.02271,-0.00000,0.18772,0.26747,1.5500,0.01000,0.01000,conformal
conformal_risk_filter,sticky_contact,1,1,1,0.03509,0.67646,10.14265,0,1,0,0.01314,-0.00000,0.14018,0.20859,1.5500,0.01000,0.01000,conformal
conformal_risk_filter,sticky_contact,1,2,1,0.04015,0.67017,10.32869,0,1,0,0.01158,-0.00000,0.16503,0.22918,1.5500,0.01000,0.01000,conformal
conformal_risk_filter,sticky_contact,1,3,1,0.03564,0.63426,9.96331,0,1,0,0.02714,-0.00000,0.14357,0.20672,1.5500,0.01000,0.01000,conformal
conformal_risk_filter,sticky_contact,1,4,1,0.02573,0.61751,9.56434,0,1,0,0.01754,-0.00000,0.11836,0.19266,1.5500,0.01000,0.01000,conformal
conformal_risk_filter,sticky_contact,1,5,1,0.02821,0.68102,10.31939,0,1,0,0.01010,-0.00000,0.14370,0.21262,1.5500,0.01000,0.01000,conformal
conformal_risk_filter,sticky_contact,1,6,1,0.02794,0.65425,9.97229,0,1,0,0.01975,-0.00000,0.18659,0.24708,1.5500,0.01000,0.01000,conformal
conformal_risk_filter,sticky_contact,1,7,1,0.02790,0.62943,9.36386,0,1,0,0.02668,-0.00000,0.14458,0.20058,1.5500,0.01000,0.01000,conformal
conformal_risk_filter,sticky_contact,1,8,1,0.03822,0.74400,11.22225,0,1,0,0.02109,-0.00000,0.19150,0.25013,1.5500,0.01000,0.01000,conformal
conformal_risk_filter,sticky_contact,1,9,1,0.03791,0.72331,12.16877,0,1,0,0.03655,-0.00000,0.20403,0.25438,1.5500,0.01000,0.01000,conformal
conformal_risk_filter,sticky_contact,1,10,1,0.03797,0.59586,8.97067,0,1,0,0.01378,-0.00000,0.16225,0.22621,1.5500,0.01000,0.01000,conformal
conformal_risk_filter,sticky_contact,1,11,1,0.03734,0.61502,9.86273,0,1,0,0.02305,-0.00000,0.12521,0.18615,1.5500,0.01000,0.01000,conformal
conformal_risk_filter,sticky_contact,2,0,1,0.03273,0.61601,9.35074,0,1,0,0.00804,-0.00000,0.11541,0.18674,1.5500,0.01000,0.01000,conformal
conformal_risk_filter,sticky_contact,2,1,1,0.02763,0.56812,8.21989,0,1,0,0.04098,-0.00000,0.12924,0.16935,1.5500,0.01000,0.01000,conformal
conformal_risk_filter,sticky_contact,2,2,1,0.03300,0.65443,9.75282,0,1,0,0.03274,-0.00000,0.11866,0.17168,1.5500,0.01000,0.01000,conformal
conformal_risk_filter,sticky_contact,2,3,1,0.04115,0.64820,10.87410,0,1,0,0.01308,-0.00000,0.12381,0.18590,1.5500,0.01000,0.01000,conformal
conformal_risk_filter,sticky_contact,2,4,1,0.03524,0.73745,12.30287,0,1,0,0.03020,-0.00000,0.17166,0.22702,1.5500,0.01000,0.01000,conformal
conformal_risk_filter,sticky_contact,2,5,1,0.03573,0.69947,10.41403,0,1,0,0.01411,-0.00000,0.15800,0.22139,1.5500,0.01000,0.01000,conformal
conformal_risk_filter,sticky_contact,2,6,1,0.04518,0.70126,11.42702,0,1,0,0.01176,-0.00000,0.19202,0.25879,1.5500,0.01000,0.01000,conformal
conformal_risk_filter,sticky_contact,2,7,1,0.03674,0.70213,12.30758,0,1,0,0.00842,-0.00000,0.18178,0.24646,1.5500,0.01000,0.01000,conformal
conformal_risk_filter,sticky_contact,2,8,1,0.03087,0.62873,9.75901,0,1,0,0.00413,-0.00000,0.10993,0.17769,1.5500,0.01000,0.01000,conformal
conformal_risk_filter,sticky_contact,2,9,1,0.03655,0.70491,11.80151,0,1,0,0.00406,-0.00000,0.15288,0.21978,1.5500,0.01000,0.01000,conformal
conformal_risk_filter,sticky_contact,2,10,1,0.03647,0.72139,10.76042,0,1,0,0.03653,-0.00000,0.17299,0.22587,1.5500,0.01000,0.01000,conformal
conformal_risk_filter,sticky_contact,2,11,1,0.03841,0.58598,10.62085,0,1,0,0.03054,-0.00000,0.11885,0.17467,1.5500,0.01000,0.01000,conformal
conformal_risk_filter,sticky_contact,3,0,1,0.03287,0.69304,10.79542,0,1,0,0.00600,-0.00000,0.11554,0.18381,1.5500,0.01000,0.01000,conformal
conformal_risk_filter,sticky_contact,3,1,1,0.02993,0.66279,10.49592,0,1,0,0.01531,-0.00000,0.15723,0.22183,1.5500,0.01000,0.01000,conformal
conformal_risk_filter,sticky_contact,3,2,1,0.02923,0.62360,10.02619,0,1,0,0.00845,-0.00000,0.11732,0.18502,1.5500,0.01000,0.01000,conformal
conformal_risk_filter,sticky_contact,3,3,1,0.03584,0.73735,14.30444,0,1,0,0.00862,-0.00000,0.20293,0.27230,1.5500,0.01000,0.01000,conformal
conformal_risk_filter,sticky_contact,3,4,1,0.03404,0.64202,9.89411,0,1,0,0.02583,-0.00000,0.14151,0.19792,1.5500,0.01000,0.01000,conformal
conformal_risk_filter,sticky_contact,3,5,1,0.03133,0.62412,9.44112,0,1,0,0.00728,-0.00000,0.11703,0.18276,1.5500,0.01000,0.01000,conformal
conformal_risk_filter,sticky_contact,3,6,1,0.02797,0.63340,9.80561,0,1,0,0.03048,-0.00000,0.14323,0.21379,1.5500,0.01000,0.01000,conformal
conformal_risk_filter,sticky_contact,3,7,1,0.03282,0.63534,11.45155,0,1,0,0.02365,-0.00000,0.14794,0.20596,1.5500,0.01000,0.01000,conformal
conformal_risk_filter,sticky_contact,3,8,1,0.03626,0.70946,11.00691,0,1,0,0.03619,-0.00000,0.20259,0.25445,1.5500,0.01000,0.01000,conformal
conformal_risk_filter,sticky_contact,3,9,1,0.03678,0.67550,10.58727,0,1,0,0.01728,-0.00000,0.15005,0.22445,1.5500,0.01000,0.01000,conformal
conformal_risk_filter,sticky_contact,3,10,1,0.03096,0.69838,12.02396,0,1,0,0.01918,-0.00000,0.19950,0.26637,1.5500,0.01000,0.01000,conformal
conformal_risk_filter,sticky_contact,3,11,1,0.03703,0.69496,11.22287,0,1,0,0.03074,-0.00000,0.17372,0.23184,1.5500,0.01000,0.01000,conformal
conformal_risk_filter,sticky_contact,4,0,1,0.02629,0.59158,8.47082,0,1,0,0.00530,-0.00000,0.11100,0.18134,1.5500,0.01000,0.01000,conformal
conformal_risk_filter,sticky_contact,4,1,1,0.03683,0.70196,9.87010,0,1,0,0.00748,-0.00000,0.15977,0.22161,1.5500,0.01000,0.01000,conformal
conformal_risk_filter,sticky_contact,4,2,1,0.03147,0.73846,10.44574,0,1,0,0.00223,-0.00000,0.20063,0.27012,1.5500,0.01000,0.01000,conformal
conformal_risk_filter,sticky_contact,4,3,1,0.04258,0.59684,9.90627,0,1,0,0.01718,-0.00000,0.11653,0.18964,1.5500,0.01000,0.01000,conformal
conformal_risk_filter,sticky_contact,4,4,1,0.03811,0.69914,11.66197,0,1,0,0.02302,-0.00000,0.16239,0.23675,1.5500,0.01000,0.01000,conformal
conformal_risk_filter,sticky_contact,4,5,1,0.03233,0.75489,10.75679,0,1,0,0.00623,-0.00000,0.19113,0.26157,1.5500,0.01000,0.01000,conformal
conformal_risk_filter,sticky_contact,4,6,1,0.03879,0.63746,9.82135,0,1,0,0.00665,-0.00000,0.11916,0.18743,1.5500,0.01000,0.01000,conformal
conformal_risk_filter,sticky_contact,4,7,1,0.03050,0.66941,9.90761,0,1,0,0.01397,-0.00000,0.09857,0.16251,1.5500,0.01000,0.01000,conformal
conformal_risk_filter,sticky_contact,4,8,1,0.03929,0.72151,10.67432,0,1,0,0.03817,-0.00000,0.15298,0.19576,1.5500,0.01000,0.01000,conformal
conformal_risk_filter,sticky_contact,4,9,1,0.02413,0.63803,8.27129,0,1,0,0.02639,-0.00000,0.14046,0.22095,1.5500,0.01000,0.01000,conformal
conformal_risk_filter,sticky_contact,4,10,1,0.04056,0.71012,10.64563,0,1,0,0.01359,-0.00000,0.15253,0.21458,1.5500,0.01000,0.01000,conformal
conformal_risk_filter,sticky_contact,4,11,1,0.02964,0.66593,11.17248,0,1,0,0.00756,-0.00000,0.16028,0.22750,1.5500,0.01000,0.01000,conformal
conformal_risk_filter,combined_shift,0,0,0,0.14128,0.42976,8.71294,0,1,0,0.04566,-0.00000,0.08503,0.20144,1.3500,0.04500,0.03000,conformal
conformal_risk_filter,combined_shift,0,1,1,0.06498,0.49434,7.43603,0,1,0,0.07204,-0.00000,0.18659,0.20690,1.3500,0.04500,0.03000,conformal
conformal_risk_filter,combined_shift,0,2,0,0.18350,0.46134,9.15694,0,1,0,0.00789,-0.00000,0.10720,0.25798,1.3500,0.04500,0.03000,conformal
conformal_risk_filter,combined_shift,0,3,1,0.02572,0.56478,11.21425,0,1,0,0.02624,-0.00000,0.22017,0.28343,1.3500,0.04500,0.03000,conformal
conformal_risk_filter,combined_shift,0,4,1,0.05930,0.42180,5.15651,0,1,0,0.06963,-0.00000,0.12251,0.14873,1.3500,0.04500,0.03000,conformal
conformal_risk_filter,combined_shift,0,5,1,0.02842,0.45952,8.68598,0,1,0,0.03729,-0.00000,0.09193,0.16550,1.3500,0.04500,0.03000,conformal
conformal_risk_filter,combined_shift,0,6,1,0.06513,0.42727,7.22466,0,1,0,0.06270,-0.00000,0.14272,0.16832,1.3500,0.04500,0.03000,conformal
conformal_risk_filter,combined_shift,0,7,1,0.05442,0.40203,7.42236,0,1,0,0.08792,-0.00000,0.05674,0.17596,1.3500,0.04500,0.03000,conformal
conformal_risk_filter,combined_shift,0,8,0,0.09460,0.50823,7.69982,0,1,0,0.02529,-0.00000,0.12692,0.23619,1.3500,0.04500,0.03000,conformal
conformal_risk_filter,combined_shift,0,9,1,0.03982,0.46448,7.14712,0,1,0,0.01726,-0.00000,0.10258,0.16587,1.3500,0.04500,0.03000,conformal
conformal_risk_filter,combined_shift,0,10,1,0.06547,0.48485,7.93340,0,1,0,0.07941,-0.00000,0.16070,0.17718,1.3500,0.04500,0.03000,conformal
conformal_risk_filter,combined_shift,0,11,0,0.21476,0.38508,6.43149,0,1,0,0.02407,-0.00000,0.01845,0.23301,1.3500,0.04500,0.03000,conformal
conformal_risk_filter,combined_shift,1,0,1,0.06822,0.47624,7.05028,0,1,0,0.06362,-0.00000,0.19492,0.21514,1.3500,0.04500,0.03000,conformal
conformal_risk_filter,combined_shift,1,1,1,0.04110,0.48608,9.04089,0,1,0,0.03842,-0.00000,0.09700,0.19369,1.3500,0.04500,0.03000,conformal
conformal_risk_filter,combined_shift,1,2,1,0.02823,0.49009,10.20709,0,1,0,0.02807,-0.00000,0.15134,0.21701,1.3500,0.04500,0.03000,conformal
conformal_risk_filter,combined_shift,1,3,1,0.03795,0.49417,7.28436,0,1,0,0.02185,-0.00000,0.15938,0.22328,1.3500,0.04500,0.03000,conformal
conformal_risk_filter,combined_shift,1,4,0,0.13344,0.48565,9.64480,0,1,0,0.05093,-0.00000,0.11648,0.18504,1.3500,0.04500,0.03000,conformal
conformal_risk_filter,combined_shift,1,5,0,0.12385,0.50677,8.18165,0,1,0,0.04274,-0.00000,0.10489,0.23829,1.3500,0.04500,0.03000,conformal
conformal_risk_filter,combined_shift,1,6,1,0.04921,0.51065,6.69280,0,1,0,0.08927,-0.00000,0.14746,0.15238,1.3500,0.04500,0.03000,conformal
conformal_risk_filter,combined_shift,1,7,1,0.06912,0.53297,6.20548,0,1,0,0.08941,-0.00000,0.14128,0.26960,1.3500,0.04500,0.03000,conformal
conformal_risk_filter,combined_shift,1,8,0,0.08304,0.45589,7.52458,0,1,0,0.02902,-0.00000,0.10584,0.18205,1.3500,0.04500,0.03000,conformal
conformal_risk_filter,combined_shift,1,9,1,0.02097,0.57293,9.61761,0,1,0,0.02265,-0.00000,0.18894,0.25820,1.3500,0.04500,0.03000,conformal
conformal_risk_filter,combined_shift,1,10,0,0.11918,0.47164,7.84447,0,1,0,0.02593,-0.00000,0.08410,0.19254,1.3500,0.04500,0.03000,conformal
conformal_risk_filter,combined_shift,1,11,0,0.11200,0.42274,6.14705,0,1,0,0.06479,-0.00000,0.05477,0.18736,1.3500,0.04500,0.03000,conformal
conformal_risk_filter,combined_shift,2,0,1,0.06882,0.53555,7.87586,0,1,0,0.04021,-0.00000,0.19703,0.25201,1.3500,0.04500,0.03000,conformal
conformal_risk_filter,combined_shift,2,1,1,0.03042,0.49381,8.53555,0,1,0,0.01480,-0.00000,0.16020,0.22559,1.3500,0.04500,0.03000,conformal
conformal_risk_filter,combined_shift,2,2,0,0.15915,0.49185,8.15628,0,1,0,0.03454,-0.00000,0.08807,0.24135,1.3500,0.04500,0.03000,conformal
conformal_risk_filter,combined_shift,2,3,1,0.03832,0.53929,9.36617,0,1,0,0.01534,-0.00000,0.19205,0.26215,1.3500,0.04500,0.03000,conformal
conformal_risk_filter,combined_shift,2,4,1,0.04352,0.46245,7.01099,0,1,0,0.10316,-0.00000,0.13749,0.15282,1.3500,0.04500,0.03000,conformal
conformal_risk_filter,combined_shift,2,5,0,0.11129,0.47158,6.58451,0,1,0,0.02150,-0.00000,0.11524,0.22860,1.3500,0.04500,0.03000,conformal
conformal_risk_filter,combined_shift,2,6,0,0.08893,0.55131,11.69294,0,1,0,0.04213,-0.00000,0.13853,0.25366,1.3500,0.04500,0.03000,conformal
conformal_risk_filter,combined_shift,2,7,1,0.03142,0.57987,11.95968,0,1,0,0.01019,-0.00000,0.21832,0.28943,1.3500,0.04500,0.03000,conformal
conformal_risk_filter,combined_shift,2,8,1,0.06395,0.52843,6.59077,0,1,0,0.08497,-0.00000,0.21016,0.22445,1.3500,0.04500,0.03000,conformal
conformal_risk_filter,combined_shift,2,9,0,0.08781,0.38161,6.29175,0,1,0,0.04418,-0.00000,0.05414,0.11417,1.3500,0.04500,0.03000,conformal
conformal_risk_filter,combined_shift,2,10,0,0.15996,0.50019,7.64933,0,1,0,0.03369,-0.00000,0.08716,0.24843,1.3500,0.04500,0.03000,conformal
conformal_risk_filter,combined_shift,2,11,1,0.02547,0.54344,9.70869,0,1,0,0.03949,-0.00000,0.18915,0.24274,1.3500,0.04500,0.03000,conformal
conformal_risk_filter,combined_shift,3,0,0,0.12343,0.43921,6.91336,0,1,0,0.06309,-0.00000,0.09929,0.20644,1.3500,0.04500,0.03000,conformal
conformal_risk_filter,combined_shift,3,1,0,0.17517,0.36674,3.66100,0,1,0,0.03105,-0.00000,0.01770,0.18970,1.3500,0.04500,0.03000,conformal
conformal_risk_filter,combined_shift,3,2,0,0.11244,0.54925,11.69074,0,1,0,0.01793,-0.00000,0.15034,0.26372,1.3500,0.04500,0.03000,conformal
conformal_risk_filter,combined_shift,3,3,0,0.13994,0.47325,8.86706,0,1,0,0.07555,-0.00000,0.14903,0.20562,1.3500,0.04500,0.03000,conformal
conformal_risk_filter,combined_shift,3,4,1,0.07227,0.42064,9.83980,0,1,0,0.06759,-0.00000,0.11509,0.15853,1.3500,0.04500,0.03000,conformal
conformal_risk_filter,combined_shift,3,5,1,0.01950,0.50134,9.39877,0,1,0,0.02455,-0.00000,0.12822,0.19359,1.3500,0.04500,0.03000,conformal
conformal_risk_filter,combined_shift,3,6,1,0.04437,0.46969,8.79693,0,1,0,0.08833,-0.00000,0.14088,0.14415,1.3500,0.04500,0.03000,conformal
conformal_risk_filter,combined_shift,3,7,1,0.01696,0.44750,6.68236,0,1,0,0.02322,-0.00000,0.09301,0.16686,1.3500,0.04500,0.03000,conformal
conformal_risk_filter,combined_shift,3,8,1,0.03142,0.45526,7.68031,0,1,0,0.02723,-0.00000,0.10595,0.18087,1.3500,0.04500,0.03000,conformal
conformal_risk_filter,combined_shift,3,9,1,0.04881,0.42025,7.42409,0,1,0,0.05270,-0.00000,0.07649,0.15948,1.3500,0.04500,0.03000,conformal
conformal_risk_filter,combined_shift,3,10,0,0.12511,0.37922,5.00081,0,1,0,0.06158,-0.00000,0.03815,0.18108,1.3500,0.04500,0.03000,conformal
conformal_risk_filter,combined_shift,3,11,0,0.10629,0.48808,6.97063,0,1,0,0.01430,-0.00000,0.10840,0.20770,1.3500,0.04500,0.03000,conformal
conformal_risk_filter,combined_shift,4,0,1,0.05751,0.50028,7.71120,0,1,0,0.07649,-0.00000,0.12410,0.19024,1.3500,0.04500,0.03000,conformal
conformal_risk_filter,combined_shift,4,1,1,0.03244,0.63434,13.10081,0,1,0,0.04164,-0.00000,0.21363,0.24653,1.3500,0.04500,0.03000,conformal
conformal_risk_filter,combined_shift,4,2,0,0.09035,0.54454,9.39280,0,1,0,0.04245,-0.00000,0.15326,0.28101,1.3500,0.04500,0.03000,conformal
conformal_risk_filter,combined_shift,4,3,0,0.09249,0.47131,6.51188,0,1,0,0.04517,-0.00000,0.07918,0.19714,1.3500,0.04500,0.03000,conformal
conformal_risk_filter,combined_shift,4,4,0,0.08427,0.39227,7.32970,0,1,0,0.05446,-0.00000,0.05331,0.13327,1.3500,0.04500,0.03000,conformal
conformal_risk_filter,combined_shift,4,5,0,0.18502,0.41948,5.42563,0,1,0,0.04431,-0.00000,0.01967,0.24053,1.3500,0.04500,0.03000,conformal
conformal_risk_filter,combined_shift,4,6,0,0.09094,0.42560,7.70021,0,1,0,0.05154,-0.00000,0.09399,0.18149,1.3500,0.04500,0.03000,conformal
conformal_risk_filter,combined_shift,4,7,1,0.02102,0.64490,14.09373,0,1,0,0.01996,-0.00000,0.22151,0.22090,1.3500,0.04500,0.03000,conformal
conformal_risk_filter,combined_shift,4,8,1,0.04031,0.53503,10.39651,0,1,0,0.02896,-0.00000,0.18562,0.24721,1.3500,0.04500,0.03000,conformal
conformal_risk_filter,combined_shift,4,9,1,0.02794,0.48671,7.36055,0,1,0,0.02875,-0.00000,0.16421,0.22590,1.3500,0.04500,0.03000,conformal
conformal_risk_filter,combined_shift,4,10,1,0.02112,0.50347,8.32149,0,1,0,0.01046,-0.00000,0.13111,0.20432,1.3500,0.04500,0.03000,conformal
conformal_risk_filter,combined_shift,4,11,1,0.02728,0.50450,8.61007,0,1,0,0.02853,-0.00000,0.18816,0.24460,1.3500,0.04500,0.03000,conformal
diagnostic_probe_then_mpc,nominal,0,0,1,0.01187,0.47024,5.88996,0,1,1,0.05533,-0.00000,0.14087,0.18709,0.5500,0.00000,0.00600,diagnostic
diagnostic_probe_then_mpc,nominal,0,1,1,0.01935,0.50463,9.12471,0,1,1,0.05798,-0.00000,0.15261,0.20171,0.5500,0.00000,0.00600,diagnostic
diagnostic_probe_then_mpc,nominal,0,2,1,0.00761,0.44345,6.83377,0,1,1,0.05204,-0.00000,0.10870,0.16257,0.5500,0.00000,0.00600,diagnostic
diagnostic_probe_then_mpc,nominal,0,3,1,0.01107,0.50894,4.48716,0,1,1,0.05317,-0.00000,0.18658,0.22399,0.5500,0.00000,0.00600,diagnostic
diagnostic_probe_then_mpc,nominal,0,4,1,0.01075,0.48952,6.33211,0,1,1,0.05441,-0.00000,0.15264,0.21119,0.5500,0.00000,0.00600,diagnostic
diagnostic_probe_then_mpc,nominal,0,5,1,0.01020,0.45356,4.46686,0,1,1,0.05031,-0.00000,0.12908,0.18652,0.5500,0.00000,0.00600,diagnostic
diagnostic_probe_then_mpc,nominal,0,6,1,0.01288,0.43745,6.61066,0,1,1,0.05654,-0.00000,0.10406,0.15435,0.5500,0.00000,0.00600,diagnostic
diagnostic_probe_then_mpc,nominal,0,7,1,0.00773,0.43635,5.95440,0,1,1,0.05240,-0.00000,0.11836,0.16167,0.5500,0.00000,0.00600,diagnostic
diagnostic_probe_then_mpc,nominal,0,8,1,0.00565,0.46418,5.41010,0,1,1,0.05263,-0.00000,0.13319,0.18297,0.5500,0.00000,0.00600,diagnostic
diagnostic_probe_then_mpc,nominal,0,9,1,0.00418,0.44925,5.90621,0,1,1,0.05331,-0.00000,0.11808,0.17143,0.5500,0.00000,0.00600,diagnostic
diagnostic_probe_then_mpc,nominal,0,10,1,0.01091,0.47032,7.66399,0,1,1,0.04914,-0.00000,0.15341,0.19123,0.5500,0.00000,0.00600,diagnostic
diagnostic_probe_then_mpc,nominal,0,11,1,0.00335,0.46601,6.63230,0,1,1,0.05368,-0.00000,0.13541,0.19281,0.5500,0.00000,0.00600,diagnostic
diagnostic_probe_then_mpc,nominal,1,0,1,0.00469,0.42624,5.78005,0,1,1,0.05600,-0.00000,0.10746,0.15581,0.5500,0.00000,0.00600,diagnostic
diagnostic_probe_then_mpc,nominal,1,1,1,0.01082,0.51197,7.58337,0,1,1,0.05827,-0.00000,0.15911,0.21340,0.5500,0.00000,0.00600,diagnostic
diagnostic_probe_then_mpc,nominal,1,2,1,0.00721,0.43939,6.16022,0,1,1,0.05460,-0.00000,0.10996,0.16794,0.5500,0.00000,0.00600,diagnostic
diagnostic_probe_then_mpc,nominal,1,3,1,0.01604,0.41888,6.15048,0,1,1,0.06319,-0.00000,0.09111,0.15300,0.5500,0.00000,0.00600,diagnostic
diagnostic_probe_then_mpc,nominal,1,4,1,0.01991,0.43947,6.37326,0,1,1,0.05198,-0.00000,0.10123,0.14943,0.5500,0.00000,0.00600,diagnostic
diagnostic_probe_then_mpc,nominal,1,5,1,0.02303,0.49687,6.59059,0,1,1,0.04837,-0.00000,0.16855,0.22336,0.5500,0.00000,0.00600,diagnostic
diagnostic_probe_then_mpc,nominal,1,6,1,0.00692,0.50256,4.44111,0,1,1,0.06130,-0.00000,0.19369,0.24408,0.5500,0.00000,0.00600,diagnostic
diagnostic_probe_then_mpc,nominal,1,7,1,0.02130,0.42290,6.42009,0,1,1,0.05382,-0.00000,0.08587,0.14209,0.5500,0.00000,0.00600,diagnostic
diagnostic_probe_then_mpc,nominal,1,8,1,0.01626,0.47952,5.23733,0,1,1,0.04940,-0.00000,0.16512,0.20324,0.5500,0.00000,0.00600,diagnostic
diagnostic_probe_then_mpc,nominal,1,9,1,0.00755,0.45620,9.87818,0,1,1,0.06345,-0.00000,0.12491,0.17361,0.5500,0.00000,0.00600,diagnostic
diagnostic_probe_then_mpc,nominal,1,10,1,0.00446,0.42299,5.32183,0,1,1,0.05280,-0.00000,0.10403,0.15240,0.5500,0.00000,0.00600,diagnostic
diagnostic_probe_then_mpc,nominal,1,11,1,0.01091,0.48432,6.52781,0,1,1,0.05392,-0.00000,0.15767,0.20327,0.5500,0.00000,0.00600,diagnostic
diagnostic_probe_then_mpc,nominal,2,0,1,0.00840,0.48721,4.82365,0,1,1,0.05902,-0.00000,0.15011,0.21493,0.5500,0.00000,0.00600,diagnostic
diagnostic_probe_then_mpc,nominal,2,1,1,0.00712,0.53205,8.71373,0,1,1,0.05368,-0.00000,0.18215,0.23011,0.5500,0.00000,0.00600,diagnostic
diagnostic_probe_then_mpc,nominal,2,2,1,0.02423,0.44237,6.12690,0,1,1,0.04823,-0.00000,0.10564,0.16112,0.5500,0.00000,0.00600,diagnostic
diagnostic_probe_then_mpc,nominal,2,3,1,0.02308,0.53088,7.98608,0,1,1,0.05152,-0.00000,0.19466,0.25639,0.5500,0.00000,0.00600,diagnostic
diagnostic_probe_then_mpc,nominal,2,4,1,0.01264,0.42592,7.75113,0,1,1,0.06037,-0.00000,0.08920,0.14093,0.5500,0.00000,0.00600,diagnostic
diagnostic_probe_then_mpc,nominal,2,5,1,0.02477,0.52875,7.16822,0,1,1,0.05684,-0.00000,0.18554,0.23793,0.5500,0.00000,0.00600,diagnostic
diagnostic_probe_then_mpc,nominal,2,6,1,0.01479,0.49205,6.59109,0,1,1,0.05576,-0.00000,0.18172,0.21668,0.5500,0.00000,0.00600,diagnostic
diagnostic_probe_then_mpc,nominal,2,7,1,0.01050,0.51480,7.36642,0,1,1,0.06020,-0.00000,0.16385,0.21531,0.5500,0.00000,0.00600,diagnostic
diagnostic_probe_then_mpc,nominal,2,8,1,0.00879,0.50200,7.41430,0,1,1,0.06063,-0.00000,0.19028,0.21970,0.5500,0.00000,0.00600,diagnostic
diagnostic_probe_then_mpc,nominal,2,9,1,0.00509,0.46267,6.23461,0,1,1,0.05263,-0.00000,0.13970,0.19792,0.5500,0.00000,0.00600,diagnostic
diagnostic_probe_then_mpc,nominal,2,10,1,0.01518,0.41807,7.86699,0,1,1,0.05795,-0.00000,0.08069,0.13166,0.5500,0.00000,0.00600,diagnostic
diagnostic_probe_then_mpc,nominal,2,11,1,0.01873,0.44463,5.86514,0,1,1,0.04763,-0.00000,0.10086,0.16037,0.5500,0.00000,0.00600,diagnostic
diagnostic_probe_then_mpc,nominal,3,0,1,0.01169,0.45902,6.70629,0,1,1,0.05682,-0.00000,0.12671,0.17921,0.5500,0.00000,0.00600,diagnostic
diagnostic_probe_then_mpc,nominal,3,1,1,0.02384,0.43733,6.75537,0,1,1,0.05233,-0.00000,0.10041,0.16074,0.5500,0.00000,0.00600,diagnostic
diagnostic_probe_then_mpc,nominal,3,2,1,0.00851,0.44468,7.25810,0,1,1,0.05707,-0.00000,0.11866,0.16992,0.5500,0.00000,0.00600,diagnostic
diagnostic_probe_then_mpc,nominal,3,3,1,0.01267,0.41772,3.37047,0,1,1,0.05135,-0.00000,0.10337,0.15153,0.5500,0.00000,0.00600,diagnostic
diagnostic_probe_then_mpc,nominal,3,4,1,0.01343,0.42078,5.38420,0,1,1,0.05751,-0.00000,0.09362,0.14706,0.5500,0.00000,0.00600,diagnostic
diagnostic_probe_then_mpc,nominal,3,5,1,0.00776,0.51160,7.76807,0,1,1,0.04922,-0.00000,0.14285,0.19952,0.5500,0.00000,0.00600,diagnostic
diagnostic_probe_then_mpc,nominal,3,6,1,0.01204,0.45612,3.75337,0,1,1,0.05812,-0.00000,0.12578,0.18972,0.5500,0.00000,0.00600,diagnostic
diagnostic_probe_then_mpc,nominal,3,7,1,0.00738,0.47318,6.87806,0,1,1,0.05556,-0.00000,0.16491,0.20414,0.5500,0.00000,0.00600,diagnostic
diagnostic_probe_then_mpc,nominal,3,8,1,0.01142,0.48558,6.63965,0,1,1,0.05829,-0.00000,0.17548,0.22171,0.5500,0.00000,0.00600,diagnostic
diagnostic_probe_then_mpc,nominal,3,9,1,0.02298,0.51994,8.04041,0,1,1,0.05934,-0.00000,0.19980,0.25425,0.5500,0.00000,0.00600,diagnostic
diagnostic_probe_then_mpc,nominal,3,10,1,0.00700,0.43741,5.88778,0,1,1,0.05486,-0.00000,0.09972,0.15704,0.5500,0.00000,0.00600,diagnostic
diagnostic_probe_then_mpc,nominal,3,11,1,0.00470,0.42887,5.67961,0,1,1,0.04729,-0.00000,0.09746,0.15356,0.5500,0.00000,0.00600,diagnostic
diagnostic_probe_then_mpc,nominal,4,0,1,0.00811,0.43712,4.89909,0,1,1,0.06039,-0.00000,0.09955,0.14968,0.5500,0.00000,0.00600,diagnostic
diagnostic_probe_then_mpc,nominal,4,1,1,0.00638,0.41883,2.93595,0,1,1,0.04960,-0.00000,0.11155,0.16362,0.5500,0.00000,0.00600,diagnostic
diagnostic_probe_then_mpc,nominal,4,2,1,0.00929,0.52229,5.83585,0,1,1,0.05017,-0.00000,0.19145,0.24513,0.5500,0.00000,0.00600,diagnostic
diagnostic_probe_then_mpc,nominal,4,3,1,0.00085,0.49701,7.26555,0,1,1,0.05876,-0.00000,0.16279,0.21226,0.5500,0.00000,0.00600,diagnostic
diagnostic_probe_then_mpc,nominal,4,4,1,0.01449,0.51766,8.31813,0,1,1,0.06573,-0.00000,0.17325,0.22966,0.5500,0.00000,0.00600,diagnostic
diagnostic_probe_then_mpc,nominal,4,5,1,0.00552,0.52797,4.74139,0,1,1,0.06148,-0.00000,0.18809,0.23731,0.5500,0.00000,0.00600,diagnostic
diagnostic_probe_then_mpc,nominal,4,6,1,0.00894,0.49502,8.24313,0,1,1,0.05049,-0.00000,0.15612,0.21191,0.5500,0.00000,0.00600,diagnostic
diagnostic_probe_then_mpc,nominal,4,7,1,0.00816,0.46433,6.90913,0,1,1,0.05929,-0.00000,0.13174,0.18578,0.5500,0.00000,0.00600,diagnostic
diagnostic_probe_then_mpc,nominal,4,8,1,0.01550,0.43750,5.48864,0,1,1,0.05243,-0.00000,0.11036,0.16273,0.5500,0.00000,0.00600,diagnostic
diagnostic_probe_then_mpc,nominal,4,9,1,0.01658,0.50882,5.98956,0,1,1,0.05238,-0.00000,0.18716,0.22630,0.5500,0.00000,0.00600,diagnostic
diagnostic_probe_then_mpc,nominal,4,10,1,0.02351,0.42590,5.25471,0,1,1,0.05794,-0.00000,0.09929,0.15786,0.5500,0.00000,0.00600,diagnostic
diagnostic_probe_then_mpc,nominal,4,11,1,0.01136,0.46681,6.21686,0,1,1,0.05369,-0.00000,0.13704,0.19178,0.5500,0.00000,0.00600,diagnostic
diagnostic_probe_then_mpc,high_friction,0,0,1,0.01987,0.54275,6.80962,0,1,1,0.05006,-0.00000,0.10654,0.16786,1.2500,0.00000,0.00800,diagnostic
diagnostic_probe_then_mpc,high_friction,0,1,1,0.01583,0.54785,6.57423,0,1,1,0.04756,-0.00000,0.11370,0.16507,1.2500,0.00000,0.00800,diagnostic
diagnostic_probe_then_mpc,high_friction,0,2,1,0.01468,0.54933,5.06020,0,1,1,0.05885,-0.00000,0.12329,0.16291,1.2500,0.00000,0.00800,diagnostic
diagnostic_probe_then_mpc,high_friction,0,3,1,0.01620,0.57747,7.51870,0,1,1,0.04671,-0.00000,0.13993,0.19213,1.2500,0.00000,0.00800,diagnostic
diagnostic_probe_then_mpc,high_friction,0,4,1,0.02049,0.51515,5.97588,0,1,1,0.05156,-0.00000,0.11165,0.16264,1.2500,0.00000,0.00800,diagnostic
diagnostic_probe_then_mpc,high_friction,0,5,1,0.00742,0.57226,7.34746,0,1,1,0.04360,-0.00000,0.12171,0.17641,1.2500,0.00000,0.00800,diagnostic
diagnostic_probe_then_mpc,high_friction,0,6,1,0.01800,0.63042,8.73339,0,1,1,0.05123,-0.00000,0.19468,0.24014,1.2500,0.00000,0.00800,diagnostic
diagnostic_probe_then_mpc,high_friction,0,7,1,0.02120,0.65468,9.45234,0,1,1,0.05437,-0.00000,0.18115,0.23572,1.2500,0.00000,0.00800,diagnostic
diagnostic_probe_then_mpc,high_friction,0,8,1,0.01835,0.61276,7.40873,0,1,1,0.05196,-0.00000,0.16830,0.20379,1.2500,0.00000,0.00800,diagnostic
diagnostic_probe_then_mpc,high_friction,0,9,1,0.01841,0.53528,6.93119,0,1,1,0.05100,-0.00000,0.11440,0.16362,1.2500,0.00000,0.00800,diagnostic
diagnostic_probe_then_mpc,high_friction,0,10,1,0.02039,0.62273,5.89250,0,1,1,0.05611,-0.00000,0.17837,0.22056,1.2500,0.00000,0.00800,diagnostic
diagnostic_probe_then_mpc,high_friction,0,11,1,0.01583,0.61886,11.06900,0,1,1,0.05138,-0.00000,0.14996,0.19942,1.2500,0.00000,0.00800,diagnostic
diagnostic_probe_then_mpc,high_friction,1,0,1,0.01207,0.60039,10.53111,0,1,1,0.05054,-0.00000,0.17631,0.20972,1.2500,0.00000,0.00800,diagnostic
diagnostic_probe_then_mpc,high_friction,1,1,1,0.02101,0.50326,6.49502,0,1,1,0.04903,-0.00000,0.09295,0.14490,1.2500,0.00000,0.00800,diagnostic
diagnostic_probe_then_mpc,high_friction,1,2,1,0.02194,0.52960,6.86455,0,1,1,0.05008,-0.00000,0.11410,0.15655,1.2500,0.00000,0.00800,diagnostic
diagnostic_probe_then_mpc,high_friction,1,3,1,0.01598,0.62169,7.08449,0,1,1,0.05252,-0.00000,0.17538,0.21549,1.2500,0.00000,0.00800,diagnostic
diagnostic_probe_then_mpc,high_friction,1,4,1,0.01063,0.52839,6.82500,0,1,1,0.04346,-0.00000,0.09986,0.14511,1.2500,0.00000,0.00800,diagnostic
diagnostic_probe_then_mpc,high_friction,1,5,1,0.02029,0.58415,6.40384,0,1,1,0.05549,-0.00000,0.12083,0.18139,1.2500,0.00000,0.00800,diagnostic
diagnostic_probe_then_mpc,high_friction,1,6,1,0.01414,0.50588,9.49407,0,1,1,0.04885,-0.00000,0.08655,0.13460,1.2500,0.00000,0.00800,diagnostic
diagnostic_probe_then_mpc,high_friction,1,7,1,0.01218,0.65173,9.72795,0,1,1,0.06088,-0.00000,0.17536,0.22531,1.2500,0.00000,0.00800,diagnostic
diagnostic_probe_then_mpc,high_friction,1,8,1,0.01668,0.61712,7.01884,0,1,1,0.04474,-0.00000,0.16136,0.21420,1.2500,0.00000,0.00800,diagnostic
diagnostic_probe_then_mpc,high_friction,1,9,1,0.01514,0.52246,6.55372,0,1,1,0.04753,-0.00000,0.08972,0.14455,1.2500,0.00000,0.00800,diagnostic
diagnostic_probe_then_mpc,high_friction,1,10,1,0.00934,0.62621,9.34052,0,1,1,0.05488,-0.00000,0.16109,0.21674,1.2500,0.00000,0.00800,diagnostic
diagnostic_probe_then_mpc,high_friction,1,11,1,0.01594,0.51135,6.91631,0,1,1,0.06467,-0.00000,0.07729,0.13144,1.2500,0.00000,0.00800,diagnostic
diagnostic_probe_then_mpc,high_friction,2,0,1,0.01810,0.52838,4.78541,0,1,1,0.04395,-0.00000,0.11283,0.14795,1.2500,0.00000,0.00800,diagnostic
diagnostic_probe_then_mpc,high_friction,2,1,1,0.01716,0.54478,7.14901,0,1,1,0.05307,-0.00000,0.10473,0.15901,1.2500,0.00000,0.00800,diagnostic
diagnostic_probe_then_mpc,high_friction,2,2,1,0.01884,0.54479,6.98516,0,1,1,0.05606,-0.00000,0.10405,0.15130,1.2500,0.00000,0.00800,diagnostic
diagnostic_probe_then_mpc,high_friction,2,3,1,0.02421,0.58840,7.74593,0,1,1,0.05839,-0.00000,0.13968,0.19377,1.2500,0.00000,0.00800,diagnostic
diagnostic_probe_then_mpc,high_friction,2,4,1,0.02024,0.62197,7.47833,0,1,1,0.05066,-0.00000,0.16577,0.21442,1.2500,0.00000,0.00800,diagnostic
diagnostic_probe_then_mpc,high_friction,2,5,1,0.02237,0.60453,5.06709,0,1,1,0.05095,-0.00000,0.18469,0.21842,1.2500,0.00000,0.00800,diagnostic
diagnostic_probe_then_mpc,high_friction,2,6,1,0.01367,0.58985,7.10507,0,1,1,0.06043,-0.00000,0.14033,0.20220,1.2500,0.00000,0.00800,diagnostic
diagnostic_probe_then_mpc,high_friction,2,7,1,0.02092,0.61743,7.05040,0,1,1,0.04936,-0.00000,0.20753,0.24515,1.2500,0.00000,0.00800,diagnostic
diagnostic_probe_then_mpc,high_friction,2,8,1,0.02013,0.58778,6.79736,0,1,1,0.05939,-0.00000,0.13687,0.19471,1.2500,0.00000,0.00800,diagnostic
diagnostic_probe_then_mpc,high_friction,2,9,1,0.02145,0.57429,5.57011,0,1,1,0.05800,-0.00000,0.14431,0.18449,1.2500,0.00000,0.00800,diagnostic
diagnostic_probe_then_mpc,high_friction,2,10,1,0.01556,0.54693,6.89871,0,1,1,0.04807,-0.00000,0.12559,0.17304,1.2500,0.00000,0.00800,diagnostic
diagnostic_probe_then_mpc,high_friction,2,11,1,0.01832,0.64129,7.02805,0,1,1,0.05558,-0.00000,0.18612,0.23054,1.2500,0.00000,0.00800,diagnostic
diagnostic_probe_then_mpc,high_friction,3,0,1,0.01806,0.55572,6.63894,0,1,1,0.05159,-0.00000,0.12662,0.16832,1.2500,0.00000,0.00800,diagnostic
diagnostic_probe_then_mpc,high_friction,3,1,1,0.01695,0.63564,6.67642,0,1,1,0.04910,-0.00000,0.19591,0.23940,1.2500,0.00000,0.00800,diagnostic
diagnostic_probe_then_mpc,high_friction,3,2,1,0.01590,0.64164,10.52782,0,1,1,0.04541,-0.00000,0.19298,0.22306,1.2500,0.00000,0.00800,diagnostic
diagnostic_probe_then_mpc,high_friction,3,3,1,0.03302,0.58796,7.01565,0,1,1,0.05481,-0.00000,0.14642,0.19651,1.2500,0.00000,0.00800,diagnostic
diagnostic_probe_then_mpc,high_friction,3,4,1,0.01697,0.52333,6.42165,0,1,1,0.04003,-0.00000,0.10041,0.14836,1.2500,0.00000,0.00800,diagnostic
diagnostic_probe_then_mpc,high_friction,3,5,1,0.02036,0.61537,8.43851,0,1,1,0.04230,-0.00000,0.16735,0.21208,1.2500,0.00000,0.00800,diagnostic
diagnostic_probe_then_mpc,high_friction,3,6,1,0.01550,0.51891,6.52902,0,1,1,0.04512,-0.00000,0.08728,0.14314,1.2500,0.00000,0.00800,diagnostic
diagnostic_probe_then_mpc,high_friction,3,7,1,0.01681,0.51068,5.23417,0,1,1,0.04699,-0.00000,0.09902,0.14868,1.2500,0.00000,0.00800,diagnostic
diagnostic_probe_then_mpc,high_friction,3,8,1,0.02912,0.60054,7.33721,0,1,1,0.06049,-0.00000,0.16591,0.21035,1.2500,0.00000,0.00800,diagnostic
diagnostic_probe_then_mpc,high_friction,3,9,1,0.02298,0.52866,7.14962,0,1,1,0.05035,-0.00000,0.11649,0.15951,1.2500,0.00000,0.00800,diagnostic
diagnostic_probe_then_mpc,high_friction,3,10,1,0.01173,0.59263,6.71331,0,1,1,0.04586,-0.00000,0.16832,0.20406,1.2500,0.00000,0.00800,diagnostic
diagnostic_probe_then_mpc,high_friction,3,11,1,0.01465,0.55772,6.29565,0,1,1,0.05362,-0.00000,0.12003,0.16979,1.2500,0.00000,0.00800,diagnostic
diagnostic_probe_then_mpc,high_friction,4,0,1,0.02873,0.56277,6.91685,0,1,1,0.05847,-0.00000,0.12303,0.16736,1.2500,0.00000,0.00800,diagnostic
diagnostic_probe_then_mpc,high_friction,4,1,1,0.01912,0.62391,7.87496,0,1,1,0.04763,-0.00000,0.16607,0.21557,1.2500,0.00000,0.00800,diagnostic
diagnostic_probe_then_mpc,high_friction,4,2,1,0.01661,0.61653,5.18611,0,1,1,0.04502,-0.00000,0.19122,0.22831,1.2500,0.00000,0.00800,diagnostic
diagnostic_probe_then_mpc,high_friction,4,3,1,0.01503,0.51357,5.26843,0,1,1,0.04132,-0.00000,0.10399,0.13665,1.2500,0.00000,0.00800,diagnostic
diagnostic_probe_then_mpc,high_friction,4,4,1,0.01949,0.54047,7.00174,0,1,1,0.04933,-0.00000,0.12454,0.17068,1.2500,0.00000,0.00800,diagnostic
diagnostic_probe_then_mpc,high_friction,4,5,1,0.02203,0.54219,5.24629,0,1,1,0.04855,-0.00000,0.11550,0.16966,1.2500,0.00000,0.00800,diagnostic
diagnostic_probe_then_mpc,high_friction,4,6,1,0.01453,0.57914,6.55308,0,1,1,0.04922,-0.00000,0.12901,0.18241,1.2500,0.00000,0.00800,diagnostic
diagnostic_probe_then_mpc,high_friction,4,7,1,0.01552,0.61050,6.79311,0,1,1,0.04600,-0.00000,0.17557,0.21682,1.2500,0.00000,0.00800,diagnostic
diagnostic_probe_then_mpc,high_friction,4,8,1,0.01648,0.53721,6.57963,0,1,1,0.04843,-0.00000,0.12131,0.14888,1.2500,0.00000,0.00800,diagnostic
diagnostic_probe_then_mpc,high_friction,4,9,1,0.01690,0.61330,5.73653,0,1,1,0.04747,-0.00000,0.15689,0.20438,1.2500,0.00000,0.00800,diagnostic
diagnostic_probe_then_mpc,high_friction,4,10,1,0.01084,0.62139,8.67021,0,1,1,0.04104,-0.00000,0.17307,0.22042,1.2500,0.00000,0.00800,diagnostic
diagnostic_probe_then_mpc,high_friction,4,11,1,0.02112,0.59145,7.47773,0,1,1,0.04790,-0.00000,0.15507,0.20216,1.2500,0.00000,0.00800,diagnostic
diagnostic_probe_then_mpc,low_friction,0,0,1,0.00891,0.40787,2.01678,0,1,1,0.05731,-0.00000,0.11565,0.18130,0.2200,0.00000,0.00800,diagnostic
diagnostic_probe_then_mpc,low_friction,0,1,1,0.00606,0.38574,2.84632,0,1,1,0.06243,-0.00000,0.10399,0.16413,0.2200,0.00000,0.00800,diagnostic
diagnostic_probe_then_mpc,low_friction,0,2,1,0.01735,0.45021,2.44205,0,1,1,0.06124,-0.00000,0.18604,0.22931,0.2200,0.00000,0.00800,diagnostic
diagnostic_probe_then_mpc,low_friction,0,3,1,0.00337,0.38271,2.78917,0,1,1,0.06459,-0.00000,0.10428,0.16190,0.2200,0.00000,0.00800,diagnostic
diagnostic_probe_then_mpc,low_friction,0,4,1,0.01599,0.45433,1.91534,0,1,1,0.05289,-0.00000,0.18780,0.23364,0.2200,0.00000,0.00800,diagnostic
diagnostic_probe_then_mpc,low_friction,0,5,1,0.01803,0.40278,2.42500,0,1,1,0.06388,-0.00000,0.12308,0.17742,0.2200,0.00000,0.00800,diagnostic
diagnostic_probe_then_mpc,low_friction,0,6,1,0.03066,0.42382,2.10772,0,1,1,0.06145,-0.00000,0.14466,0.20167,0.2200,0.00000,0.00800,diagnostic
diagnostic_probe_then_mpc,low_friction,0,7,1,0.00094,0.37750,2.21278,0,1,1,0.05931,-0.00000,0.10781,0.15246,0.2200,0.00000,0.00800,diagnostic
diagnostic_probe_then_mpc,low_friction,0,8,1,0.00712,0.46128,2.89018,0,1,1,0.06088,-0.00000,0.16800,0.23817,0.2200,0.00000,0.00800,diagnostic
diagnostic_probe_then_mpc,low_friction,0,9,1,0.00651,0.43698,2.24957,0,1,1,0.04927,-0.00000,0.15785,0.21293,0.2200,0.00000,0.00800,diagnostic
diagnostic_probe_then_mpc,low_friction,0,10,1,0.01051,0.42202,2.47999,0,1,1,0.05493,-0.00000,0.14245,0.20307,0.2200,0.00000,0.00800,diagnostic
diagnostic_probe_then_mpc,low_friction,0,11,1,0.01737,0.46034,2.44390,0,1,1,0.05495,-0.00000,0.16888,0.24116,0.2200,0.00000,0.00800,diagnostic
diagnostic_probe_then_mpc,low_friction,1,0,1,0.02273,0.44250,2.25684,0,1,1,0.06553,-0.00000,0.16169,0.22031,0.2200,0.00000,0.00800,diagnostic
diagnostic_probe_then_mpc,low_friction,1,1,1,0.00536,0.47038,2.61775,0,1,1,0.05327,-0.00000,0.18575,0.24742,0.2200,0.00000,0.00800,diagnostic
diagnostic_probe_then_mpc,low_friction,1,2,1,0.01122,0.44606,2.74471,0,1,1,0.05617,-0.00000,0.18716,0.22436,0.2200,0.00000,0.00800,diagnostic
diagnostic_probe_then_mpc,low_friction,1,3,1,0.01140,0.43075,3.07291,0,1,1,0.06346,-0.00000,0.15411,0.20237,0.2200,0.00000,0.00800,diagnostic
diagnostic_probe_then_mpc,low_friction,1,4,1,0.00911,0.44128,2.72767,0,1,1,0.06378,-0.00000,0.15998,0.21942,0.2200,0.00000,0.00800,diagnostic
diagnostic_probe_then_mpc,low_friction,1,5,1,0.02055,0.42613,2.43130,0,1,1,0.06513,-0.00000,0.13901,0.20381,0.2200,0.00000,0.00800,diagnostic
diagnostic_probe_then_mpc,low_friction,1,6,1,0.00126,0.36804,2.55860,0,1,1,0.05545,-0.00000,0.08669,0.14353,0.2200,0.00000,0.00800,diagnostic
diagnostic_probe_then_mpc,low_friction,1,7,1,0.00509,0.37225,2.18380,0,1,1,0.05582,-0.00000,0.10523,0.14683,0.2200,0.00000,0.00800,diagnostic
diagnostic_probe_then_mpc,low_friction,1,8,1,0.02786,0.44494,2.12959,0,1,1,0.05961,-0.00000,0.15407,0.22312,0.2200,0.00000,0.00800,diagnostic
diagnostic_probe_then_mpc,low_friction,1,9,1,0.01343,0.44961,2.01376,0,1,1,0.05531,-0.00000,0.16716,0.22713,0.2200,0.00000,0.00800,diagnostic
diagnostic_probe_then_mpc,low_friction,1,10,1,0.00997,0.39125,1.81192,0,1,1,0.05589,-0.00000,0.10841,0.17370,0.2200,0.00000,0.00800,diagnostic
diagnostic_probe_then_mpc,low_friction,1,11,1,0.00624,0.46290,2.21515,0,1,1,0.06124,-0.00000,0.18904,0.23948,0.2200,0.00000,0.00800,diagnostic
diagnostic_probe_then_mpc,low_friction,2,0,1,0.02883,0.37996,2.61238,0,1,1,0.05751,-0.00000,0.11376,0.15561,0.2200,0.00000,0.00800,diagnostic
diagnostic_probe_then_mpc,low_friction,2,1,1,0.01916,0.43183,2.89260,0,1,1,0.05454,-0.00000,0.15049,0.20502,0.2200,0.00000,0.00800,diagnostic
diagnostic_probe_then_mpc,low_friction,2,2,1,0.02055,0.41497,2.59378,0,1,1,0.04742,-0.00000,0.12428,0.18883,0.2200,0.00000,0.00800,diagnostic
diagnostic_probe_then_mpc,low_friction,2,3,1,0.00406,0.43696,2.79965,0,1,1,0.05231,-0.00000,0.16108,0.21410,0.2200,0.00000,0.00800,diagnostic
diagnostic_probe_then_mpc,low_friction,2,4,1,0.02527,0.43851,2.77261,0,1,1,0.05676,-0.00000,0.15667,0.21575,0.2200,0.00000,0.00800,diagnostic
diagnostic_probe_then_mpc,low_friction,2,5,1,0.00157,0.38184,2.82249,0,1,1,0.06037,-0.00000,0.10934,0.15838,0.2200,0.00000,0.00800,diagnostic
diagnostic_probe_then_mpc,low_friction,2,6,1,0.01077,0.47940,2.99780,0,1,1,0.05064,-0.00000,0.18955,0.25320,0.2200,0.00000,0.00800,diagnostic
diagnostic_probe_then_mpc,low_friction,2,7,1,0.02058,0.42088,2.37352,0,1,1,0.05917,-0.00000,0.13885,0.19707,0.2200,0.00000,0.00800,diagnostic
diagnostic_probe_then_mpc,low_friction,2,8,1,0.00326,0.43399,2.59322,0,1,1,0.05258,-0.00000,0.16462,0.20824,0.2200,0.00000,0.00800,diagnostic
diagnostic_probe_then_mpc,low_friction,2,9,1,0.02209,0.46238,2.43031,0,1,1,0.05205,-0.00000,0.18593,0.23827,0.2200,0.00000,0.00800,diagnostic
diagnostic_probe_then_mpc,low_friction,2,10,1,0.01921,0.38563,2.27156,0,1,1,0.05964,-0.00000,0.10988,0.16257,0.2200,0.00000,0.00800,diagnostic
diagnostic_probe_then_mpc,low_friction,2,11,1,0.00793,0.37799,3.00303,0,1,1,0.06879,-0.00000,0.08698,0.15266,0.2200,0.00000,0.00800,diagnostic
diagnostic_probe_then_mpc,low_friction,3,0,1,0.00163,0.41846,2.91252,0,1,1,0.05265,-0.00000,0.14554,0.19571,0.2200,0.00000,0.00800,diagnostic
diagnostic_probe_then_mpc,low_friction,3,1,1,0.00584,0.42318,2.66685,0,1,1,0.06124,-0.00000,0.13803,0.19858,0.2200,0.00000,0.00800,diagnostic
diagnostic_probe_then_mpc,low_friction,3,2,1,0.00443,0.41550,2.59213,0,1,1,0.06046,-0.00000,0.14021,0.19673,0.2200,0.00000,0.00800,diagnostic
diagnostic_probe_then_mpc,low_friction,3,3,1,0.00188,0.37502,2.65744,0,1,1,0.05753,-0.00000,0.09143,0.14910,0.2200,0.00000,0.00800,diagnostic
diagnostic_probe_then_mpc,low_friction,3,4,1,0.01622,0.35777,1.86480,0,1,1,0.06017,-0.00000,0.10855,0.13758,0.2200,0.00000,0.00800,diagnostic
diagnostic_probe_then_mpc,low_friction,3,5,1,0.01125,0.42526,2.51075,0,1,1,0.05423,-0.00000,0.14097,0.20507,0.2200,0.00000,0.00800,diagnostic
diagnostic_probe_then_mpc,low_friction,3,6,1,0.01154,0.39880,2.53846,0,1,1,0.04890,-0.00000,0.11272,0.17202,0.2200,0.00000,0.00800,diagnostic
diagnostic_probe_then_mpc,low_friction,3,7,1,0.01051,0.47269,2.79664,0,1,1,0.05816,-0.00000,0.18639,0.25091,0.2200,0.00000,0.00800,diagnostic
diagnostic_probe_then_mpc,low_friction,3,8,1,0.01517,0.40376,2.66082,0,1,1,0.06523,-0.00000,0.12295,0.18095,0.2200,0.00000,0.00800,diagnostic
diagnostic_probe_then_mpc,low_friction,3,9,1,0.01841,0.46427,2.36219,0,1,1,0.06389,-0.00000,0.18374,0.24396,0.2200,0.00000,0.00800,diagnostic
diagnostic_probe_then_mpc,low_friction,3,10,1,0.01024,0.46198,2.33118,0,1,1,0.05577,-0.00000,0.18100,0.23842,0.2200,0.00000,0.00800,diagnostic
diagnostic_probe_then_mpc,low_friction,3,11,1,0.01087,0.39438,1.94236,0,1,1,0.06555,-0.00000,0.10252,0.17231,0.2200,0.00000,0.00800,diagnostic
diagnostic_probe_then_mpc,low_friction,4,0,1,0.01486,0.37723,2.40599,0,1,1,0.05336,-0.00000,0.09215,0.15236,0.2200,0.00000,0.00800,diagnostic
diagnostic_probe_then_mpc,low_friction,4,1,1,0.01916,0.43460,2.32421,0,1,1,0.06580,-0.00000,0.15238,0.21719,0.2200,0.00000,0.00800,diagnostic
diagnostic_probe_then_mpc,low_friction,4,2,1,0.02237,0.41076,2.62101,0,1,1,0.05655,-0.00000,0.12855,0.18536,0.2200,0.00000,0.00800,diagnostic
diagnostic_probe_then_mpc,low_friction,4,3,1,0.01084,0.39118,2.49796,0,1,1,0.06314,-0.00000,0.11835,0.17196,0.2200,0.00000,0.00800,diagnostic
diagnostic_probe_then_mpc,low_friction,4,4,1,0.01403,0.37993,2.52406,0,1,1,0.06030,-0.00000,0.10191,0.15295,0.2200,0.00000,0.00800,diagnostic
diagnostic_probe_then_mpc,low_friction,4,5,1,0.00583,0.36497,1.82324,0,1,1,0.06014,-0.00000,0.08242,0.14911,0.2200,0.00000,0.00800,diagnostic
diagnostic_probe_then_mpc,low_friction,4,6,1,0.00372,0.38791,3.05594,0,1,1,0.06281,-0.00000,0.11390,0.16365,0.2200,0.00000,0.00800,diagnostic
diagnostic_probe_then_mpc,low_friction,4,7,1,0.01372,0.47668,2.39424,0,1,1,0.05254,-0.00000,0.19636,0.25258,0.2200,0.00000,0.00800,diagnostic
diagnostic_probe_then_mpc,low_friction,4,8,1,0.01758,0.44860,2.75605,0,1,1,0.06729,-0.00000,0.15319,0.22630,0.2200,0.00000,0.00800,diagnostic
diagnostic_probe_then_mpc,low_friction,4,9,1,0.02982,0.43811,2.38630,0,1,1,0.05902,-0.00000,0.16058,0.21615,0.2200,0.00000,0.00800,diagnostic
diagnostic_probe_then_mpc,low_friction,4,10,1,0.00900,0.41833,2.27731,0,1,1,0.06109,-0.00000,0.13871,0.20038,0.2200,0.00000,0.00800,diagnostic
diagnostic_probe_then_mpc,low_friction,4,11,1,0.01585,0.37205,2.72269,0,1,1,0.06010,-0.00000,0.09351,0.15027,0.2200,0.00000,0.00800,diagnostic
diagnostic_probe_then_mpc,vision_bias,0,0,1,0.01597,0.53059,8.84988,0,1,1,0.07065,-0.00000,0.15995,0.22482,0.6000,0.05200,0.00700,diagnostic
diagnostic_probe_then_mpc,vision_bias,0,1,1,0.03351,0.48679,5.10564,0,1,1,0.06805,-0.00000,0.14479,0.22162,0.6000,0.05200,0.00700,diagnostic
diagnostic_probe_then_mpc,vision_bias,0,2,0,0.08616,0.50127,5.24956,0,1,1,0.04603,-0.00000,0.13818,0.24331,0.6000,0.05200,0.00700,diagnostic
diagnostic_probe_then_mpc,vision_bias,0,3,0,0.18768,0.39483,2.59448,0,1,1,0.05038,-0.00000,0.01098,0.17079,0.6000,0.05200,0.00700,diagnostic
diagnostic_probe_then_mpc,vision_bias,0,4,1,0.00616,0.54237,9.28872,0,1,1,0.07190,-0.00000,0.18998,0.26932,0.6000,0.05200,0.00700,diagnostic
diagnostic_probe_then_mpc,vision_bias,0,5,1,0.04786,0.48411,6.49231,0,1,1,0.05659,-0.00000,0.12294,0.20013,0.6000,0.05200,0.00700,diagnostic
diagnostic_probe_then_mpc,vision_bias,0,6,1,0.01579,0.51310,6.58546,0,1,1,0.06795,-0.00000,0.15350,0.22278,0.6000,0.05200,0.00700,diagnostic
diagnostic_probe_then_mpc,vision_bias,0,7,0,0.13555,0.44064,4.04674,0,1,1,0.03835,-0.00000,0.05675,0.17145,0.6000,0.05200,0.00700,diagnostic
diagnostic_probe_then_mpc,vision_bias,0,8,0,0.14462,0.41014,2.43578,0,1,1,0.01556,-0.00000,0.03038,0.17055,0.6000,0.05200,0.00700,diagnostic
diagnostic_probe_then_mpc,vision_bias,0,9,1,0.02220,0.49144,6.87019,0,1,1,0.06726,-0.00000,0.12839,0.20633,0.6000,0.05200,0.00700,diagnostic
diagnostic_probe_then_mpc,vision_bias,0,10,1,0.01400,0.57419,9.91047,0,1,1,0.02286,-0.00000,0.12110,0.20314,0.6000,0.05200,0.00700,diagnostic
diagnostic_probe_then_mpc,vision_bias,0,11,1,0.01370,0.47308,5.49227,0,1,1,0.06803,-0.00000,0.11989,0.20279,0.6000,0.05200,0.00700,diagnostic
diagnostic_probe_then_mpc,vision_bias,1,0,1,0.01412,0.51685,8.29133,0,1,1,0.01985,-0.00000,0.05607,0.14238,0.6000,0.05200,0.00700,diagnostic
diagnostic_probe_then_mpc,vision_bias,1,1,0,0.07570,0.44913,5.44073,0,1,1,0.05310,-0.00000,0.10069,0.18067,0.6000,0.05200,0.00700,diagnostic
diagnostic_probe_then_mpc,vision_bias,1,2,0,0.07924,0.46303,5.17344,0,1,1,0.06872,-0.00000,0.10002,0.19651,0.6000,0.05200,0.00700,diagnostic
diagnostic_probe_then_mpc,vision_bias,1,3,1,0.03280,0.47559,7.03513,0,1,1,0.07808,-0.00000,0.11047,0.20149,0.6000,0.05200,0.00700,diagnostic
diagnostic_probe_then_mpc,vision_bias,1,4,1,0.05179,0.44388,5.67903,0,1,1,0.06186,-0.00000,0.12105,0.17992,0.6000,0.05200,0.00700,diagnostic
diagnostic_probe_then_mpc,vision_bias,1,5,1,0.06383,0.43816,4.71556,0,1,1,0.05989,-0.00000,0.09878,0.16811,0.6000,0.05200,0.00700,diagnostic
diagnostic_probe_then_mpc,vision_bias,1,6,1,0.01619,0.53090,7.77965,0,1,1,0.07571,-0.00000,0.17755,0.24963,0.6000,0.05200,0.00700,diagnostic
diagnostic_probe_then_mpc,vision_bias,1,7,1,0.01735,0.57104,8.33859,0,1,1,0.02921,-0.00000,0.13392,0.21107,0.6000,0.05200,0.00700,diagnostic
diagnostic_probe_then_mpc,vision_bias,1,8,1,0.02371,0.39342,7.41222,0,1,1,0.07385,-0.00000,0.05268,0.13634,0.6000,0.05200,0.00700,diagnostic
diagnostic_probe_then_mpc,vision_bias,1,9,0,0.10785,0.47596,5.44631,0,1,1,0.05651,-0.00000,0.09439,0.19839,0.6000,0.05200,0.00700,diagnostic
diagnostic_probe_then_mpc,vision_bias,1,10,1,0.00576,0.45542,6.10161,0,1,1,0.06045,-0.00000,0.10940,0.18480,0.6000,0.05200,0.00700,diagnostic
diagnostic_probe_then_mpc,vision_bias,1,11,1,0.02410,0.49011,4.89313,0,1,1,0.08088,-0.00000,0.12445,0.21570,0.6000,0.05200,0.00700,diagnostic
diagnostic_probe_then_mpc,vision_bias,2,0,1,0.00825,0.52776,10.61612,0,1,1,0.00205,-0.00000,0.05845,0.14662,0.6000,0.05200,0.00700,diagnostic
diagnostic_probe_then_mpc,vision_bias,2,1,1,0.00947,0.52379,7.78208,0,1,1,0.06154,-0.00000,0.17666,0.25156,0.6000,0.05200,0.00700,diagnostic
diagnostic_probe_then_mpc,vision_bias,2,2,0,0.12521,0.45601,4.89629,0,1,1,0.06351,-0.00000,0.06892,0.18642,0.6000,0.05200,0.00700,diagnostic
diagnostic_probe_then_mpc,vision_bias,2,3,0,0.08659,0.45238,7.29143,0,1,1,0.06538,-0.00000,0.08709,0.17808,0.6000,0.05200,0.00700,diagnostic
diagnostic_probe_then_mpc,vision_bias,2,4,1,0.03108,0.47344,7.24723,0,1,1,0.06436,-0.00000,0.12515,0.18099,0.6000,0.05200,0.00700,diagnostic
diagnostic_probe_then_mpc,vision_bias,2,5,0,0.20519,0.45911,3.03784,0,1,1,0.04619,-0.00000,0.02257,0.23185,0.6000,0.05200,0.00700,diagnostic
diagnostic_probe_then_mpc,vision_bias,2,6,1,0.00939,0.61418,8.59815,0,1,1,0.02014,-0.00000,0.13966,0.21505,0.6000,0.05200,0.00700,diagnostic
diagnostic_probe_then_mpc,vision_bias,2,7,1,0.07446,0.52323,7.11141,0,1,1,0.06801,-0.00000,0.16876,0.25208,0.6000,0.05200,0.00700,diagnostic
diagnostic_probe_then_mpc,vision_bias,2,8,0,0.11206,0.40918,3.80836,0,1,1,0.07442,-0.00000,0.04599,0.15746,0.6000,0.05200,0.00700,diagnostic
diagnostic_probe_then_mpc,vision_bias,2,9,1,0.01448,0.49174,8.29701,0,1,1,0.06398,-0.00000,0.09598,0.17120,0.6000,0.05200,0.00700,diagnostic
diagnostic_probe_then_mpc,vision_bias,2,10,0,0.11563,0.47929,3.76109,0,1,1,0.04620,-0.00000,0.09432,0.21513,0.6000,0.05200,0.00700,diagnostic
diagnostic_probe_then_mpc,vision_bias,2,11,1,0.04119,0.54555,5.87541,0,1,1,0.03898,-0.00000,0.13472,0.20994,0.6000,0.05200,0.00700,diagnostic
diagnostic_probe_then_mpc,vision_bias,3,0,1,0.03454,0.43760,6.61207,0,1,1,0.07915,-0.00000,0.08388,0.16032,0.6000,0.05200,0.00700,diagnostic
diagnostic_probe_then_mpc,vision_bias,3,1,1,0.03609,0.33565,3.87228,0,1,1,0.09568,-0.00000,0.01602,0.10322,0.6000,0.05200,0.00700,diagnostic
diagnostic_probe_then_mpc,vision_bias,3,2,0,0.10572,0.48286,6.96072,0,1,1,0.05777,-0.00000,0.12214,0.21885,0.6000,0.05200,0.00700,diagnostic
diagnostic_probe_then_mpc,vision_bias,3,3,0,0.35809,0.67444,55.91935,0,1,1,0.01770,-0.00000,0.05678,0.21526,0.6000,0.05200,0.00700,diagnostic
diagnostic_probe_then_mpc,vision_bias,3,4,0,0.19599,0.51907,4.13672,0,1,1,0.04400,-0.00000,0.04584,0.27924,0.6000,0.05200,0.00700,diagnostic
diagnostic_probe_then_mpc,vision_bias,3,5,0,0.15510,0.38683,2.77955,0,1,1,0.06759,-0.00000,0.01602,0.15603,0.6000,0.05200,0.00700,diagnostic
diagnostic_probe_then_mpc,vision_bias,3,6,1,0.04212,0.33843,3.17447,0,1,1,0.07689,-0.00000,0.03239,0.09255,0.6000,0.05200,0.00700,diagnostic
diagnostic_probe_then_mpc,vision_bias,3,7,1,0.01484,0.54525,7.27083,0,1,1,0.08246,-0.00000,0.18684,0.28401,0.6000,0.05200,0.00700,diagnostic
diagnostic_probe_then_mpc,vision_bias,3,8,1,0.00304,0.55757,8.92392,0,1,1,0.07548,-0.00000,0.17835,0.26442,0.6000,0.05200,0.00700,diagnostic
diagnostic_probe_then_mpc,vision_bias,3,9,0,0.09505,0.41316,5.35840,0,1,1,0.05961,-0.00000,0.07721,0.15510,0.6000,0.05200,0.00700,diagnostic
diagnostic_probe_then_mpc,vision_bias,3,10,1,0.00738,0.51471,7.74628,0,1,1,0.01809,-0.00000,0.08672,0.15101,0.6000,0.05200,0.00700,diagnostic
diagnostic_probe_then_mpc,vision_bias,3,11,0,0.08713,0.47420,6.41966,0,1,1,0.05250,-0.00000,0.11284,0.18938,0.6000,0.05200,0.00700,diagnostic
diagnostic_probe_then_mpc,vision_bias,4,0,0,0.13497,0.48310,7.71947,0,1,1,0.06062,-0.00000,0.07899,0.19943,0.6000,0.05200,0.00700,diagnostic
diagnostic_probe_then_mpc,vision_bias,4,1,1,0.01540,0.51282,7.61558,0,1,1,0.06941,-0.00000,0.13831,0.22114,0.6000,0.05200,0.00700,diagnostic
diagnostic_probe_then_mpc,vision_bias,4,2,0,0.10354,0.41759,3.97071,0,1,1,0.06333,-0.00000,0.06434,0.14797,0.6000,0.05200,0.00700,diagnostic
diagnostic_probe_then_mpc,vision_bias,4,3,0,0.10259,0.53646,60.74323,0,1,1,0.05422,-0.00000,0.06914,0.14631,0.6000,0.05200,0.00700,diagnostic
diagnostic_probe_then_mpc,vision_bias,4,4,0,0.10504,0.45528,3.97067,0,1,1,0.03325,-0.00000,0.09378,0.18854,0.6000,0.05200,0.00700,diagnostic
diagnostic_probe_then_mpc,vision_bias,4,5,1,0.02336,0.55968,7.25117,0,1,1,0.06428,-0.00000,0.20796,0.29374,0.6000,0.05200,0.00700,diagnostic
diagnostic_probe_then_mpc,vision_bias,4,6,0,0.11916,0.55431,5.33722,0,1,1,0.08259,-0.00000,0.13727,0.28139,0.6000,0.05200,0.00700,diagnostic
diagnostic_probe_then_mpc,vision_bias,4,7,0,0.08402,0.48036,4.83134,0,1,1,0.04966,-0.00000,0.12649,0.20008,0.6000,0.05200,0.00700,diagnostic
diagnostic_probe_then_mpc,vision_bias,4,8,0,0.09224,0.43807,4.90296,0,1,1,0.05194,-0.00000,0.09057,0.16227,0.6000,0.05200,0.00700,diagnostic
diagnostic_probe_then_mpc,vision_bias,4,9,1,0.01877,0.51449,8.21596,0,1,1,0.01641,-0.00000,0.05271,0.14644,0.6000,0.05200,0.00700,diagnostic
diagnostic_probe_then_mpc,vision_bias,4,10,1,0.00457,0.48839,4.25321,0,1,1,0.07648,-0.00000,0.14165,0.22347,0.6000,0.05200,0.00700,diagnostic
diagnostic_probe_then_mpc,vision_bias,4,11,0,0.21903,0.34653,1.83089,0,1,1,0.02199,-0.00000,0.00000,0.15701,0.6000,0.05200,0.00700,diagnostic
diagnostic_probe_then_mpc,tactile_noise,0,0,0,0.14546,0.44591,4.95046,0,1,1,0.09390,-0.00000,0.02348,0.19384,0.6200,0.00000,0.04000,diagnostic
diagnostic_probe_then_mpc,tactile_noise,0,1,1,0.02114,0.42988,4.00956,0,1,1,0.05091,-0.00000,0.06565,0.16652,0.6200,0.00000,0.04000,diagnostic
diagnostic_probe_then_mpc,tactile_noise,0,2,1,0.04085,0.58740,9.85654,0,1,1,0.05781,-0.00000,0.20156,0.31738,0.6200,0.00000,0.04000,diagnostic
diagnostic_probe_then_mpc,tactile_noise,0,3,1,0.00871,0.48179,6.67446,0,1,1,0.04435,-0.00000,0.10377,0.18410,0.6200,0.00000,0.04000,diagnostic
diagnostic_probe_then_mpc,tactile_noise,0,4,1,0.02272,0.45786,10.13885,0,1,1,0.08563,-0.00000,0.07186,0.15095,0.6200,0.00000,0.04000,diagnostic
diagnostic_probe_then_mpc,tactile_noise,0,5,1,0.01148,0.54615,6.75234,0,1,1,0.05760,-0.00000,0.18431,0.23377,0.6200,0.00000,0.04000,diagnostic
diagnostic_probe_then_mpc,tactile_noise,0,6,1,0.03136,0.53109,10.96910,0,1,1,0.07702,-0.00000,0.11935,0.26751,0.6200,0.00000,0.04000,diagnostic
diagnostic_probe_then_mpc,tactile_noise,0,7,1,0.01634,0.47641,6.31523,0,1,1,0.01682,-0.00000,0.10048,0.20293,0.6200,0.00000,0.04000,diagnostic
diagnostic_probe_then_mpc,tactile_noise,0,8,1,0.03014,0.49421,6.68020,0,1,1,0.08613,-0.00000,0.20728,0.21290,0.6200,0.00000,0.04000,diagnostic
diagnostic_probe_then_mpc,tactile_noise,0,9,1,0.03090,0.44872,7.50061,0,1,1,0.06061,-0.00000,0.09602,0.16197,0.6200,0.00000,0.04000,diagnostic
diagnostic_probe_then_mpc,tactile_noise,0,10,1,0.00787,0.54633,4.08911,0,1,1,0.07604,-0.00000,0.14279,0.29959,0.6200,0.00000,0.04000,diagnostic
diagnostic_probe_then_mpc,tactile_noise,0,11,1,0.03329,0.48083,4.03966,0,1,1,0.04790,-0.00000,0.11396,0.21993,0.6200,0.00000,0.04000,diagnostic
diagnostic_probe_then_mpc,tactile_noise,1,0,1,0.02768,0.50596,8.23636,0,1,1,0.07140,-0.00000,0.12849,0.25145,0.6200,0.00000,0.04000,diagnostic
diagnostic_probe_then_mpc,tactile_noise,1,1,0,0.09371,0.47507,5.33248,0,1,1,0.09958,-0.00000,0.05223,0.19549,0.6200,0.00000,0.04000,diagnostic
diagnostic_probe_then_mpc,tactile_noise,1,2,1,0.04224,0.55355,7.46547,0,1,1,0.04565,-0.00000,0.16333,0.27335,0.6200,0.00000,0.04000,diagnostic
diagnostic_probe_then_mpc,tactile_noise,1,3,1,0.01355,0.54679,8.21578,0,1,1,0.05057,-0.00000,0.22764,0.25055,0.6200,0.00000,0.04000,diagnostic
diagnostic_probe_then_mpc,tactile_noise,1,4,1,0.02954,0.48603,10.09513,0,1,1,0.07215,-0.00000,0.14128,0.17229,0.6200,0.00000,0.04000,diagnostic
diagnostic_probe_then_mpc,tactile_noise,1,5,1,0.02330,0.49453,7.70042,0,1,1,0.03476,-0.00000,0.11129,0.22793,0.6200,0.00000,0.04000,diagnostic
diagnostic_probe_then_mpc,tactile_noise,1,6,1,0.00574,0.57015,9.39445,0,1,1,0.03249,-0.00000,0.20082,0.31102,0.6200,0.00000,0.04000,diagnostic
diagnostic_probe_then_mpc,tactile_noise,1,7,0,0.09917,0.43674,4.84371,0,1,1,0.08758,-0.00000,0.07988,0.17040,0.6200,0.00000,0.04000,diagnostic
diagnostic_probe_then_mpc,tactile_noise,1,8,1,0.01004,0.50157,4.47332,0,1,1,0.05041,-0.00000,0.16255,0.22365,0.6200,0.00000,0.04000,diagnostic
diagnostic_probe_then_mpc,tactile_noise,1,9,1,0.07114,0.52904,5.13703,0,1,1,0.07976,-0.00000,0.13299,0.22721,0.6200,0.00000,0.04000,diagnostic
diagnostic_probe_then_mpc,tactile_noise,1,10,1,0.01746,0.54522,4.89405,0,1,1,0.02530,-0.00000,0.17702,0.28145,0.6200,0.00000,0.04000,diagnostic
diagnostic_probe_then_mpc,tactile_noise,1,11,1,0.05860,0.46403,5.87455,0,1,1,0.06558,-0.00000,0.12771,0.18306,0.6200,0.00000,0.04000,diagnostic
diagnostic_probe_then_mpc,tactile_noise,2,0,1,0.02672,0.58103,11.51694,0,1,1,0.06013,-0.00000,0.16440,0.28693,0.6200,0.00000,0.04000,diagnostic
diagnostic_probe_then_mpc,tactile_noise,2,1,1,0.01741,0.59111,7.01995,0,1,1,0.08885,-0.00000,0.17270,0.33925,0.6200,0.00000,0.04000,diagnostic
diagnostic_probe_then_mpc,tactile_noise,2,2,0,0.12848,0.50221,4.93644,0,1,1,0.10589,-0.00000,0.09039,0.23083,0.6200,0.00000,0.04000,diagnostic
diagnostic_probe_then_mpc,tactile_noise,2,3,1,0.06763,0.41163,5.13005,0,1,1,0.08350,-0.00000,0.06103,0.13680,0.6200,0.00000,0.04000,diagnostic
diagnostic_probe_then_mpc,tactile_noise,2,4,1,0.01680,0.53616,7.95399,0,1,1,0.05724,-0.00000,0.18254,0.24019,0.6200,0.00000,0.04000,diagnostic
diagnostic_probe_then_mpc,tactile_noise,2,5,1,0.03651,0.46924,4.37508,0,1,1,0.14079,-0.00000,0.11900,0.14433,0.6200,0.00000,0.04000,diagnostic
diagnostic_probe_then_mpc,tactile_noise,2,6,1,0.04238,0.52827,6.52137,0,1,1,0.09113,-0.00000,0.13336,0.21883,0.6200,0.00000,0.04000,diagnostic
diagnostic_probe_then_mpc,tactile_noise,2,7,1,0.01804,0.46877,5.13745,0,1,1,0.04658,-0.00000,0.12322,0.19264,0.6200,0.00000,0.04000,diagnostic
diagnostic_probe_then_mpc,tactile_noise,2,8,1,0.04051,0.50448,5.33538,0,1,1,0.04859,-0.00000,0.17220,0.23917,0.6200,0.00000,0.04000,diagnostic
diagnostic_probe_then_mpc,tactile_noise,2,9,1,0.00531,0.48276,7.52466,0,1,1,0.07786,-0.00000,0.09852,0.17149,0.6200,0.00000,0.04000,diagnostic
diagnostic_probe_then_mpc,tactile_noise,2,10,0,0.09472,0.51153,7.82301,0,1,1,0.08672,-0.00000,0.12957,0.20622,0.6200,0.00000,0.04000,diagnostic
diagnostic_probe_then_mpc,tactile_noise,2,11,1,0.01906,0.53669,10.82519,0,1,1,0.06284,-0.00000,0.13964,0.27136,0.6200,0.00000,0.04000,diagnostic
diagnostic_probe_then_mpc,tactile_noise,3,0,0,0.11177,0.52543,5.25894,0,1,1,0.08366,-0.00000,0.11783,0.24439,0.6200,0.00000,0.04000,diagnostic
diagnostic_probe_then_mpc,tactile_noise,3,1,1,0.01402,0.50600,6.51379,0,1,1,0.05294,-0.00000,0.13082,0.26180,0.6200,0.00000,0.04000,diagnostic
diagnostic_probe_then_mpc,tactile_noise,3,2,1,0.00867,0.45325,7.73660,0,1,1,0.06016,-0.00000,0.13385,0.15182,0.6200,0.00000,0.04000,diagnostic
diagnostic_probe_then_mpc,tactile_noise,3,3,1,0.01306,0.59394,10.64498,0,1,1,0.08982,-0.00000,0.14649,0.31364,0.6200,0.00000,0.04000,diagnostic
diagnostic_probe_then_mpc,tactile_noise,3,4,1,0.03261,0.50979,5.81153,0,1,1,0.03329,-0.00000,0.14366,0.25731,0.6200,0.00000,0.04000,diagnostic
diagnostic_probe_then_mpc,tactile_noise,3,5,0,0.15582,0.49299,7.14821,0,1,1,0.08668,-0.00000,0.10404,0.24382,0.6200,0.00000,0.04000,diagnostic
diagnostic_probe_then_mpc,tactile_noise,3,6,1,0.02295,0.51258,8.65765,0,1,1,0.04747,-0.00000,0.15060,0.21881,0.6200,0.00000,0.04000,diagnostic
diagnostic_probe_then_mpc,tactile_noise,3,7,1,0.02037,0.42064,5.16917,0,1,1,0.04448,-0.00000,0.10039,0.14647,0.6200,0.00000,0.04000,diagnostic
diagnostic_probe_then_mpc,tactile_noise,3,8,1,0.01296,0.60524,7.30968,0,1,1,0.05158,-0.00000,0.20953,0.33777,0.6200,0.00000,0.04000,diagnostic
diagnostic_probe_then_mpc,tactile_noise,3,9,1,0.01454,0.45567,6.91443,0,1,1,0.06658,-0.00000,0.08076,0.16907,0.6200,0.00000,0.04000,diagnostic
diagnostic_probe_then_mpc,tactile_noise,3,10,1,0.03652,0.54349,7.44289,0,1,1,0.08469,-0.00000,0.11805,0.28273,0.6200,0.00000,0.04000,diagnostic
diagnostic_probe_then_mpc,tactile_noise,3,11,1,0.02020,0.50426,6.51867,0,1,1,0.08360,-0.00000,0.18023,0.21042,0.6200,0.00000,0.04000,diagnostic
diagnostic_probe_then_mpc,tactile_noise,4,0,1,0.02904,0.62174,9.62635,0,1,1,0.04419,-0.00000,0.21751,0.34006,0.6200,0.00000,0.04000,diagnostic
diagnostic_probe_then_mpc,tactile_noise,4,1,1,0.01362,0.53624,10.66936,0,1,1,0.04340,-0.00000,0.15059,0.22549,0.6200,0.00000,0.04000,diagnostic
diagnostic_probe_then_mpc,tactile_noise,4,2,0,0.08089,0.50159,7.55455,0,1,1,0.09557,-0.00000,0.14751,0.20436,0.6200,0.00000,0.04000,diagnostic
diagnostic_probe_then_mpc,tactile_noise,4,3,1,0.02155,0.59730,11.04391,0,1,1,0.10681,-0.00000,0.17730,0.33950,0.6200,0.00000,0.04000,diagnostic
diagnostic_probe_then_mpc,tactile_noise,4,4,1,0.01344,0.60035,6.31397,0,1,1,0.08511,-0.00000,0.17338,0.33836,0.6200,0.00000,0.04000,diagnostic
diagnostic_probe_then_mpc,tactile_noise,4,5,1,0.04724,0.57804,5.55309,0,1,1,0.04212,-0.00000,0.19810,0.30074,0.6200,0.00000,0.04000,diagnostic
diagnostic_probe_then_mpc,tactile_noise,4,6,1,0.07319,0.43794,5.24923,0,1,1,0.10007,-0.00000,0.04127,0.16507,0.6200,0.00000,0.04000,diagnostic
diagnostic_probe_then_mpc,tactile_noise,4,7,1,0.01262,0.50711,9.31701,0,1,1,0.04343,-0.00000,0.11836,0.23374,0.6200,0.00000,0.04000,diagnostic
diagnostic_probe_then_mpc,tactile_noise,4,8,1,0.05518,0.42840,5.30375,0,1,1,0.06501,-0.00000,0.09828,0.15399,0.6200,0.00000,0.04000,diagnostic
diagnostic_probe_then_mpc,tactile_noise,4,9,1,0.02688,0.49366,7.64025,0,1,1,0.07331,-0.00000,0.16635,0.19614,0.6200,0.00000,0.04000,diagnostic
diagnostic_probe_then_mpc,tactile_noise,4,10,1,0.02297,0.45744,6.79938,0,1,1,0.06317,-0.00000,0.06084,0.15970,0.6200,0.00000,0.04000,diagnostic
diagnostic_probe_then_mpc,tactile_noise,4,11,0,0.09119,0.48020,5.68961,0,1,1,0.08570,-0.00000,0.09499,0.19737,0.6200,0.00000,0.04000,diagnostic
diagnostic_probe_then_mpc,sticky_contact,0,0,1,0.02349,0.75460,8.64156,0,1,1,0.04695,-0.00000,0.09343,0.13476,1.5500,0.01000,0.01000,diagnostic
diagnostic_probe_then_mpc,sticky_contact,0,1,1,0.02578,0.78122,9.63781,0,1,1,0.04704,-0.00000,0.08446,0.12380,1.5500,0.01000,0.01000,diagnostic
diagnostic_probe_then_mpc,sticky_contact,0,2,1,0.03104,0.81117,9.50441,0,1,1,0.03750,-0.00000,0.11240,0.14122,1.5500,0.01000,0.01000,diagnostic
diagnostic_probe_then_mpc,sticky_contact,0,3,1,0.03997,0.86879,10.63748,0,1,1,0.05811,-0.00000,0.16797,0.21684,1.5500,0.01000,0.01000,diagnostic
diagnostic_probe_then_mpc,sticky_contact,0,4,1,0.03759,0.83934,9.40863,0,1,1,0.05762,-0.00000,0.09898,0.12651,1.5500,0.01000,0.01000,diagnostic
diagnostic_probe_then_mpc,sticky_contact,0,5,1,0.03928,0.84204,9.69538,0,1,1,0.04046,-0.00000,0.14199,0.17392,1.5500,0.01000,0.01000,diagnostic
diagnostic_probe_then_mpc,sticky_contact,0,6,1,0.02906,0.73577,9.35269,0,1,1,0.04516,-0.00000,0.11743,0.17108,1.5500,0.01000,0.01000,diagnostic
diagnostic_probe_then_mpc,sticky_contact,0,7,1,0.02493,0.80849,11.12559,0,1,1,0.03857,-0.00000,0.16595,0.20089,1.5500,0.01000,0.01000,diagnostic
diagnostic_probe_then_mpc,sticky_contact,0,8,1,0.01331,0.71907,8.85033,0,1,1,0.04782,-0.00000,0.09210,0.12928,1.5500,0.01000,0.01000,diagnostic
diagnostic_probe_then_mpc,sticky_contact,0,9,1,0.02988,0.82908,10.39622,0,1,1,0.03697,-0.00000,0.14582,0.19886,1.5500,0.01000,0.01000,diagnostic
diagnostic_probe_then_mpc,sticky_contact,0,10,1,0.03209,0.88990,10.55532,0,1,1,0.03453,-0.00000,0.16210,0.20433,1.5500,0.01000,0.01000,diagnostic
diagnostic_probe_then_mpc,sticky_contact,0,11,1,0.03475,0.88117,11.76754,0,1,1,0.05182,-0.00000,0.17145,0.21113,1.5500,0.01000,0.01000,diagnostic
diagnostic_probe_then_mpc,sticky_contact,1,0,1,0.02595,0.82653,11.25231,0,1,1,0.03798,-0.00000,0.14721,0.20311,1.5500,0.01000,0.01000,diagnostic
diagnostic_probe_then_mpc,sticky_contact,1,1,1,0.03124,0.80806,10.12956,0,1,1,0.05661,-0.00000,0.11440,0.16171,1.5500,0.01000,0.01000,diagnostic
diagnostic_probe_then_mpc,sticky_contact,1,2,1,0.03017,0.78556,8.58887,0,1,1,0.05653,-0.00000,0.11129,0.14292,1.5500,0.01000,0.01000,diagnostic
diagnostic_probe_then_mpc,sticky_contact,1,3,1,0.02999,0.80773,10.09472,0,1,1,0.03255,-0.00000,0.16151,0.19630,1.5500,0.01000,0.01000,diagnostic
diagnostic_probe_then_mpc,sticky_contact,1,4,1,0.03408,0.85828,10.57590,0,1,1,0.04263,-0.00000,0.17459,0.22753,1.5500,0.01000,0.01000,diagnostic
diagnostic_probe_then_mpc,sticky_contact,1,5,1,0.04260,0.76743,8.97076,0,1,1,0.05304,-0.00000,0.11583,0.14847,1.5500,0.01000,0.01000,diagnostic
diagnostic_probe_then_mpc,sticky_contact,1,6,1,0.03085,0.87452,10.25070,0,1,1,0.04552,-0.00000,0.16241,0.18584,1.5500,0.01000,0.01000,diagnostic
diagnostic_probe_then_mpc,sticky_contact,1,7,1,0.03305,0.82975,10.15398,0,1,1,0.04969,-0.00000,0.13758,0.16988,1.5500,0.01000,0.01000,diagnostic
diagnostic_probe_then_mpc,sticky_contact,1,8,1,0.02843,0.77040,11.51001,0,1,1,0.04805,-0.00000,0.11721,0.15545,1.5500,0.01000,0.01000,diagnostic
diagnostic_probe_then_mpc,sticky_contact,1,9,1,0.03116,0.86076,10.32613,0,1,1,0.04010,-0.00000,0.12510,0.18485,1.5500,0.01000,0.01000,diagnostic
diagnostic_probe_then_mpc,sticky_contact,1,10,1,0.02267,0.71027,9.44390,0,1,1,0.04398,-0.00000,0.11539,0.16551,1.5500,0.01000,0.01000,diagnostic
diagnostic_probe_then_mpc,sticky_contact,1,11,1,0.02599,0.77887,10.19608,0,1,1,0.05114,-0.00000,0.06784,0.12008,1.5500,0.01000,0.01000,diagnostic
diagnostic_probe_then_mpc,sticky_contact,2,0,1,0.02732,0.80575,10.55760,0,1,1,0.04186,-0.00000,0.13607,0.20441,1.5500,0.01000,0.01000,diagnostic
diagnostic_probe_then_mpc,sticky_contact,2,1,1,0.03194,0.80989,10.61961,0,1,1,0.04909,-0.00000,0.12147,0.16886,1.5500,0.01000,0.01000,diagnostic
diagnostic_probe_then_mpc,sticky_contact,2,2,1,0.03837,0.77090,10.23515,0,1,1,0.03737,-0.00000,0.11858,0.15889,1.5500,0.01000,0.01000,diagnostic
diagnostic_probe_then_mpc,sticky_contact,2,3,1,0.03620,0.81893,10.82949,0,1,1,0.03866,-0.00000,0.17195,0.20737,1.5500,0.01000,0.01000,diagnostic
diagnostic_probe_then_mpc,sticky_contact,2,4,1,0.03974,0.82476,10.48167,0,1,1,0.05144,-0.00000,0.15203,0.18110,1.5500,0.01000,0.01000,diagnostic
diagnostic_probe_then_mpc,sticky_contact,2,5,1,0.03004,0.73055,9.81016,0,1,1,0.03090,-0.00000,0.12884,0.16540,1.5500,0.01000,0.01000,diagnostic
diagnostic_probe_then_mpc,sticky_contact,2,6,1,0.02929,0.78839,8.88999,0,1,1,0.04449,-0.00000,0.11805,0.16865,1.5500,0.01000,0.01000,diagnostic
diagnostic_probe_then_mpc,sticky_contact,2,7,1,0.02294,0.79050,8.90136,0,1,1,0.02624,-0.00000,0.16895,0.21209,1.5500,0.01000,0.01000,diagnostic
diagnostic_probe_then_mpc,sticky_contact,2,8,1,0.04679,0.78690,12.93276,0,1,1,0.02209,-0.00000,0.18401,0.27688,1.5500,0.01000,0.01000,diagnostic
diagnostic_probe_then_mpc,sticky_contact,2,9,1,0.04195,0.85845,12.39360,0,1,1,0.05249,-0.00000,0.18594,0.23049,1.5500,0.01000,0.01000,diagnostic
diagnostic_probe_then_mpc,sticky_contact,2,10,1,0.02507,0.82229,11.19601,0,1,1,0.04112,-0.00000,0.15444,0.20454,1.5500,0.01000,0.01000,diagnostic
diagnostic_probe_then_mpc,sticky_contact,2,11,1,0.01942,0.70749,9.37679,0,1,1,0.04658,-0.00000,0.09097,0.12214,1.5500,0.01000,0.01000,diagnostic
diagnostic_probe_then_mpc,sticky_contact,3,0,1,0.02769,0.76426,9.59559,0,1,1,0.04512,-0.00000,0.09543,0.15336,1.5500,0.01000,0.01000,diagnostic
diagnostic_probe_then_mpc,sticky_contact,3,1,1,0.03215,0.83195,10.08199,0,1,1,0.04106,-0.00000,0.15035,0.17774,1.5500,0.01000,0.01000,diagnostic
diagnostic_probe_then_mpc,sticky_contact,3,2,1,0.03077,0.78676,10.21489,0,1,1,0.04372,-0.00000,0.11558,0.15979,1.5500,0.01000,0.01000,diagnostic
diagnostic_probe_then_mpc,sticky_contact,3,3,1,0.02677,0.80424,10.03700,0,1,1,0.04391,-0.00000,0.11912,0.16896,1.5500,0.01000,0.01000,diagnostic
diagnostic_probe_then_mpc,sticky_contact,3,4,1,0.03235,0.83894,9.64327,0,1,1,0.04738,-0.00000,0.11472,0.15511,1.5500,0.01000,0.01000,diagnostic
diagnostic_probe_then_mpc,sticky_contact,3,5,1,0.02027,0.73686,9.25040,0,1,1,0.03939,-0.00000,0.13353,0.18111,1.5500,0.01000,0.01000,diagnostic
diagnostic_probe_then_mpc,sticky_contact,3,6,1,0.01846,0.74650,8.16442,0,1,1,0.03762,-0.00000,0.14453,0.17224,1.5500,0.01000,0.01000,diagnostic
diagnostic_probe_then_mpc,sticky_contact,3,7,1,0.03148,0.85479,10.70546,0,1,1,0.04484,-0.00000,0.18450,0.21121,1.5500,0.01000,0.01000,diagnostic
diagnostic_probe_then_mpc,sticky_contact,3,8,1,0.02520,0.73661,10.29531,0,1,1,0.05044,-0.00000,0.07820,0.13192,1.5500,0.01000,0.01000,diagnostic
diagnostic_probe_then_mpc,sticky_contact,3,9,1,0.02917,0.73888,9.45127,0,1,1,0.04347,-0.00000,0.09272,0.13941,1.5500,0.01000,0.01000,diagnostic
diagnostic_probe_then_mpc,sticky_contact,3,10,1,0.02602,0.75787,8.87958,0,1,1,0.04864,-0.00000,0.10084,0.14809,1.5500,0.01000,0.01000,diagnostic
diagnostic_probe_then_mpc,sticky_contact,3,11,1,0.02761,0.80839,8.90492,0,1,1,0.04645,-0.00000,0.12154,0.16476,1.5500,0.01000,0.01000,diagnostic
diagnostic_probe_then_mpc,sticky_contact,4,0,1,0.03128,0.69380,8.69370,0,1,1,0.02991,-0.00000,0.10521,0.20617,1.5500,0.01000,0.01000,diagnostic
diagnostic_probe_then_mpc,sticky_contact,4,1,1,0.03256,0.82834,11.82683,0,1,1,0.06033,-0.00000,0.10915,0.16755,1.5500,0.01000,0.01000,diagnostic
diagnostic_probe_then_mpc,sticky_contact,4,2,1,0.04019,0.92434,10.19643,0,1,1,0.04236,-0.00000,0.17890,0.22631,1.5500,0.01000,0.01000,diagnostic
diagnostic_probe_then_mpc,sticky_contact,4,3,1,0.04096,0.77611,9.43514,0,1,1,0.05473,-0.00000,0.10628,0.14316,1.5500,0.01000,0.01000,diagnostic
diagnostic_probe_then_mpc,sticky_contact,4,4,1,0.03149,0.81308,10.23475,0,1,1,0.04007,-0.00000,0.11169,0.15300,1.5500,0.01000,0.01000,diagnostic
diagnostic_probe_then_mpc,sticky_contact,4,5,1,0.03364,0.89437,10.98542,0,1,1,0.05928,-0.00000,0.15936,0.21087,1.5500,0.01000,0.01000,diagnostic
diagnostic_probe_then_mpc,sticky_contact,4,6,1,0.03161,0.73601,9.43943,0,1,1,0.04736,-0.00000,0.11699,0.15332,1.5500,0.01000,0.01000,diagnostic
diagnostic_probe_then_mpc,sticky_contact,4,7,1,0.03379,0.81997,10.06551,0,1,1,0.04144,-0.00000,0.15925,0.18775,1.5500,0.01000,0.01000,diagnostic
diagnostic_probe_then_mpc,sticky_contact,4,8,1,0.04373,0.76875,9.89460,0,1,1,0.05306,-0.00000,0.10648,0.17155,1.5500,0.01000,0.01000,diagnostic
diagnostic_probe_then_mpc,sticky_contact,4,9,1,0.04024,0.87070,13.60136,0,1,1,0.03020,-0.00000,0.17815,0.27366,1.5500,0.01000,0.01000,diagnostic
diagnostic_probe_then_mpc,sticky_contact,4,10,1,0.03239,0.90878,10.66086,0,1,1,0.05889,-0.00000,0.17119,0.22056,1.5500,0.01000,0.01000,diagnostic
diagnostic_probe_then_mpc,sticky_contact,4,11,1,0.03716,0.82604,9.97214,0,1,1,0.03995,-0.00000,0.14941,0.19723,1.5500,0.01000,0.01000,diagnostic
diagnostic_probe_then_mpc,combined_shift,0,0,1,0.01984,0.56670,6.98409,0,1,1,0.07401,-0.00000,0.11727,0.13879,1.3500,0.04500,0.03000,diagnostic
diagnostic_probe_then_mpc,combined_shift,0,1,1,0.02153,0.57147,9.11428,0,1,1,0.03200,-0.00000,0.10900,0.17344,1.3500,0.04500,0.03000,diagnostic
diagnostic_probe_then_mpc,combined_shift,0,2,0,0.10462,0.60023,9.55633,0,1,1,0.02411,-0.00000,0.12028,0.24102,1.3500,0.04500,0.03000,diagnostic
diagnostic_probe_then_mpc,combined_shift,0,3,0,0.15698,0.44357,3.73200,0,1,1,0.09150,-0.00000,0.00000,0.20689,1.3500,0.04500,0.03000,diagnostic
diagnostic_probe_then_mpc,combined_shift,0,4,1,0.04109,0.65490,11.41673,0,1,1,0.03691,-0.00000,0.15584,0.25882,1.3500,0.04500,0.03000,diagnostic
diagnostic_probe_then_mpc,combined_shift,0,5,0,0.07689,0.56713,6.62082,0,1,1,0.04933,-0.00000,0.09826,0.22818,1.3500,0.04500,0.03000,diagnostic
diagnostic_probe_then_mpc,combined_shift,0,6,1,0.04708,0.60366,8.49731,0,1,1,0.05369,-0.00000,0.09898,0.12172,1.3500,0.04500,0.03000,diagnostic
diagnostic_probe_then_mpc,combined_shift,0,7,0,0.23050,0.42630,2.74395,0,1,1,0.04309,-0.00000,0.00000,0.20330,1.3500,0.04500,0.03000,diagnostic
diagnostic_probe_then_mpc,combined_shift,0,8,1,0.02842,0.66505,14.02889,0,1,1,0.05421,-0.00000,0.18980,0.25360,1.3500,0.04500,0.03000,diagnostic
diagnostic_probe_then_mpc,combined_shift,0,9,1,0.03968,0.66072,8.19119,0,1,1,0.06996,-0.00000,0.14410,0.21447,1.3500,0.04500,0.03000,diagnostic
diagnostic_probe_then_mpc,combined_shift,0,10,1,0.05579,0.56192,11.35699,0,1,1,0.04923,-0.00000,0.14575,0.17272,1.3500,0.04500,0.03000,diagnostic
diagnostic_probe_then_mpc,combined_shift,0,11,1,0.03677,0.61540,8.98278,0,1,1,0.03758,-0.00000,0.15962,0.21896,1.3500,0.04500,0.03000,diagnostic
diagnostic_probe_then_mpc,combined_shift,1,0,0,0.08700,0.60385,8.51203,0,1,1,0.06364,-0.00000,0.12005,0.20688,1.3500,0.04500,0.03000,diagnostic
diagnostic_probe_then_mpc,combined_shift,1,1,0,0.13786,0.61881,7.17381,0,1,1,0.07061,-0.00000,0.09422,0.32081,1.3500,0.04500,0.03000,diagnostic
diagnostic_probe_then_mpc,combined_shift,1,2,0,0.10570,0.59392,8.40330,0,1,1,0.09520,-0.00000,0.10622,0.21837,1.3500,0.04500,0.03000,diagnostic
diagnostic_probe_then_mpc,combined_shift,1,3,0,0.19795,0.49902,6.63015,0,1,1,0.03287,-0.00000,0.01642,0.23756,1.3500,0.04500,0.03000,diagnostic
diagnostic_probe_then_mpc,combined_shift,1,4,1,0.03237,0.61621,8.29047,0,1,1,0.09555,-0.00000,0.12332,0.20468,1.3500,0.04500,0.03000,diagnostic
diagnostic_probe_then_mpc,combined_shift,1,5,1,0.04065,0.54916,7.23818,0,1,1,0.09530,-0.00000,0.06064,0.12164,1.3500,0.04500,0.03000,diagnostic
diagnostic_probe_then_mpc,combined_shift,1,6,0,0.08418,0.62913,6.94666,0,1,1,0.04569,-0.00000,0.15952,0.23554,1.3500,0.04500,0.03000,diagnostic
diagnostic_probe_then_mpc,combined_shift,1,7,0,0.07548,0.63572,8.28769,0,1,1,0.04763,-0.00000,0.16017,0.20938,1.3500,0.04500,0.03000,diagnostic
diagnostic_probe_then_mpc,combined_shift,1,8,1,0.06637,0.48152,7.29438,0,1,1,0.03703,-0.00000,0.04269,0.10580,1.3500,0.04500,0.03000,diagnostic
diagnostic_probe_then_mpc,combined_shift,1,9,0,0.16958,0.47495,7.02200,0,1,1,0.04404,-0.00000,0.00000,0.21653,1.3500,0.04500,0.03000,diagnostic
diagnostic_probe_then_mpc,combined_shift,1,10,1,0.02736,0.64571,7.68005,0,1,1,0.10223,-0.00000,0.13427,0.18701,1.3500,0.04500,0.03000,diagnostic
diagnostic_probe_then_mpc,combined_shift,1,11,1,0.01726,0.59443,9.14307,0,1,1,0.05297,-0.00000,0.12560,0.15750,1.3500,0.04500,0.03000,diagnostic
diagnostic_probe_then_mpc,combined_shift,2,0,1,0.02390,0.58850,6.58482,0,1,1,0.09698,-0.00000,0.11765,0.13782,1.3500,0.04500,0.03000,diagnostic
diagnostic_probe_then_mpc,combined_shift,2,1,1,0.02300,0.68659,8.84018,0,1,1,0.07378,-0.00000,0.20268,0.21563,1.3500,0.04500,0.03000,diagnostic
diagnostic_probe_then_mpc,combined_shift,2,2,1,0.04630,0.69335,14.65308,0,1,1,0.03291,-0.00000,0.10000,0.18426,1.3500,0.04500,0.03000,diagnostic
diagnostic_probe_then_mpc,combined_shift,2,3,1,0.04512,0.58923,8.01940,0,1,1,0.08405,-0.00000,0.13359,0.18790,1.3500,0.04500,0.03000,diagnostic
diagnostic_probe_then_mpc,combined_shift,2,4,1,0.05368,0.69623,8.99560,0,1,1,0.09428,-0.00000,0.18360,0.27175,1.3500,0.04500,0.03000,diagnostic
diagnostic_probe_then_mpc,combined_shift,2,5,1,0.04277,0.63086,8.17225,0,1,1,0.06187,-0.00000,0.13021,0.17629,1.3500,0.04500,0.03000,diagnostic
diagnostic_probe_then_mpc,combined_shift,2,6,1,0.02511,0.67147,8.66315,0,1,1,0.05580,-0.00000,0.18157,0.23520,1.3500,0.04500,0.03000,diagnostic
diagnostic_probe_then_mpc,combined_shift,2,7,1,0.02105,0.82337,12.73031,0,1,1,0.10618,-0.00000,0.20507,0.22344,1.3500,0.04500,0.03000,diagnostic
diagnostic_probe_then_mpc,combined_shift,2,8,0,0.20596,0.52687,8.18799,0,1,1,0.08733,-0.00000,0.02290,0.23299,1.3500,0.04500,0.03000,diagnostic
diagnostic_probe_then_mpc,combined_shift,2,9,1,0.02353,0.63727,8.77956,0,1,1,0.03385,-0.00000,0.13875,0.24641,1.3500,0.04500,0.03000,diagnostic
diagnostic_probe_then_mpc,combined_shift,2,10,1,0.02434,0.65032,7.16499,0,1,1,0.07309,-0.00000,0.11724,0.21338,1.3500,0.04500,0.03000,diagnostic
diagnostic_probe_then_mpc,combined_shift,2,11,1,0.03221,0.68675,7.61014,0,1,1,0.06081,-0.00000,0.16169,0.25288,1.3500,0.04500,0.03000,diagnostic
diagnostic_probe_then_mpc,combined_shift,3,0,1,0.02154,0.62613,6.78268,0,1,1,0.06632,-0.00000,0.13460,0.24313,1.3500,0.04500,0.03000,diagnostic
diagnostic_probe_then_mpc,combined_shift,3,1,0,0.27010,0.46626,24.78163,0,1,1,0.05148,-0.00000,0.00000,0.16799,1.3500,0.04500,0.03000,diagnostic
diagnostic_probe_then_mpc,combined_shift,3,2,1,0.05867,0.53633,7.19659,0,1,1,0.07899,-0.00000,0.05501,0.14946,1.3500,0.04500,0.03000,diagnostic
diagnostic_probe_then_mpc,combined_shift,3,3,1,0.04194,0.59739,8.28580,0,1,1,0.07898,-0.00000,0.07066,0.12980,1.3500,0.04500,0.03000,diagnostic
diagnostic_probe_then_mpc,combined_shift,3,4,1,0.02663,0.59413,9.00268,0,1,1,0.04802,-0.00000,0.11707,0.18889,1.3500,0.04500,0.03000,diagnostic
diagnostic_probe_then_mpc,combined_shift,3,5,1,0.02011,0.61939,8.95498,0,1,1,0.09386,-0.00000,0.11215,0.20388,1.3500,0.04500,0.03000,diagnostic
diagnostic_probe_then_mpc,combined_shift,3,6,1,0.04013,0.63406,8.06183,0,0,1,0.09426,-0.00000,0.25904,0.25100,1.3500,0.04500,0.03000,diagnostic
diagnostic_probe_then_mpc,combined_shift,3,7,0,0.10934,0.53901,5.87872,0,1,1,0.07477,-0.00000,0.06502,0.14710,1.3500,0.04500,0.03000,diagnostic
diagnostic_probe_then_mpc,combined_shift,3,8,1,0.03579,0.67802,7.19022,0,1,1,0.07106,-0.00000,0.16872,0.30784,1.3500,0.04500,0.03000,diagnostic
diagnostic_probe_then_mpc,combined_shift,3,9,0,0.10869,0.53614,6.75517,0,1,1,0.06196,-0.00000,0.07315,0.15549,1.3500,0.04500,0.03000,diagnostic
diagnostic_probe_then_mpc,combined_shift,3,10,1,0.03379,0.57316,8.21083,0,1,1,0.07502,-0.00000,0.09672,0.13656,1.3500,0.04500,0.03000,diagnostic
diagnostic_probe_then_mpc,combined_shift,3,11,0,0.15179,0.75099,19.05896,0,1,1,0.06855,-0.00000,0.17824,0.24288,1.3500,0.04500,0.03000,diagnostic
diagnostic_probe_then_mpc,combined_shift,4,0,1,0.02676,0.56933,7.26957,0,1,1,0.07322,-0.00000,0.07115,0.13561,1.3500,0.04500,0.03000,diagnostic
diagnostic_probe_then_mpc,combined_shift,4,1,1,0.03851,0.66681,9.74925,0,1,1,0.06337,-0.00000,0.18248,0.19378,1.3500,0.04500,0.03000,diagnostic
diagnostic_probe_then_mpc,combined_shift,4,2,0,0.09340,0.60388,7.53867,0,1,1,0.03218,-0.00000,0.14691,0.24911,1.3500,0.04500,0.03000,diagnostic
diagnostic_probe_then_mpc,combined_shift,4,3,1,0.02317,0.56505,7.16425,0,1,1,0.08462,-0.00000,0.10431,0.16308,1.3500,0.04500,0.03000,diagnostic
diagnostic_probe_then_mpc,combined_shift,4,4,1,0.03030,0.60761,8.74997,0,1,1,0.05581,-0.00000,0.10350,0.18935,1.3500,0.04500,0.03000,diagnostic
diagnostic_probe_then_mpc,combined_shift,4,5,0,0.11171,0.60511,8.03148,0,1,1,0.05933,-0.00000,0.13610,0.26418,1.3500,0.04500,0.03000,diagnostic
diagnostic_probe_then_mpc,combined_shift,4,6,1,0.02809,0.61473,10.12015,0,1,1,0.12538,-0.00000,0.11683,0.18224,1.3500,0.04500,0.03000,diagnostic
diagnostic_probe_then_mpc,combined_shift,4,7,0,0.07815,0.57461,8.34174,0,1,1,0.00298,-0.00000,0.11110,0.18896,1.3500,0.04500,0.03000,diagnostic
diagnostic_probe_then_mpc,combined_shift,4,8,0,0.14338,0.39775,2.93155,0,1,1,0.01351,-0.00000,0.02220,0.15543,1.3500,0.04500,0.03000,diagnostic
diagnostic_probe_then_mpc,combined_shift,4,9,0,0.12221,0.62310,7.89643,0,1,1,0.06941,-0.00000,0.11953,0.24956,1.3500,0.04500,0.03000,diagnostic
diagnostic_probe_then_mpc,combined_shift,4,10,1,0.02643,0.71509,10.31618,0,1,1,0.03675,-0.00000,0.07353,0.15226,1.3500,0.04500,0.03000,diagnostic
diagnostic_probe_then_mpc,combined_shift,4,11,0,0.09515,0.59476,8.35130,0,1,1,0.04284,-0.00000,0.10033,0.23318,1.3500,0.04500,0.03000,diagnostic
vt_disagreement_branch_mpc,nominal,0,0,1,0.01104,0.37827,4.24320,0,1,0,0.00949,0.84521,0.14930,0.22098,0.5500,0.00000,0.00600,vision_branch+tactile_branch+high_force_branch
vt_disagreement_branch_mpc,nominal,0,1,1,0.00980,0.43487,6.66089,0,1,0,0.01390,0.84258,0.20117,0.26306,0.5500,0.00000,0.00600,vision_branch+tactile_branch+high_force_branch
vt_disagreement_branch_mpc,nominal,0,2,1,0.00713,0.39961,6.99738,0,1,0,0.01993,0.83801,0.18663,0.24454,0.5500,0.00000,0.00600,vision_branch+tactile_branch+high_force_branch
vt_disagreement_branch_mpc,nominal,0,3,1,0.02198,0.34388,6.81689,0,1,0,0.01398,0.84253,0.11017,0.17533,0.5500,0.00000,0.00600,vision_branch+tactile_branch+high_force_branch
vt_disagreement_branch_mpc,nominal,0,4,1,0.00760,0.41927,5.04668,0,1,0,0.00351,0.84848,0.18038,0.26406,0.5500,0.00000,0.00600,vision_branch+tactile_branch+high_force_branch
vt_disagreement_branch_mpc,nominal,0,5,1,0.01247,0.36194,6.31702,0,1,0,0.01560,0.84141,0.13841,0.20534,0.5500,0.00000,0.00600,vision_branch+tactile_branch+high_force_branch
vt_disagreement_branch_mpc,nominal,0,6,1,0.00770,0.36758,6.84370,0,1,0,0.02570,0.83242,0.14467,0.19984,0.5500,0.00000,0.00600,vision_branch+tactile_branch+high_force_branch
vt_disagreement_branch_mpc,nominal,0,7,1,0.00739,0.39117,3.13080,0,1,0,0.00939,0.84527,0.17373,0.25008,0.5500,0.00000,0.00600,vision_branch+tactile_branch+high_force_branch
vt_disagreement_branch_mpc,nominal,0,8,1,0.01709,0.37567,9.34839,0,1,0,0.00297,0.84885,0.12636,0.20169,0.5500,0.00000,0.00600,vision_branch+tactile_branch+high_force_branch
vt_disagreement_branch_mpc,nominal,0,9,1,0.00542,0.40254,5.53538,0,1,0,0.00464,0.84764,0.15574,0.23757,0.5500,0.00000,0.00600,vision_branch+tactile_branch+high_force_branch
vt_disagreement_branch_mpc,nominal,0,10,1,0.00955,0.40052,7.01804,0,1,0,0.01381,0.84264,0.16439,0.23400,0.5500,0.00000,0.00600,vision_branch+tactile_branch+high_force_branch
vt_disagreement_branch_mpc,nominal,0,11,1,0.00785,0.35446,5.88518,0,1,0,0.01462,0.84209,0.12392,0.18463,0.5500,0.00000,0.00600,vision_branch+tactile_branch+high_force_branch
vt_disagreement_branch_mpc,nominal,1,0,1,0.01114,0.42452,4.21780,0,1,0,0.00692,0.84650,0.20082,0.27286,0.5500,0.00000,0.00600,vision_branch+tactile_branch+high_force_branch
vt_disagreement_branch_mpc,nominal,1,1,1,0.01033,0.37477,8.42738,0,1,0,0.00429,0.84791,0.13093,0.21150,0.5500,0.00000,0.00600,vision_branch+tactile_branch+high_force_branch
vt_disagreement_branch_mpc,nominal,1,2,1,0.00794,0.46280,7.66071,0,1,0,0.00556,0.84711,0.19665,0.27975,0.5500,0.00000,0.00600,vision_branch+tactile_branch+high_force_branch
vt_disagreement_branch_mpc,nominal,1,3,1,0.00366,0.37136,5.69641,0,1,0,0.00468,0.84761,0.14250,0.21773,0.5500,0.00000,0.00600,vision_branch+tactile_branch+high_force_branch
vt_disagreement_branch_mpc,nominal,1,4,1,0.01700,0.43226,5.93814,0,1,0,0.01125,0.84423,0.20825,0.27978,0.5500,0.00000,0.00600,vision_branch+tactile_branch+high_force_branch
vt_disagreement_branch_mpc,nominal,1,5,1,0.02243,0.40473,6.54347,0,1,0,0.01585,0.84123,0.17288,0.23938,0.5500,0.00000,0.00600,vision_branch+tactile_branch+high_force_branch
vt_disagreement_branch_mpc,nominal,1,6,1,0.01928,0.45729,7.43030,0,1,0,0.01968,0.83822,0.20622,0.30005,0.5500,0.00000,0.00600,vision_branch+tactile_branch+high_force_branch
vt_disagreement_branch_mpc,nominal,1,7,1,0.01394,0.33598,5.12327,0,1,0,0.00891,0.84552,0.11210,0.18273,0.5500,0.00000,0.00600,vision_branch+tactile_branch+high_force_branch
vt_disagreement_branch_mpc,nominal,1,8,1,0.01959,0.44454,6.67567,0,1,0,0.00992,0.84498,0.19870,0.26963,0.5500,0.00000,0.00600,vision_branch+tactile_branch+high_force_branch
vt_disagreement_branch_mpc,nominal,1,9,1,0.01679,0.37077,6.32606,0,1,0,0.01030,0.84477,0.13110,0.20431,0.5500,0.00000,0.00600,vision_branch+tactile_branch+high_force_branch
vt_disagreement_branch_mpc,nominal,1,10,1,0.00623,0.35328,4.33801,0,1,0,0.02088,0.83718,0.14516,0.20289,0.5500,0.00000,0.00600,vision_branch+tactile_branch+high_force_branch
vt_disagreement_branch_mpc,nominal,1,11,1,0.02072,0.42121,4.65182,0,1,0,0.01303,0.84314,0.19163,0.26820,0.5500,0.00000,0.00600,vision_branch+tactile_branch+high_force_branch
vt_disagreement_branch_mpc,nominal,2,0,1,0.00210,0.36835,5.15671,0,1,0,0.01559,0.84142,0.12147,0.21408,0.5500,0.00000,0.00600,vision_branch+tactile_branch+high_force_branch
vt_disagreement_branch_mpc,nominal,2,1,1,0.00528,0.40095,7.32077,0,1,0,0.00271,0.84901,0.16006,0.24313,0.5500,0.00000,0.00600,vision_branch+tactile_branch+high_force_branch
vt_disagreement_branch_mpc,nominal,2,2,1,0.01091,0.38743,7.95589,0,1,0,0.00908,0.84543,0.13496,0.21474,0.5500,0.00000,0.00600,vision_branch+tactile_branch+high_force_branch
vt_disagreement_branch_mpc,nominal,2,3,1,0.00659,0.42462,4.54612,0,1,0,0.00976,0.84507,0.19533,0.26096,0.5500,0.00000,0.00600,vision_branch+tactile_branch+high_force_branch
vt_disagreement_branch_mpc,nominal,2,4,1,0.04933,0.44150,10.05546,0,1,0,0.02391,0.83429,0.20215,0.27186,0.5500,0.00000,0.00600,vision_branch+tactile_branch+high_force_branch
vt_disagreement_branch_mpc,nominal,2,5,1,0.02530,0.41537,5.98592,0,1,0,0.01859,0.83913,0.20122,0.26020,0.5500,0.00000,0.00600,vision_branch+tactile_branch+high_force_branch
vt_disagreement_branch_mpc,nominal,2,6,1,0.01453,0.35683,6.32662,0,1,0,0.01571,0.84133,0.13574,0.20388,0.5500,0.00000,0.00600,vision_branch+tactile_branch+high_force_branch
vt_disagreement_branch_mpc,nominal,2,7,1,0.00825,0.42994,7.53471,0,1,0,0.02693,0.83106,0.20665,0.25039,0.5500,0.00000,0.00600,vision_branch+tactile_branch+high_force_branch
vt_disagreement_branch_mpc,nominal,2,8,1,0.01193,0.40589,6.67147,0,1,0,0.01293,0.84320,0.17485,0.24221,0.5500,0.00000,0.00600,vision_branch+tactile_branch+high_force_branch
vt_disagreement_branch_mpc,nominal,2,9,1,0.00544,0.39909,4.51298,0,1,0,0.00304,0.84880,0.17141,0.24326,0.5500,0.00000,0.00600,vision_branch+tactile_branch+high_force_branch
vt_disagreement_branch_mpc,nominal,2,10,1,0.01497,0.36372,8.14587,0,1,0,0.01427,0.84233,0.12982,0.19609,0.5500,0.00000,0.00600,vision_branch+tactile_branch+high_force_branch
vt_disagreement_branch_mpc,nominal,2,11,1,0.01353,0.35710,4.68475,0,1,0,0.00415,0.84802,0.11635,0.19948,0.5500,0.00000,0.00600,vision_branch+tactile_branch+high_force_branch
vt_disagreement_branch_mpc,nominal,3,0,1,0.00887,0.41558,4.67443,0,1,0,0.01640,0.84082,0.18200,0.24539,0.5500,0.00000,0.00600,vision_branch+tactile_branch+high_force_branch
vt_disagreement_branch_mpc,nominal,3,1,1,0.00552,0.35210,6.63686,0,1,0,0.00779,0.84608,0.10910,0.19132,0.5500,0.00000,0.00600,vision_branch+tactile_branch+high_force_branch
vt_disagreement_branch_mpc,nominal,3,2,1,0.00892,0.42397,6.35400,0,1,0,0.01107,0.84434,0.18950,0.26007,0.5500,0.00000,0.00600,vision_branch+tactile_branch+high_force_branch
vt_disagreement_branch_mpc,nominal,3,3,1,0.00985,0.41378,8.72826,0,1,0,0.00642,0.84673,0.15770,0.23832,0.5500,0.00000,0.00600,vision_branch+tactile_branch+high_force_branch
vt_disagreement_branch_mpc,nominal,3,4,1,0.00434,0.40023,6.66434,0,1,0,0.01320,0.84303,0.17057,0.23752,0.5500,0.00000,0.00600,vision_branch+tactile_branch+high_force_branch
vt_disagreement_branch_mpc,nominal,3,5,1,0.01191,0.38747,7.00109,0,1,0,0.00643,0.84673,0.15701,0.23144,0.5500,0.00000,0.00600,vision_branch+tactile_branch+high_force_branch
vt_disagreement_branch_mpc,nominal,3,6,1,0.00929,0.42502,4.95426,0,1,0,0.00781,0.84608,0.17385,0.25801,0.5500,0.00000,0.00600,vision_branch+tactile_branch+high_force_branch
vt_disagreement_branch_mpc,nominal,3,7,1,0.01209,0.38219,6.31165,0,1,0,0.01805,0.83956,0.14426,0.21001,0.5500,0.00000,0.00600,vision_branch+tactile_branch+high_force_branch
vt_disagreement_branch_mpc,nominal,3,8,1,0.01195,0.41885,4.45424,0,1,0,0.01813,0.83950,0.20583,0.26251,0.5500,0.00000,0.00600,vision_branch+tactile_branch+high_force_branch
vt_disagreement_branch_mpc,nominal,3,9,1,0.01409,0.43156,5.14602,0,1,0,0.00443,0.84780,0.17761,0.26455,0.5500,0.00000,0.00600,vision_branch+tactile_branch+high_force_branch
vt_disagreement_branch_mpc,nominal,3,10,1,0.00278,0.39563,7.16059,0,1,0,0.01577,0.84129,0.15778,0.23199,0.5500,0.00000,0.00600,vision_branch+tactile_branch+high_force_branch
vt_disagreement_branch_mpc,nominal,3,11,1,0.01060,0.41581,4.42866,0,1,0,0.01523,0.84167,0.18803,0.25784,0.5500,0.00000,0.00600,vision_branch+tactile_branch+high_force_branch
vt_disagreement_branch_mpc,nominal,4,0,1,0.01149,0.39245,8.52737,0,1,0,0.00807,0.84595,0.14780,0.22209,0.5500,0.00000,0.00600,vision_branch+tactile_branch+high_force_branch
vt_disagreement_branch_mpc,nominal,4,1,1,0.00639,0.38220,7.72127,0,1,0,0.00728,0.84633,0.14046,0.21747,0.5500,0.00000,0.00600,vision_branch+tactile_branch+high_force_branch
vt_disagreement_branch_mpc,nominal,4,2,1,0.02386,0.35105,4.61051,0,1,0,0.03297,0.82340,0.14475,0.19954,0.5500,0.00000,0.00600,vision_branch+tactile_branch+high_force_branch
vt_disagreement_branch_mpc,nominal,4,3,1,0.00493,0.43922,7.92304,0,1,0,0.00656,0.84667,0.19107,0.26178,0.5500,0.00000,0.00600,vision_branch+tactile_branch+high_force_branch
vt_disagreement_branch_mpc,nominal,4,4,1,0.00487,0.36537,6.71350,0,1,0,0.02117,0.83691,0.13141,0.19173,0.5500,0.00000,0.00600,vision_branch+tactile_branch+high_force_branch
vt_disagreement_branch_mpc,nominal,4,5,1,0.01258,0.38428,7.86296,0,1,0,0.02367,0.83454,0.13676,0.19121,0.5500,0.00000,0.00600,vision_branch+tactile_branch+high_force_branch
vt_disagreement_branch_mpc,nominal,4,6,1,0.02283,0.43917,7.39045,0,1,0,0.00431,0.84789,0.19780,0.28496,0.5500,0.00000,0.00600,vision_branch+tactile_branch+high_force_branch
vt_disagreement_branch_mpc,nominal,4,7,1,0.01377,0.38758,6.66675,0,1,0,0.00323,0.84867,0.14774,0.22214,0.5500,0.00000,0.00600,vision_branch+tactile_branch+high_force_branch
vt_disagreement_branch_mpc,nominal,4,8,1,0.02526,0.36776,6.16035,0,1,0,0.00850,0.84573,0.12261,0.18924,0.5500,0.00000,0.00600,vision_branch+tactile_branch+high_force_branch
vt_disagreement_branch_mpc,nominal,4,9,1,0.01048,0.36614,4.78095,0,1,0,0.02065,0.83738,0.14357,0.20442,0.5500,0.00000,0.00600,vision_branch+tactile_branch+high_force_branch
vt_disagreement_branch_mpc,nominal,4,10,1,0.01276,0.35722,8.72584,0,1,0,0.01315,0.84306,0.12813,0.19560,0.5500,0.00000,0.00600,vision_branch+tactile_branch+high_force_branch
vt_disagreement_branch_mpc,nominal,4,11,1,0.01536,0.39952,5.98485,0,1,0,0.01156,0.84405,0.17042,0.24000,0.5500,0.00000,0.00600,vision_branch+tactile_branch+high_force_branch
vt_disagreement_branch_mpc,high_friction,0,0,1,0.01951,0.43942,6.53523,0,1,0,0.02619,0.83189,0.14129,0.18887,1.2500,0.00000,0.00800,vision_branch+tactile_branch+high_force_branch
vt_disagreement_branch_mpc,high_friction,0,1,1,0.01785,0.45592,6.50274,0,1,0,0.01216,0.84369,0.13025,0.19246,1.2500,0.00000,0.00800,vision_branch+tactile_branch+high_force_branch
vt_disagreement_branch_mpc,high_friction,0,2,1,0.01411,0.47178,5.70528,0,1,0,0.01812,0.83950,0.13841,0.19884,1.2500,0.00000,0.00800,vision_branch+tactile_branch+high_force_branch
vt_disagreement_branch_mpc,high_friction,0,3,1,0.01904,0.42373,6.18597,0,1,0,0.01879,0.83896,0.11056,0.16513,1.2500,0.00000,0.00800,vision_branch+tactile_branch+high_force_branch
vt_disagreement_branch_mpc,high_friction,0,4,1,0.01600,0.48322,7.48379,0,1,0,0.02084,0.83721,0.16458,0.22003,1.2500,0.00000,0.00800,vision_branch+tactile_branch+high_force_branch
vt_disagreement_branch_mpc,high_friction,0,5,1,0.01953,0.44084,6.64769,0,1,0,0.01089,0.84444,0.12796,0.19862,1.2500,0.00000,0.00800,vision_branch+tactile_branch+high_force_branch
vt_disagreement_branch_mpc,high_friction,0,6,1,0.01822,0.48091,4.92932,0,1,0,0.02037,0.83762,0.17793,0.23559,1.2500,0.00000,0.00800,vision_branch+tactile_branch+high_force_branch
vt_disagreement_branch_mpc,high_friction,0,7,1,0.01997,0.44346,5.31403,0,1,0,0.01022,0.84481,0.12797,0.19116,1.2500,0.00000,0.00800,vision_branch+tactile_branch+high_force_branch
vt_disagreement_branch_mpc,high_friction,0,8,1,0.02391,0.49512,6.37134,0,1,0,0.00826,0.84585,0.16653,0.23444,1.2500,0.00000,0.00800,vision_branch+tactile_branch+high_force_branch
vt_disagreement_branch_mpc,high_friction,0,9,1,0.01763,0.44592,7.28759,0,1,0,0.00649,0.84712,0.11173,0.17967,1.2500,0.00000,0.00800,vision_branch+tactile_branch+high_force_branch
vt_disagreement_branch_mpc,high_friction,0,10,1,0.02113,0.52496,7.37352,0,1,0,0.01390,0.84258,0.20343,0.26507,1.2500,0.00000,0.00800,vision_branch+tactile_branch+high_force_branch
vt_disagreement_branch_mpc,high_friction,0,11,1,0.01092,0.42152,9.87419,0,1,0,0.01216,0.84369,0.11056,0.17720,1.2500,0.00000,0.00800,vision_branch+tactile_branch+high_force_branch
vt_disagreement_branch_mpc,high_friction,1,0,1,0.01350,0.46108,11.03676,0,1,0,0.01022,0.84481,0.12707,0.19289,1.2500,0.00000,0.00800,vision_branch+tactile_branch+high_force_branch
vt_disagreement_branch_mpc,high_friction,1,1,1,0.01828,0.46774,6.51777,0,1,0,0.01316,0.84306,0.14651,0.20785,1.2500,0.00000,0.00800,vision_branch+tactile_branch+high_force_branch
vt_disagreement_branch_mpc,high_friction,1,2,1,0.02148,0.50160,8.13024,0,1,0,0.00624,0.84733,0.15062,0.23124,1.2500,0.00000,0.00800,vision_branch+tactile_branch+high_force_branch
vt_disagreement_branch_mpc,high_friction,1,3,1,0.01954,0.51113,6.16164,0,1,0,0.01150,0.84408,0.17270,0.25449,1.2500,0.00000,0.00800,vision_branch+tactile_branch+high_force_branch
vt_disagreement_branch_mpc,high_friction,1,4,1,0.01962,0.47886,5.22830,0,1,0,0.00583,0.84766,0.16280,0.23191,1.2500,0.00000,0.00800,vision_branch+tactile_branch+high_force_branch
vt_disagreement_branch_mpc,high_friction,1,5,1,0.01925,0.48127,4.89400,0,1,0,0.01490,0.84190,0.15273,0.23562,1.2500,0.00000,0.00800,vision_branch+tactile_branch+high_force_branch
vt_disagreement_branch_mpc,high_friction,1,6,1,0.02380,0.53493,8.56970,0,1,0,0.01958,0.83830,0.19920,0.25509,1.2500,0.00000,0.00800,vision_branch+tactile_branch+high_force_branch
vt_disagreement_branch_mpc,high_friction,1,7,1,0.01223,0.54502,10.39043,0,1,0,0.01413,0.84242,0.18044,0.25397,1.2500,0.00000,0.00800,vision_branch+tactile_branch+high_force_branch
vt_disagreement_branch_mpc,high_friction,1,8,1,0.02498,0.50210,8.45707,0,1,0,0.00570,0.84777,0.17478,0.24357,1.2500,0.00000,0.00800,vision_branch+tactile_branch+high_force_branch
vt_disagreement_branch_mpc,high_friction,1,9,1,0.01894,0.45066,5.74965,0,1,0,0.02501,0.83316,0.15089,0.20158,1.2500,0.00000,0.00800,vision_branch+tactile_branch+high_force_branch
vt_disagreement_branch_mpc,high_friction,1,10,1,0.01062,0.48702,5.77756,0,1,0,0.01653,0.84073,0.13539,0.21869,1.2500,0.00000,0.00800,vision_branch+tactile_branch+high_force_branch
vt_disagreement_branch_mpc,high_friction,1,11,1,0.02076,0.54621,10.26880,0,1,0,0.01324,0.84301,0.18049,0.26605,1.2500,0.00000,0.00800,vision_branch+tactile_branch+high_force_branch
vt_disagreement_branch_mpc,high_friction,2,0,1,0.01991,0.48671,7.51862,0,1,0,0.00907,0.84544,0.14923,0.21473,1.2500,0.00000,0.00800,vision_branch+tactile_branch+high_force_branch
vt_disagreement_branch_mpc,high_friction,2,1,1,0.01814,0.51449,11.31535,0,1,0,0.02720,0.83075,0.18741,0.23419,1.2500,0.00000,0.00800,vision_branch+tactile_branch+high_force_branch
vt_disagreement_branch_mpc,high_friction,2,2,1,0.02142,0.53151,5.58102,0,1,0,0.02334,0.83486,0.21398,0.26634,1.2500,0.00000,0.00800,vision_branch+tactile_branch+high_force_branch
vt_disagreement_branch_mpc,high_friction,2,3,1,0.01897,0.48792,5.94054,0,1,0,0.00650,0.84711,0.15255,0.22169,1.2500,0.00000,0.00800,vision_branch+tactile_branch+high_force_branch
vt_disagreement_branch_mpc,high_friction,2,4,1,0.01456,0.47017,8.39114,0,1,0,0.02049,0.83752,0.15008,0.20392,1.2500,0.00000,0.00800,vision_branch+tactile_branch+high_force_branch
vt_disagreement_branch_mpc,high_friction,2,5,1,0.01793,0.45133,6.18076,0,1,0,0.02716,0.83080,0.14419,0.19140,1.2500,0.00000,0.00800,vision_branch+tactile_branch+high_force_branch
vt_disagreement_branch_mpc,high_friction,2,6,1,0.02200,0.52017,9.82968,0,1,0,0.01925,0.83858,0.14861,0.24160,1.2500,0.00000,0.00800,vision_branch+tactile_branch+high_force_branch
vt_disagreement_branch_mpc,high_friction,2,7,1,0.01836,0.47898,7.68328,0,1,0,0.02770,0.83018,0.17479,0.22088,1.2500,0.00000,0.00800,vision_branch+tactile_branch+high_force_branch
vt_disagreement_branch_mpc,high_friction,2,8,1,0.02495,0.50451,6.22878,0,1,0,0.02274,0.83544,0.19142,0.24487,1.2500,0.00000,0.00800,vision_branch+tactile_branch+high_force_branch
vt_disagreement_branch_mpc,high_friction,2,9,1,0.02149,0.47218,7.23084,0,1,0,0.02298,0.83522,0.14442,0.20357,1.2500,0.00000,0.00800,vision_branch+tactile_branch+high_force_branch
vt_disagreement_branch_mpc,high_friction,2,10,1,0.01806,0.44624,6.87352,0,1,0,0.01268,0.84337,0.12209,0.18399,1.2500,0.00000,0.00800,vision_branch+tactile_branch+high_force_branch
vt_disagreement_branch_mpc,high_friction,2,11,1,0.02299,0.44041,5.22008,0,1,0,0.00712,0.84657,0.11167,0.18169,1.2500,0.00000,0.00800,vision_branch+tactile_branch+high_force_branch
vt_disagreement_branch_mpc,high_friction,3,0,1,0.01722,0.43975,6.97371,0,1,0,0.00876,0.84559,0.11228,0.17953,1.2500,0.00000,0.00800,vision_branch+tactile_branch+high_force_branch
vt_disagreement_branch_mpc,high_friction,3,1,1,0.02231,0.46707,6.85995,0,1,0,0.02685,0.83115,0.15751,0.20563,1.2500,0.00000,0.00800,vision_branch+tactile_branch+high_force_branch
vt_disagreement_branch_mpc,high_friction,3,2,1,0.02465,0.53845,8.48449,0,1,0,0.01628,0.84092,0.19010,0.25388,1.2500,0.00000,0.00800,vision_branch+tactile_branch+high_force_branch
vt_disagreement_branch_mpc,high_friction,3,3,1,0.02646,0.52720,8.00920,0,1,0,0.01573,0.84132,0.17021,0.26006,1.2500,0.00000,0.00800,vision_branch+tactile_branch+high_force_branch
vt_disagreement_branch_mpc,high_friction,3,4,1,0.02308,0.52978,7.15301,0,1,0,0.00295,0.84962,0.20309,0.27603,1.2500,0.00000,0.00800,vision_branch+tactile_branch+high_force_branch
vt_disagreement_branch_mpc,high_friction,3,5,1,0.01505,0.48875,6.99789,0,1,0,0.02748,0.83043,0.15946,0.21192,1.2500,0.00000,0.00800,vision_branch+tactile_branch+high_force_branch
vt_disagreement_branch_mpc,high_friction,3,6,1,0.01393,0.45808,5.58923,0,1,0,0.00829,0.84584,0.13934,0.20737,1.2500,0.00000,0.00800,vision_branch+tactile_branch+high_force_branch
vt_disagreement_branch_mpc,high_friction,3,7,1,0.01394,0.47597,5.66872,0,1,0,0.01588,0.84121,0.15973,0.21914,1.2500,0.00000,0.00800,vision_branch+tactile_branch+high_force_branch
vt_disagreement_branch_mpc,high_friction,3,8,1,0.01828,0.53981,6.37111,0,1,0,0.01624,0.84094,0.20913,0.27203,1.2500,0.00000,0.00800,vision_branch+tactile_branch+high_force_branch
vt_disagreement_branch_mpc,high_friction,3,9,1,0.01161,0.44562,5.70736,0,1,0,0.01198,0.84379,0.11795,0.20419,1.2500,0.00000,0.00800,vision_branch+tactile_branch+high_force_branch
vt_disagreement_branch_mpc,high_friction,3,10,1,0.01282,0.44503,5.50192,0,1,0,0.01163,0.84401,0.12988,0.19740,1.2500,0.00000,0.00800,vision_branch+tactile_branch+high_force_branch
vt_disagreement_branch_mpc,high_friction,3,11,1,0.02101,0.43317,5.46527,0,1,0,0.01426,0.84234,0.12681,0.18592,1.2500,0.00000,0.00800,vision_branch+tactile_branch+high_force_branch
vt_disagreement_branch_mpc,high_friction,4,0,1,0.01861,0.49937,7.64969,0,1,0,0.03631,0.81840,0.18111,0.21924,1.2500,0.00000,0.00800,vision_branch+tactile_branch+high_force_branch
vt_disagreement_branch_mpc,high_friction,4,1,1,0.01622,0.50574,6.01899,0,1,0,0.00859,0.84569,0.18185,0.26033,1.2500,0.00000,0.00800,vision_branch+tactile_branch+high_force_branch
vt_disagreement_branch_mpc,high_friction,4,2,1,0.01933,0.52869,6.01486,0,1,0,0.00559,0.84785,0.17336,0.25361,1.2500,0.00000,0.00800,vision_branch+tactile_branch+high_force_branch
vt_disagreement_branch_mpc,high_friction,4,3,1,0.01907,0.49863,6.70370,0,1,0,0.02873,0.82896,0.18094,0.22572,1.2500,0.00000,0.00800,vision_branch+tactile_branch+high_force_branch
vt_disagreement_branch_mpc,high_friction,4,4,1,0.02166,0.54752,6.33280,0,1,0,0.01995,0.83799,0.21256,0.27513,1.2500,0.00000,0.00800,vision_branch+tactile_branch+high_force_branch
vt_disagreement_branch_mpc,high_friction,4,5,1,0.01912,0.47562,7.19530,0,1,0,0.01323,0.84302,0.12769,0.21500,1.2500,0.00000,0.00800,vision_branch+tactile_branch+high_force_branch
vt_disagreement_branch_mpc,high_friction,4,6,1,0.01568,0.55851,7.96621,0,1,0,0.01281,0.84328,0.18994,0.27758,1.2500,0.00000,0.00800,vision_branch+tactile_branch+high_force_branch
vt_disagreement_branch_mpc,high_friction,4,7,1,0.01949,0.47413,7.88584,0,1,0,0.00470,0.84851,0.13570,0.21033,1.2500,0.00000,0.00800,vision_branch+tactile_branch+high_force_branch
vt_disagreement_branch_mpc,high_friction,4,8,1,0.02264,0.50645,7.26333,0,1,0,0.01147,0.84410,0.17989,0.24256,1.2500,0.00000,0.00800,vision_branch+tactile_branch+high_force_branch
vt_disagreement_branch_mpc,high_friction,4,9,1,0.01532,0.44448,4.93156,0,1,0,0.00617,0.84739,0.12313,0.19260,1.2500,0.00000,0.00800,vision_branch+tactile_branch+high_force_branch
vt_disagreement_branch_mpc,high_friction,4,10,1,0.01941,0.47513,7.67351,0,1,0,0.00642,0.84718,0.15158,0.22288,1.2500,0.00000,0.00800,vision_branch+tactile_branch+high_force_branch
vt_disagreement_branch_mpc,high_friction,4,11,1,0.01247,0.50090,9.37928,0,1,0,0.01178,0.84391,0.15312,0.23568,1.2500,0.00000,0.00800,vision_branch+tactile_branch+high_force_branch
vt_disagreement_branch_mpc,low_friction,0,0,1,0.01110,0.34251,2.49560,0,1,0,0.00793,0.84601,0.14461,0.22817,0.2200,0.00000,0.00800,vision_branch+tactile_branch+high_force_branch
vt_disagreement_branch_mpc,low_friction,0,1,1,0.00310,0.31087,3.01882,0,1,0,0.01206,0.84374,0.12716,0.19952,0.2200,0.00000,0.00800,vision_branch+tactile_branch+high_force_branch
vt_disagreement_branch_mpc,low_friction,0,2,1,0.00708,0.39792,3.07040,0,1,0,0.01596,0.84115,0.20800,0.28379,0.2200,0.00000,0.00800,vision_branch+tactile_branch+high_force_branch
vt_disagreement_branch_mpc,low_friction,0,3,1,0.01870,0.39452,3.80058,0,1,0,0.01441,0.84223,0.20658,0.27890,0.2200,0.00000,0.00800,vision_branch+tactile_branch+high_force_branch
vt_disagreement_branch_mpc,low_friction,0,4,1,0.00316,0.32681,2.00558,0,1,0,0.01277,0.84331,0.13125,0.21504,0.2200,0.00000,0.00800,vision_branch+tactile_branch+high_force_branch
vt_disagreement_branch_mpc,low_friction,0,5,1,0.01037,0.39315,3.08417,0,1,0,0.00709,0.84660,0.20489,0.28146,0.2200,0.00000,0.00800,vision_branch+tactile_branch+high_force_branch
vt_disagreement_branch_mpc,low_friction,0,6,1,0.03297,0.35486,3.07779,0,1,0,0.02741,0.83052,0.17667,0.23887,0.2200,0.00000,0.00800,vision_branch+tactile_branch+high_force_branch
vt_disagreement_branch_mpc,low_friction,0,7,1,0.00707,0.41002,3.80780,0,1,0,0.00350,0.84930,0.20753,0.29231,0.2200,0.00000,0.00800,vision_branch+tactile_branch+high_force_branch
vt_disagreement_branch_mpc,low_friction,0,8,1,0.01139,0.40632,3.05384,0,1,0,0.00653,0.84709,0.21560,0.29266,0.2200,0.00000,0.00800,vision_branch+tactile_branch+high_force_branch
vt_disagreement_branch_mpc,low_friction,0,9,1,0.00764,0.33846,2.89891,0,1,0,0.02288,0.83531,0.15813,0.22357,0.2200,0.00000,0.00800,vision_branch+tactile_branch+high_force_branch
vt_disagreement_branch_mpc,low_friction,0,10,1,0.01214,0.39474,3.81428,0,1,0,0.01793,0.83966,0.21757,0.28204,0.2200,0.00000,0.00800,vision_branch+tactile_branch+high_force_branch
vt_disagreement_branch_mpc,low_friction,0,11,1,0.00465,0.34568,2.17174,0,1,0,0.00361,0.84923,0.15253,0.23439,0.2200,0.00000,0.00800,vision_branch+tactile_branch+high_force_branch
vt_disagreement_branch_mpc,low_friction,1,0,1,0.00554,0.30442,2.77806,0,1,0,0.00736,0.84635,0.10334,0.19268,0.2200,0.00000,0.00800,vision_branch+tactile_branch+high_force_branch
vt_disagreement_branch_mpc,low_friction,1,1,1,0.03158,0.42140,3.79092,0,1,0,0.02071,0.83733,0.22941,0.30674,0.2200,0.00000,0.00800,vision_branch+tactile_branch+high_force_branch
vt_disagreement_branch_mpc,low_friction,1,2,1,0.00722,0.40299,2.31857,0,1,0,0.01789,0.83969,0.21765,0.28613,0.2200,0.00000,0.00800,vision_branch+tactile_branch+high_force_branch
vt_disagreement_branch_mpc,low_friction,1,3,1,0.00616,0.35077,2.09779,0,1,0,0.00768,0.84614,0.16195,0.24132,0.2200,0.00000,0.00800,vision_branch+tactile_branch+high_force_branch
vt_disagreement_branch_mpc,low_friction,1,4,1,0.01904,0.30679,1.96984,0,1,0,0.01163,0.84400,0.12044,0.19559,0.2200,0.00000,0.00800,vision_branch+tactile_branch+high_force_branch
vt_disagreement_branch_mpc,low_friction,1,5,1,0.01191,0.37142,2.13919,0,1,0,0.00472,0.84850,0.17081,0.25842,0.2200,0.00000,0.00800,vision_branch+tactile_branch+high_force_branch
vt_disagreement_branch_mpc,low_friction,1,6,1,0.00911,0.41495,3.94401,0,1,0,0.01669,0.84061,0.22916,0.29924,0.2200,0.00000,0.00800,vision_branch+tactile_branch+high_force_branch
vt_disagreement_branch_mpc,low_friction,1,7,1,0.01209,0.31548,2.44213,0,1,0,0.01414,0.84242,0.12993,0.20320,0.2200,0.00000,0.00800,vision_branch+tactile_branch+high_force_branch
vt_disagreement_branch_mpc,low_friction,1,8,1,0.00566,0.35316,2.22964,0,1,0,0.01449,0.84219,0.14125,0.23774,0.2200,0.00000,0.00800,vision_branch+tactile_branch+high_force_branch
vt_disagreement_branch_mpc,low_friction,1,9,1,0.00469,0.32122,2.79352,0,1,0,0.01388,0.84259,0.13528,0.20374,0.2200,0.00000,0.00800,vision_branch+tactile_branch+high_force_branch
vt_disagreement_branch_mpc,low_friction,1,10,1,0.00386,0.30653,2.12983,0,1,0,0.02884,0.82882,0.13448,0.19407,0.2200,0.00000,0.00800,vision_branch+tactile_branch+high_force_branch
vt_disagreement_branch_mpc,low_friction,1,11,1,0.01108,0.28836,2.23792,0,1,0,0.03113,0.82591,0.11588,0.17280,0.2200,0.00000,0.00800,vision_branch+tactile_branch+high_force_branch
vt_disagreement_branch_mpc,low_friction,2,0,1,0.00456,0.36144,3.06497,0,1,0,0.01972,0.83819,0.17855,0.24793,0.2200,0.00000,0.00800,vision_branch+tactile_branch+high_force_branch
vt_disagreement_branch_mpc,low_friction,2,1,1,0.00725,0.31947,2.15844,0,1,0,0.00923,0.84535,0.13244,0.20838,0.2200,0.00000,0.00800,vision_branch+tactile_branch+high_force_branch
vt_disagreement_branch_mpc,low_friction,2,2,1,0.00210,0.30873,2.01949,0,1,0,0.00420,0.84885,0.11225,0.19585,0.2200,0.00000,0.00800,vision_branch+tactile_branch+high_force_branch
vt_disagreement_branch_mpc,low_friction,2,3,1,0.00614,0.30980,2.64836,0,1,0,0.00878,0.84559,0.11720,0.19569,0.2200,0.00000,0.00800,vision_branch+tactile_branch+high_force_branch
vt_disagreement_branch_mpc,low_friction,2,4,1,0.00679,0.35944,2.19878,0,1,0,0.00683,0.84683,0.16886,0.24830,0.2200,0.00000,0.00800,vision_branch+tactile_branch+high_force_branch
vt_disagreement_branch_mpc,low_friction,2,5,1,0.01890,0.42843,2.43727,0,1,0,0.00650,0.84711,0.22682,0.31786,0.2200,0.00000,0.00800,vision_branch+tactile_branch+high_force_branch
vt_disagreement_branch_mpc,low_friction,2,6,1,0.01756,0.38078,2.44518,0,1,0,0.01212,0.84371,0.19479,0.26902,0.2200,0.00000,0.00800,vision_branch+tactile_branch+high_force_branch
vt_disagreement_branch_mpc,low_friction,2,7,1,0.00501,0.31608,2.32553,0,1,0,0.01652,0.84074,0.13540,0.20320,0.2200,0.00000,0.00800,vision_branch+tactile_branch+high_force_branch
vt_disagreement_branch_mpc,low_friction,2,8,1,0.01301,0.32192,2.35978,0,1,0,0.00769,0.84613,0.12485,0.20586,0.2200,0.00000,0.00800,vision_branch+tactile_branch+high_force_branch
vt_disagreement_branch_mpc,low_friction,2,9,1,0.00582,0.31549,2.77559,0,1,0,0.00662,0.84701,0.11811,0.20300,0.2200,0.00000,0.00800,vision_branch+tactile_branch+high_force_branch
vt_disagreement_branch_mpc,low_friction,2,10,1,0.01755,0.38392,3.02037,0,1,0,0.00541,0.84799,0.17796,0.26952,0.2200,0.00000,0.00800,vision_branch+tactile_branch+high_force_branch
vt_disagreement_branch_mpc,low_friction,2,11,1,0.00355,0.30496,1.77244,0,1,0,0.02025,0.83773,0.12644,0.19250,0.2200,0.00000,0.00800,vision_branch+tactile_branch+high_force_branch
vt_disagreement_branch_mpc,low_friction,3,0,1,0.01341,0.36814,2.27380,0,1,0,0.01671,0.84060,0.17997,0.25502,0.2200,0.00000,0.00800,vision_branch+tactile_branch+high_force_branch
vt_disagreement_branch_mpc,low_friction,3,1,1,0.01310,0.39956,2.00035,0,1,0,0.01181,0.84390,0.21339,0.28984,0.2200,0.00000,0.00800,vision_branch+tactile_branch+high_force_branch
vt_disagreement_branch_mpc,low_friction,3,2,1,0.01206,0.34206,3.62640,0,1,0,0.01608,0.84106,0.14687,0.22767,0.2200,0.00000,0.00800,vision_branch+tactile_branch+high_force_branch
vt_disagreement_branch_mpc,low_friction,3,3,1,0.01162,0.33713,2.11398,0,1,0,0.01677,0.84055,0.16030,0.22513,0.2200,0.00000,0.00800,vision_branch+tactile_branch+high_force_branch
vt_disagreement_branch_mpc,low_friction,3,4,1,0.00778,0.30568,2.22825,0,1,0,0.02765,0.83024,0.13823,0.19502,0.2200,0.00000,0.00800,vision_branch+tactile_branch+high_force_branch
vt_disagreement_branch_mpc,low_friction,3,5,1,0.02867,0.40521,3.20208,0,1,0,0.01079,0.84449,0.20094,0.28859,0.2200,0.00000,0.00800,vision_branch+tactile_branch+high_force_branch
vt_disagreement_branch_mpc,low_friction,3,6,1,0.00923,0.33568,2.11077,0,1,0,0.00804,0.84596,0.14267,0.22288,0.2200,0.00000,0.00800,vision_branch+tactile_branch+high_force_branch
vt_disagreement_branch_mpc,low_friction,3,7,1,0.00596,0.38519,2.84809,0,1,0,0.01956,0.83832,0.20449,0.27269,0.2200,0.00000,0.00800,vision_branch+tactile_branch+high_force_branch
vt_disagreement_branch_mpc,low_friction,3,8,1,0.01345,0.34982,2.25511,0,1,0,0.01196,0.84381,0.13771,0.23555,0.2200,0.00000,0.00800,vision_branch+tactile_branch+high_force_branch
vt_disagreement_branch_mpc,low_friction,3,9,1,0.00747,0.38523,2.69416,0,1,0,0.01345,0.84287,0.18240,0.27242,0.2200,0.00000,0.00800,vision_branch+tactile_branch+high_force_branch
vt_disagreement_branch_mpc,low_friction,3,10,1,0.01584,0.36627,2.17873,0,1,0,0.00351,0.84929,0.17234,0.25268,0.2200,0.00000,0.00800,vision_branch+tactile_branch+high_force_branch
vt_disagreement_branch_mpc,low_friction,3,11,1,0.01108,0.33469,2.41996,0,1,0,0.00893,0.84551,0.14304,0.22370,0.2200,0.00000,0.00800,vision_branch+tactile_branch+high_force_branch
vt_disagreement_branch_mpc,low_friction,4,0,1,0.01443,0.34618,2.35360,0,1,0,0.00533,0.84805,0.14442,0.23450,0.2200,0.00000,0.00800,vision_branch+tactile_branch+high_force_branch
vt_disagreement_branch_mpc,low_friction,4,1,1,0.01928,0.34319,2.01088,0,1,0,0.00995,0.84496,0.15448,0.23152,0.2200,0.00000,0.00800,vision_branch+tactile_branch+high_force_branch
vt_disagreement_branch_mpc,low_friction,4,2,1,0.00937,0.40090,3.33756,0,1,0,0.01130,0.84420,0.21600,0.29084,0.2200,0.00000,0.00800,vision_branch+tactile_branch+high_force_branch
vt_disagreement_branch_mpc,low_friction,4,3,1,0.00715,0.32946,2.10673,0,1,0,0.00992,0.84498,0.14455,0.21667,0.2200,0.00000,0.00800,vision_branch+tactile_branch+high_force_branch
vt_disagreement_branch_mpc,low_friction,4,4,1,0.00600,0.31596,2.41845,0,1,0,0.01622,0.84096,0.12492,0.20274,0.2200,0.00000,0.00800,vision_branch+tactile_branch+high_force_branch
vt_disagreement_branch_mpc,low_friction,4,5,1,0.01094,0.31381,2.78735,0,1,0,0.00566,0.84780,0.12243,0.20399,0.2200,0.00000,0.00800,vision_branch+tactile_branch+high_force_branch
vt_disagreement_branch_mpc,low_friction,4,6,1,0.00408,0.31051,1.93652,0,1,0,0.01191,0.84384,0.12438,0.19806,0.2200,0.00000,0.00800,vision_branch+tactile_branch+high_force_branch
vt_disagreement_branch_mpc,low_friction,4,7,1,0.01167,0.42907,4.07621,0,1,0,0.00324,0.84945,0.22884,0.31103,0.2200,0.00000,0.00800,vision_branch+tactile_branch+high_force_branch
vt_disagreement_branch_mpc,low_friction,4,8,1,0.00816,0.34163,2.04763,0,1,0,0.00853,0.84571,0.14765,0.22622,0.2200,0.00000,0.00800,vision_branch+tactile_branch+high_force_branch
vt_disagreement_branch_mpc,low_friction,4,9,1,0.02628,0.37021,3.25487,0,1,0,0.01827,0.83939,0.17057,0.25003,0.2200,0.00000,0.00800,vision_branch+tactile_branch+high_force_branch
vt_disagreement_branch_mpc,low_friction,4,10,1,0.01763,0.34226,2.07181,0,1,0,0.01995,0.83799,0.15703,0.23514,0.2200,0.00000,0.00800,vision_branch+tactile_branch+high_force_branch
vt_disagreement_branch_mpc,low_friction,4,11,1,0.02504,0.37910,3.29145,0,1,0,0.01620,0.84097,0.18712,0.26424,0.2200,0.00000,0.00800,vision_branch+tactile_branch+high_force_branch
vt_disagreement_branch_mpc,vision_bias,0,0,1,0.02828,0.48092,6.68644,0,1,1,0.06826,0.72842,0.13397,0.20251,0.6000,0.05200,0.00700,vision_branch+tactile_branch+high_force_branch
vt_disagreement_branch_mpc,vision_bias,0,1,1,0.02978,0.40593,6.81250,0,1,0,0.03548,0.81970,0.21328,0.25673,0.6000,0.05200,0.00700,vision_branch+tactile_branch+high_force_branch
vt_disagreement_branch_mpc,vision_bias,0,2,1,0.06731,0.42471,4.94910,0,1,0,0.01207,0.84374,0.16373,0.27485,0.6000,0.05200,0.00700,vision_branch+tactile_branch+high_force_branch
vt_disagreement_branch_mpc,vision_bias,0,3,0,0.14785,0.37698,2.64757,0,1,0,0.00549,0.84745,0.04612,0.24599,0.6000,0.05200,0.00700,vision_branch+tactile_branch+high_force_branch
vt_disagreement_branch_mpc,vision_bias,0,4,1,0.07152,0.38308,3.23684,0,1,1,0.06583,0.73900,0.04737,0.12679,0.6000,0.05200,0.00700,vision_branch+tactile_branch+high_force_branch
vt_disagreement_branch_mpc,vision_bias,0,5,1,0.04896,0.49190,5.93611,0,1,1,0.06793,0.72991,0.15198,0.22415,0.6000,0.05200,0.00700,vision_branch+tactile_branch+high_force_branch
vt_disagreement_branch_mpc,vision_bias,0,6,1,0.00792,0.31435,5.26357,0,1,0,0.03114,0.82591,0.09974,0.16221,0.6000,0.05200,0.00700,vision_branch+tactile_branch+high_force_branch
vt_disagreement_branch_mpc,vision_bias,0,7,0,0.14216,0.29773,2.35076,0,1,0,0.01901,0.83878,0.02840,0.16291,0.6000,0.05200,0.00700,vision_branch+tactile_branch+high_force_branch
vt_disagreement_branch_mpc,vision_bias,0,8,0,0.07777,0.37660,5.71560,0,1,0,0.02336,0.83484,0.14977,0.21951,0.6000,0.05200,0.00700,vision_branch+tactile_branch+high_force_branch
vt_disagreement_branch_mpc,vision_bias,0,9,0,0.13694,0.32065,2.82435,0,1,0,0.01549,0.84149,0.03206,0.19575,0.6000,0.05200,0.00700,vision_branch+tactile_branch+high_force_branch
vt_disagreement_branch_mpc,vision_bias,0,10,1,0.01040,0.50283,9.40680,0,1,0,0.01130,0.84420,0.20271,0.21347,0.6000,0.05200,0.00700,vision_branch+tactile_branch+high_force_branch
vt_disagreement_branch_mpc,vision_bias,0,11,1,0.03774,0.39504,4.74698,0,1,1,0.06892,0.72538,0.05981,0.13694,0.6000,0.05200,0.00700,vision_branch+tactile_branch+high_force_branch
vt_disagreement_branch_mpc,vision_bias,1,0,1,0.03684,0.47294,6.66383,0,1,0,0.03178,0.82504,0.24912,0.29614,0.6000,0.05200,0.00700,vision_branch+tactile_branch+high_force_branch
vt_disagreement_branch_mpc,vision_bias,1,1,1,0.03339,0.42594,6.43964,0,1,1,0.06805,0.72936,0.07904,0.16385,0.6000,0.05200,0.00700,vision_branch+tactile_branch+high_force_branch
vt_disagreement_branch_mpc,vision_bias,1,2,1,0.02596,0.44426,4.33227,0,1,1,0.06674,0.73513,0.10905,0.18384,0.6000,0.05200,0.00700,vision_branch+tactile_branch+high_force_branch
vt_disagreement_branch_mpc,vision_bias,1,3,0,0.24561,0.37242,2.55648,0,1,1,0.04563,0.80101,0.00000,0.18352,0.6000,0.05200,0.00700,vision_branch+tactile_branch+high_force_branch
vt_disagreement_branch_mpc,vision_bias,1,4,0,0.09334,0.35413,7.27895,0,1,0,0.01460,0.84211,0.11108,0.20183,0.6000,0.05200,0.00700,vision_branch+tactile_branch+high_force_branch
vt_disagreement_branch_mpc,vision_bias,1,5,1,0.04015,0.49026,8.02078,0,1,1,0.07057,0.71753,0.12412,0.20280,0.6000,0.05200,0.00700,vision_branch+tactile_branch+high_force_branch
vt_disagreement_branch_mpc,vision_bias,1,6,1,0.01991,0.55349,7.76726,0,1,1,0.06797,0.72972,0.18987,0.27813,0.6000,0.05200,0.00700,vision_branch+tactile_branch+high_force_branch
vt_disagreement_branch_mpc,vision_bias,1,7,0,0.08186,0.47080,5.69938,0,1,1,0.07213,0.70972,0.11982,0.20813,0.6000,0.05200,0.00700,vision_branch+tactile_branch+high_force_branch
vt_disagreement_branch_mpc,vision_bias,1,8,1,0.02253,0.46310,7.74351,0,1,1,0.07440,0.69759,0.10048,0.17754,0.6000,0.05200,0.00700,vision_branch+tactile_branch+high_force_branch
vt_disagreement_branch_mpc,vision_bias,1,9,1,0.00767,0.46985,7.62034,0,1,0,0.01329,0.84298,0.19494,0.22500,0.6000,0.05200,0.00700,vision_branch+tactile_branch+high_force_branch
vt_disagreement_branch_mpc,vision_bias,1,10,1,0.00693,0.51193,6.71711,0,1,1,0.07162,0.71232,0.16129,0.23816,0.6000,0.05200,0.00700,vision_branch+tactile_branch+high_force_branch
vt_disagreement_branch_mpc,vision_bias,1,11,0,0.14100,0.36363,4.19156,0,1,0,0.01954,0.83834,0.08690,0.22000,0.6000,0.05200,0.00700,vision_branch+tactile_branch+high_force_branch
vt_disagreement_branch_mpc,vision_bias,2,0,1,0.03610,0.37616,6.05205,0,1,0,0.01844,0.83925,0.14573,0.20759,0.6000,0.05200,0.00700,vision_branch+tactile_branch+high_force_branch
vt_disagreement_branch_mpc,vision_bias,2,1,0,0.16355,0.44584,9.64644,0,1,0,0.00571,0.84727,0.09225,0.27899,0.6000,0.05200,0.00700,vision_branch+tactile_branch+high_force_branch
vt_disagreement_branch_mpc,vision_bias,2,2,0,0.10218,0.36123,4.34982,0,1,0,0.00288,0.84929,0.09113,0.20334,0.6000,0.05200,0.00700,vision_branch+tactile_branch+high_force_branch
vt_disagreement_branch_mpc,vision_bias,2,3,0,0.12006,0.36938,4.33077,0,1,0,0.02898,0.82865,0.10885,0.22367,0.6000,0.05200,0.00700,vision_branch+tactile_branch+high_force_branch
vt_disagreement_branch_mpc,vision_bias,2,4,0,0.08561,0.45459,6.66625,0,1,1,0.06522,0.74152,0.09333,0.18717,0.6000,0.05200,0.00700,vision_branch+tactile_branch+high_force_branch
vt_disagreement_branch_mpc,vision_bias,2,5,0,0.09607,0.36616,4.81879,0,1,0,0.00828,0.84584,0.10803,0.20979,0.6000,0.05200,0.00700,vision_branch+tactile_branch+high_force_branch
vt_disagreement_branch_mpc,vision_bias,2,6,1,0.03806,0.48024,4.53373,0,1,1,0.07218,0.70946,0.13077,0.21614,0.6000,0.05200,0.00700,vision_branch+tactile_branch+high_force_branch
vt_disagreement_branch_mpc,vision_bias,2,7,0,0.19412,0.35832,2.43034,0,1,0,0.00679,0.84656,0.01913,0.23528,0.6000,0.05200,0.00700,vision_branch+tactile_branch+high_force_branch
vt_disagreement_branch_mpc,vision_bias,2,8,1,0.06565,0.34147,4.19761,0,1,0,0.02963,0.82784,0.12666,0.18382,0.6000,0.05200,0.00700,vision_branch+tactile_branch+high_force_branch
vt_disagreement_branch_mpc,vision_bias,2,9,1,0.03871,0.36428,5.79356,0,1,0,0.00470,0.84806,0.11991,0.19856,0.6000,0.05200,0.00700,vision_branch+tactile_branch+high_force_branch
vt_disagreement_branch_mpc,vision_bias,2,10,1,0.01170,0.43038,5.19748,0,1,1,0.06862,0.72676,0.08477,0.17140,0.6000,0.05200,0.00700,vision_branch+tactile_branch+high_force_branch
vt_disagreement_branch_mpc,vision_bias,2,11,0,0.17086,0.39322,3.13638,0,1,0,0.01185,0.84387,0.03680,0.26603,0.6000,0.05200,0.00700,vision_branch+tactile_branch+high_force_branch
vt_disagreement_branch_mpc,vision_bias,3,0,1,0.01816,0.35931,4.91622,0,1,0,0.02478,0.83340,0.16146,0.21448,0.6000,0.05200,0.00700,vision_branch+tactile_branch+high_force_branch
vt_disagreement_branch_mpc,vision_bias,3,1,1,0.01039,0.50893,6.53125,0,1,1,0.06475,0.74346,0.12939,0.21361,0.6000,0.05200,0.00700,vision_branch+tactile_branch+high_force_branch
vt_disagreement_branch_mpc,vision_bias,3,2,0,0.08771,0.51843,8.29146,0,1,1,0.07264,0.70708,0.14917,0.24700,0.6000,0.05200,0.00700,vision_branch+tactile_branch+high_force_branch
vt_disagreement_branch_mpc,vision_bias,3,3,0,0.11835,0.52085,7.09875,0,1,1,0.06915,0.72434,0.11419,0.24409,0.6000,0.05200,0.00700,vision_branch+tactile_branch+high_force_branch
vt_disagreement_branch_mpc,vision_bias,3,4,0,0.18702,0.39605,5.58622,0,1,0,0.00432,0.84834,0.06135,0.25473,0.6000,0.05200,0.00700,vision_branch+tactile_branch+high_force_branch
vt_disagreement_branch_mpc,vision_bias,3,5,0,0.10685,0.35312,5.07023,0,1,0,0.03277,0.82369,0.11947,0.21018,0.6000,0.05200,0.00700,vision_branch+tactile_branch+high_force_branch
vt_disagreement_branch_mpc,vision_bias,3,6,0,0.09140,0.32170,5.08288,0,1,0,0.00105,0.85027,0.06968,0.16516,0.6000,0.05200,0.00700,vision_branch+tactile_branch+high_force_branch
vt_disagreement_branch_mpc,vision_bias,3,7,0,0.17216,0.42107,3.77138,0,1,0,0.01152,0.84407,0.07361,0.27895,0.6000,0.05200,0.00700,vision_branch+tactile_branch+high_force_branch
vt_disagreement_branch_mpc,vision_bias,3,8,0,0.15767,0.44865,4.41923,0,1,0,0.00843,0.84576,0.08755,0.30697,0.6000,0.05200,0.00700,vision_branch+tactile_branch+high_force_branch
vt_disagreement_branch_mpc,vision_bias,3,9,1,0.03036,0.34969,3.00380,0,1,0,0.03607,0.81878,0.15828,0.19953,0.6000,0.05200,0.00700,vision_branch+tactile_branch+high_force_branch
vt_disagreement_branch_mpc,vision_bias,3,10,0,0.14718,0.40854,6.11873,0,1,0,0.00585,0.84715,0.09601,0.25486,0.6000,0.05200,0.00700,vision_branch+tactile_branch+high_force_branch
vt_disagreement_branch_mpc,vision_bias,3,11,1,0.01451,0.40973,6.19092,0,1,1,0.06715,0.73334,0.05663,0.14311,0.6000,0.05200,0.00700,vision_branch+tactile_branch+high_force_branch
vt_disagreement_branch_mpc,vision_bias,4,0,0,0.12687,0.39884,5.79436,0,1,0,0.01055,0.84463,0.10179,0.23899,0.6000,0.05200,0.00700,vision_branch+tactile_branch+high_force_branch
vt_disagreement_branch_mpc,vision_bias,4,1,0,0.12241,0.42327,5.16444,0,1,0,0.00452,0.84820,0.09738,0.28273,0.6000,0.05200,0.00700,vision_branch+tactile_branch+high_force_branch
vt_disagreement_branch_mpc,vision_bias,4,2,0,0.17097,0.37539,2.61543,0,1,0,0.01709,0.84031,0.03494,0.24819,0.6000,0.05200,0.00700,vision_branch+tactile_branch+high_force_branch
vt_disagreement_branch_mpc,vision_bias,4,3,1,0.00506,0.45023,4.97914,0,1,1,0.07854,0.67288,0.09167,0.17877,0.6000,0.05200,0.00700,vision_branch+tactile_branch+high_force_branch
vt_disagreement_branch_mpc,vision_bias,4,4,0,0.09512,0.42820,6.73777,0,1,0,0.02969,0.82778,0.18701,0.27268,0.6000,0.05200,0.00700,vision_branch+tactile_branch+high_force_branch
vt_disagreement_branch_mpc,vision_bias,4,5,1,0.01173,0.46721,5.70031,0,1,1,0.07352,0.70241,0.12749,0.19887,0.6000,0.05200,0.00700,vision_branch+tactile_branch+high_force_branch
vt_disagreement_branch_mpc,vision_bias,4,6,1,0.04442,0.34929,5.65745,0,1,0,0.00769,0.84613,0.11397,0.19236,0.6000,0.05200,0.00700,vision_branch+tactile_branch+high_force_branch
vt_disagreement_branch_mpc,vision_bias,4,7,1,0.00833,0.42626,7.66002,0,1,1,0.07658,0.68498,0.08771,0.16693,0.6000,0.05200,0.00700,vision_branch+tactile_branch+high_force_branch
vt_disagreement_branch_mpc,vision_bias,4,8,0,0.16848,0.32026,2.46955,0,1,0,0.01244,0.84352,0.02265,0.19831,0.6000,0.05200,0.00700,vision_branch+tactile_branch+high_force_branch
vt_disagreement_branch_mpc,vision_bias,4,9,1,0.05074,0.42927,6.73978,0,1,0,0.03245,0.82413,0.23539,0.28122,0.6000,0.05200,0.00700,vision_branch+tactile_branch+high_force_branch
vt_disagreement_branch_mpc,vision_bias,4,10,0,0.16263,0.36235,4.63295,0,1,0,0.01515,0.84173,0.02976,0.22647,0.6000,0.05200,0.00700,vision_branch+tactile_branch+high_force_branch
vt_disagreement_branch_mpc,vision_bias,4,11,1,0.01776,0.55951,8.68326,0,1,1,0.07014,0.71965,0.18445,0.25498,0.6000,0.05200,0.00700,vision_branch+tactile_branch+high_force_branch
vt_disagreement_branch_mpc,tactile_noise,0,0,1,0.01068,0.49345,4.79019,0,1,0,0.03398,0.83481,0.21191,0.32673,0.6200,0.00000,0.04000,vision_branch+tactile_branch+high_force_branch
vt_disagreement_branch_mpc,tactile_noise,0,1,1,0.02428,0.41880,6.55455,0,1,0,0.01514,0.85129,0.18026,0.24403,0.6200,0.00000,0.04000,vision_branch+tactile_branch+high_force_branch
vt_disagreement_branch_mpc,tactile_noise,0,2,1,0.03833,0.48012,9.87802,0,1,0,0.03629,0.82986,0.20450,0.28776,0.6200,0.00000,0.04000,vision_branch+tactile_branch+high_force_branch
vt_disagreement_branch_mpc,tactile_noise,0,3,1,0.00901,0.47612,7.60278,0,1,0,0.03445,0.83384,0.17068,0.28683,0.6200,0.00000,0.04000,vision_branch+tactile_branch+high_force_branch
vt_disagreement_branch_mpc,tactile_noise,0,4,0,0.09425,0.51076,5.11841,0,1,1,0.10730,0.58203,0.11656,0.21070,0.6200,0.00000,0.04000,vision_branch+tactile_branch+high_force_branch
vt_disagreement_branch_mpc,tactile_noise,0,5,0,0.09115,0.45417,5.23452,0,1,1,0.07937,0.66743,0.09941,0.18961,0.6200,0.00000,0.04000,vision_branch+tactile_branch+high_force_branch
vt_disagreement_branch_mpc,tactile_noise,0,6,0,0.11195,0.56533,10.34660,0,1,1,0.08219,0.64793,0.12849,0.29867,0.6200,0.00000,0.04000,vision_branch+tactile_branch+high_force_branch
vt_disagreement_branch_mpc,tactile_noise,0,7,0,0.09953,0.41255,5.12340,0,1,1,0.10587,0.58203,0.03113,0.14794,0.6200,0.00000,0.04000,vision_branch+tactile_branch+high_force_branch
vt_disagreement_branch_mpc,tactile_noise,0,8,1,0.00843,0.36781,6.26251,0,1,0,0.03167,0.83912,0.11290,0.20575,0.6200,0.00000,0.04000,vision_branch+tactile_branch+high_force_branch
vt_disagreement_branch_mpc,tactile_noise,0,9,1,0.01169,0.48083,9.38725,0,1,0,0.01244,0.85009,0.21207,0.28187,0.6200,0.00000,0.04000,vision_branch+tactile_branch+high_force_branch
vt_disagreement_branch_mpc,tactile_noise,0,10,0,0.08603,0.57443,6.60403,0,1,1,0.05195,0.78578,0.16492,0.30566,0.6200,0.00000,0.04000,vision_branch+tactile_branch+high_force_branch
vt_disagreement_branch_mpc,tactile_noise,0,11,1,0.01599,0.49648,6.32581,0,1,1,0.06893,0.72533,0.12998,0.19900,0.6200,0.00000,0.04000,vision_branch+tactile_branch+high_force_branch
vt_disagreement_branch_mpc,tactile_noise,1,0,1,0.00801,0.40889,8.01423,0,1,0,0.03517,0.83232,0.17686,0.22152,0.6200,0.00000,0.04000,vision_branch+tactile_branch+high_force_branch
vt_disagreement_branch_mpc,tactile_noise,1,1,1,0.04570,0.44905,7.01900,0,1,1,0.05598,0.77428,0.11510,0.17132,0.6200,0.00000,0.04000,vision_branch+tactile_branch+high_force_branch
vt_disagreement_branch_mpc,tactile_noise,1,2,1,0.00190,0.45300,9.30294,0,1,0,0.01403,0.85091,0.17159,0.27141,0.6200,0.00000,0.04000,vision_branch+tactile_branch+high_force_branch
vt_disagreement_branch_mpc,tactile_noise,1,3,1,0.02634,0.47704,7.23463,0,1,0,0.02709,0.84578,0.21011,0.30417,0.6200,0.00000,0.04000,vision_branch+tactile_branch+high_force_branch
vt_disagreement_branch_mpc,tactile_noise,1,4,1,0.05813,0.60320,6.31043,0,1,1,0.05954,0.76281,0.23336,0.33991,0.6200,0.00000,0.04000,vision_branch+tactile_branch+high_force_branch
vt_disagreement_branch_mpc,tactile_noise,1,5,1,0.02563,0.51303,6.10010,0,1,1,0.09569,0.58203,0.13331,0.20323,0.6200,0.00000,0.04000,vision_branch+tactile_branch+high_force_branch
vt_disagreement_branch_mpc,tactile_noise,1,6,1,0.01119,0.52055,8.17186,0,1,1,0.06714,0.73341,0.12769,0.20933,0.6200,0.00000,0.04000,vision_branch+tactile_branch+high_force_branch
vt_disagreement_branch_mpc,tactile_noise,1,7,1,0.00768,0.38515,4.12708,0,1,1,0.15016,0.58203,0.08944,0.07656,0.6200,0.00000,0.04000,vision_branch+tactile_branch+high_force_branch
vt_disagreement_branch_mpc,tactile_noise,1,8,1,0.03521,0.47390,7.94941,0,1,0,0.03309,0.83653,0.19636,0.29789,0.6200,0.00000,0.04000,vision_branch+tactile_branch+high_force_branch
vt_disagreement_branch_mpc,tactile_noise,1,9,1,0.02104,0.54140,8.19851,0,1,1,0.07107,0.71506,0.16783,0.23786,0.6200,0.00000,0.04000,vision_branch+tactile_branch+high_force_branch
vt_disagreement_branch_mpc,tactile_noise,1,10,1,0.00760,0.40496,8.39528,0,1,0,0.02873,0.84368,0.14443,0.23000,0.6200,0.00000,0.04000,vision_branch+tactile_branch+high_force_branch
vt_disagreement_branch_mpc,tactile_noise,1,11,1,0.06262,0.49471,8.07135,0,1,1,0.05610,0.77391,0.13970,0.19788,0.6200,0.00000,0.04000,vision_branch+tactile_branch+high_force_branch
vt_disagreement_branch_mpc,tactile_noise,2,0,1,0.01196,0.40501,6.71563,0,1,0,0.02178,0.85037,0.13306,0.22755,0.6200,0.00000,0.04000,vision_branch+tactile_branch+high_force_branch
vt_disagreement_branch_mpc,tactile_noise,2,1,1,0.01902,0.57100,6.99322,0,1,1,0.04113,0.81743,0.20707,0.32286,0.6200,0.00000,0.04000,vision_branch+tactile_branch+high_force_branch
vt_disagreement_branch_mpc,tactile_noise,2,2,1,0.02161,0.49703,13.03808,0,1,0,0.03495,0.83280,0.20923,0.26140,0.6200,0.00000,0.04000,vision_branch+tactile_branch+high_force_branch
vt_disagreement_branch_mpc,tactile_noise,2,3,0,0.12242,0.54074,5.38155,0,1,1,0.09940,0.58203,0.07874,0.28935,0.6200,0.00000,0.04000,vision_branch+tactile_branch+high_force_branch
vt_disagreement_branch_mpc,tactile_noise,2,4,1,0.02679,0.43179,8.80716,0,1,0,0.03452,0.83370,0.16649,0.25187,0.6200,0.00000,0.04000,vision_branch+tactile_branch+high_force_branch
vt_disagreement_branch_mpc,tactile_noise,2,5,1,0.01441,0.58946,7.94157,0,1,1,0.05119,0.78778,0.17057,0.30782,0.6200,0.00000,0.04000,vision_branch+tactile_branch+high_force_branch
vt_disagreement_branch_mpc,tactile_noise,2,6,1,0.03583,0.44178,7.06053,0,1,1,0.08164,0.65185,0.06942,0.14977,0.6200,0.00000,0.04000,vision_branch+tactile_branch+high_force_branch
vt_disagreement_branch_mpc,tactile_noise,2,7,0,0.11708,0.47903,5.66354,0,1,1,0.10415,0.58203,0.09265,0.20095,0.6200,0.00000,0.04000,vision_branch+tactile_branch+high_force_branch
vt_disagreement_branch_mpc,tactile_noise,2,8,1,0.01525,0.39394,6.21090,0,1,0,0.02811,0.84451,0.15410,0.21527,0.6200,0.00000,0.04000,vision_branch+tactile_branch+high_force_branch
vt_disagreement_branch_mpc,tactile_noise,2,9,1,0.01302,0.50823,11.21120,0,1,0,0.01335,0.85060,0.21816,0.29487,0.6200,0.00000,0.04000,vision_branch+tactile_branch+high_force_branch
vt_disagreement_branch_mpc,tactile_noise,2,10,1,0.01297,0.41317,7.44458,0,1,0,0.02398,0.84888,0.15387,0.24151,0.6200,0.00000,0.04000,vision_branch+tactile_branch+high_force_branch
vt_disagreement_branch_mpc,tactile_noise,2,11,0,0.10576,0.48401,4.70811,0,1,1,0.08657,0.61336,0.12670,0.21287,0.6200,0.00000,0.04000,vision_branch+tactile_branch+high_force_branch
vt_disagreement_branch_mpc,tactile_noise,3,0,1,0.01949,0.59611,6.35665,0,1,1,0.04621,0.80140,0.20800,0.33408,0.6200,0.00000,0.04000,vision_branch+tactile_branch+high_force_branch
vt_disagreement_branch_mpc,tactile_noise,3,1,1,0.01174,0.59475,5.20455,0,1,1,0.05578,0.77488,0.20232,0.33902,0.6200,0.00000,0.04000,vision_branch+tactile_branch+high_force_branch
vt_disagreement_branch_mpc,tactile_noise,3,2,1,0.07034,0.43184,5.64950,0,1,1,0.08323,0.64020,0.07140,0.14061,0.6200,0.00000,0.04000,vision_branch+tactile_branch+high_force_branch
vt_disagreement_branch_mpc,tactile_noise,3,3,1,0.00874,0.54723,7.53398,0,1,1,0.06165,0.75535,0.13103,0.26013,0.6200,0.00000,0.04000,vision_branch+tactile_branch+high_force_branch
vt_disagreement_branch_mpc,tactile_noise,3,4,0,0.09328,0.58638,6.25720,0,1,1,0.11870,0.58203,0.15717,0.33975,0.6200,0.00000,0.04000,vision_branch+tactile_branch+high_force_branch
vt_disagreement_branch_mpc,tactile_noise,3,5,1,0.00545,0.42805,8.77411,0,1,0,0.03707,0.82804,0.17423,0.21177,0.6200,0.00000,0.04000,vision_branch+tactile_branch+high_force_branch
vt_disagreement_branch_mpc,tactile_noise,3,6,1,0.01052,0.38039,7.57988,0,1,0,0.01926,0.85136,0.14431,0.20609,0.6200,0.00000,0.04000,vision_branch+tactile_branch+high_force_branch
vt_disagreement_branch_mpc,tactile_noise,3,7,1,0.03218,0.41390,7.12714,0,1,1,0.16002,0.58203,0.05145,0.09669,0.6200,0.00000,0.04000,vision_branch+tactile_branch+high_force_branch
vt_disagreement_branch_mpc,tactile_noise,3,8,1,0.00393,0.51176,8.33723,0,1,1,0.05994,0.76142,0.11524,0.19629,0.6200,0.00000,0.04000,vision_branch+tactile_branch+high_force_branch
vt_disagreement_branch_mpc,tactile_noise,3,9,1,0.01610,0.37951,4.93782,0,1,0,0.02036,0.85102,0.16122,0.22339,0.6200,0.00000,0.04000,vision_branch+tactile_branch+high_force_branch
vt_disagreement_branch_mpc,tactile_noise,3,10,0,0.13518,0.42806,4.41312,0,1,1,0.11962,0.58203,0.01608,0.17353,0.6200,0.00000,0.04000,vision_branch+tactile_branch+high_force_branch
vt_disagreement_branch_mpc,tactile_noise,3,11,1,0.00352,0.50268,6.64329,0,1,1,0.07954,0.66637,0.11899,0.18631,0.6200,0.00000,0.04000,vision_branch+tactile_branch+high_force_branch
vt_disagreement_branch_mpc,tactile_noise,4,0,1,0.04872,0.58867,10.32668,0,1,1,0.11427,0.58203,0.15484,0.33993,0.6200,0.00000,0.04000,vision_branch+tactile_branch+high_force_branch
vt_disagreement_branch_mpc,tactile_noise,4,1,1,0.02980,0.43806,6.15220,0,1,0,0.03824,0.82518,0.17375,0.25725,0.6200,0.00000,0.04000,vision_branch+tactile_branch+high_force_branch
vt_disagreement_branch_mpc,tactile_noise,4,2,1,0.00231,0.46681,6.94030,0,1,1,0.06775,0.73070,0.08570,0.17360,0.6200,0.00000,0.04000,vision_branch+tactile_branch+high_force_branch
vt_disagreement_branch_mpc,tactile_noise,4,3,0,0.15980,0.45326,4.27113,0,1,1,0.10795,0.58203,0.03077,0.20784,0.6200,0.00000,0.04000,vision_branch+tactile_branch+high_force_branch
vt_disagreement_branch_mpc,tactile_noise,4,4,1,0.05234,0.41354,5.51711,0,1,1,0.09033,0.58203,0.09524,0.12674,0.6200,0.00000,0.04000,vision_branch+tactile_branch+high_force_branch
vt_disagreement_branch_mpc,tactile_noise,4,5,1,0.02156,0.58983,6.88965,0,1,1,0.04926,0.79265,0.21779,0.31873,0.6200,0.00000,0.04000,vision_branch+tactile_branch+high_force_branch
vt_disagreement_branch_mpc,tactile_noise,4,6,1,0.00462,0.48541,6.80220,0,1,1,0.02483,0.83920,0.06623,0.18799,0.6200,0.00000,0.04000,vision_branch+tactile_branch+high_force_branch
vt_disagreement_branch_mpc,tactile_noise,4,7,0,0.09420,0.48844,5.94439,0,1,1,0.06909,0.72462,0.11730,0.21684,0.6200,0.00000,0.04000,vision_branch+tactile_branch+high_force_branch
vt_disagreement_branch_mpc,tactile_noise,4,8,1,0.06487,0.47562,6.09200,0,1,1,0.11967,0.58203,0.14620,0.16391,0.6200,0.00000,0.04000,vision_branch+tactile_branch+high_force_branch
vt_disagreement_branch_mpc,tactile_noise,4,9,1,0.00779,0.42394,5.68790,0,1,0,0.02390,0.84895,0.16362,0.25250,0.6200,0.00000,0.04000,vision_branch+tactile_branch+high_force_branch
vt_disagreement_branch_mpc,tactile_noise,4,10,1,0.01405,0.46400,7.66981,0,1,0,0.03794,0.82593,0.18535,0.30531,0.6200,0.00000,0.04000,vision_branch+tactile_branch+high_force_branch
vt_disagreement_branch_mpc,tactile_noise,4,11,1,0.02199,0.37894,8.29532,0,1,0,0.01149,0.84946,0.12347,0.20111,0.6200,0.00000,0.04000,vision_branch+tactile_branch+high_force_branch
vt_disagreement_branch_mpc,sticky_contact,0,0,1,0.03777,0.71702,9.70816,0,1,1,0.06233,0.75285,0.07087,0.13398,1.5500,0.01000,0.01000,vision_branch+tactile_branch+high_force_branch
vt_disagreement_branch_mpc,sticky_contact,0,1,1,0.03241,0.70389,10.87074,0,1,0,0.00435,0.84953,0.14683,0.21351,1.5500,0.01000,0.01000,vision_branch+tactile_branch+high_force_branch
vt_disagreement_branch_mpc,sticky_contact,0,2,1,0.03029,0.65165,9.68205,0,1,0,0.01000,0.84494,0.12409,0.18213,1.5500,0.01000,0.01000,vision_branch+tactile_branch+high_force_branch
vt_disagreement_branch_mpc,sticky_contact,0,3,1,0.03787,0.77657,12.44238,0,1,0,0.01286,0.84325,0.17876,0.25256,1.5500,0.01000,0.01000,vision_branch+tactile_branch+high_force_branch
vt_disagreement_branch_mpc,sticky_contact,0,4,1,0.03011,0.63316,9.18202,0,1,0,0.01752,0.83998,0.14121,0.19534,1.5500,0.01000,0.01000,vision_branch+tactile_branch+high_force_branch
vt_disagreement_branch_mpc,sticky_contact,0,5,1,0.05007,0.63677,10.35083,0,1,0,0.03290,0.82350,0.14448,0.18427,1.5500,0.01000,0.01000,vision_branch+tactile_branch+high_force_branch
vt_disagreement_branch_mpc,sticky_contact,0,6,1,0.04494,0.70887,10.47619,0,1,0,0.03007,0.82730,0.18693,0.22534,1.5500,0.01000,0.01000,vision_branch+tactile_branch+high_force_branch
vt_disagreement_branch_mpc,sticky_contact,0,7,1,0.03680,0.72378,10.37038,0,1,0,0.01529,0.84163,0.20108,0.25462,1.5500,0.01000,0.01000,vision_branch+tactile_branch+high_force_branch
vt_disagreement_branch_mpc,sticky_contact,0,8,1,0.03735,0.69478,9.92139,0,1,0,0.01066,0.84457,0.13741,0.20786,1.5500,0.01000,0.01000,vision_branch+tactile_branch+high_force_branch
vt_disagreement_branch_mpc,sticky_contact,0,9,1,0.03257,0.65049,10.23095,0,1,0,0.00924,0.84571,0.12569,0.19557,1.5500,0.01000,0.01000,vision_branch+tactile_branch+high_force_branch
vt_disagreement_branch_mpc,sticky_contact,0,10,1,0.03270,0.67148,9.71093,0,1,0,0.00990,0.84504,0.13464,0.20191,1.5500,0.01000,0.01000,vision_branch+tactile_branch+high_force_branch
vt_disagreement_branch_mpc,sticky_contact,0,11,1,0.03733,0.74804,11.08729,0,1,0,0.01374,0.84268,0.16855,0.24221,1.5500,0.01000,0.01000,vision_branch+tactile_branch+high_force_branch
vt_disagreement_branch_mpc,sticky_contact,1,0,1,0.03027,0.63227,9.68209,0,1,0,0.02170,0.83642,0.09757,0.18815,1.5500,0.01000,0.01000,vision_branch+tactile_branch+high_force_branch
vt_disagreement_branch_mpc,sticky_contact,1,1,1,0.03593,0.66403,10.28069,0,1,0,0.01039,0.84472,0.13757,0.21438,1.5500,0.01000,0.01000,vision_branch+tactile_branch+high_force_branch
vt_disagreement_branch_mpc,sticky_contact,1,2,1,0.03637,0.74298,11.97031,0,1,0,0.01308,0.84311,0.16418,0.24380,1.5500,0.01000,0.01000,vision_branch+tactile_branch+high_force_branch
vt_disagreement_branch_mpc,sticky_contact,1,3,1,0.03515,0.65470,10.88252,0,1,0,0.01627,0.84092,0.12483,0.20749,1.5500,0.01000,0.01000,vision_branch+tactile_branch+high_force_branch
vt_disagreement_branch_mpc,sticky_contact,1,4,1,0.02608,0.65375,8.83918,0,1,0,0.02200,0.83615,0.15249,0.23224,1.5500,0.01000,0.01000,vision_branch+tactile_branch+high_force_branch
vt_disagreement_branch_mpc,sticky_contact,1,5,1,0.03123,0.77648,9.83595,0,1,1,0.06329,0.74921,0.11622,0.17880,1.5500,0.01000,0.01000,vision_branch+tactile_branch+high_force_branch
vt_disagreement_branch_mpc,sticky_contact,1,6,1,0.03508,0.69145,10.50852,0,1,0,0.02615,0.83193,0.16230,0.21180,1.5500,0.01000,0.01000,vision_branch+tactile_branch+high_force_branch
vt_disagreement_branch_mpc,sticky_contact,1,7,1,0.03529,0.64104,11.75396,0,1,0,0.01636,0.84086,0.15906,0.22276,1.5500,0.01000,0.01000,vision_branch+tactile_branch+high_force_branch
vt_disagreement_branch_mpc,sticky_contact,1,8,1,0.03003,0.56649,9.58667,0,1,0,0.01673,0.84058,0.11380,0.18711,1.5500,0.01000,0.01000,vision_branch+tactile_branch+high_force_branch
vt_disagreement_branch_mpc,sticky_contact,1,9,1,0.02733,0.66530,9.23929,0,1,0,0.01377,0.84266,0.10712,0.16103,1.5500,0.01000,0.01000,vision_branch+tactile_branch+high_force_branch
vt_disagreement_branch_mpc,sticky_contact,1,10,1,0.02755,0.60623,8.89640,0,1,0,0.00959,0.84536,0.10333,0.16166,1.5500,0.01000,0.01000,vision_branch+tactile_branch+high_force_branch
vt_disagreement_branch_mpc,sticky_contact,1,11,1,0.05358,0.73977,10.09817,0,1,0,0.01142,0.84413,0.18656,0.26744,1.5500,0.01000,0.01000,vision_branch+tactile_branch+high_force_branch
vt_disagreement_branch_mpc,sticky_contact,2,0,1,0.03980,0.67686,10.38500,0,1,0,0.01276,0.84331,0.11562,0.19628,1.5500,0.01000,0.01000,vision_branch+tactile_branch+high_force_branch
vt_disagreement_branch_mpc,sticky_contact,2,1,1,0.05486,0.69428,9.35406,0,1,0,0.00754,0.84726,0.18659,0.26239,1.5500,0.01000,0.01000,vision_branch+tactile_branch+high_force_branch
vt_disagreement_branch_mpc,sticky_contact,2,2,1,0.04474,0.65207,9.65145,0,1,0,0.03294,0.82345,0.12222,0.16070,1.5500,0.01000,0.01000,vision_branch+tactile_branch+high_force_branch
vt_disagreement_branch_mpc,sticky_contact,2,3,1,0.03233,0.64785,9.13327,0,1,0,0.01525,0.84166,0.11684,0.17266,1.5500,0.01000,0.01000,vision_branch+tactile_branch+high_force_branch
vt_disagreement_branch_mpc,sticky_contact,2,4,1,0.03173,0.63949,10.38393,0,1,0,0.01201,0.84378,0.14681,0.20388,1.5500,0.01000,0.01000,vision_branch+tactile_branch+high_force_branch
vt_disagreement_branch_mpc,sticky_contact,2,5,1,0.03499,0.72485,11.21779,0,1,0,0.01322,0.84303,0.15023,0.20551,1.5500,0.01000,0.01000,vision_branch+tactile_branch+high_force_branch
vt_disagreement_branch_mpc,sticky_contact,2,6,1,0.03368,0.62837,9.63639,0,1,0,0.00689,0.84779,0.12283,0.18497,1.5500,0.01000,0.01000,vision_branch+tactile_branch+high_force_branch
vt_disagreement_branch_mpc,sticky_contact,2,7,1,0.03468,0.62828,10.40475,0,1,0,0.02487,0.83331,0.15724,0.21692,1.5500,0.01000,0.01000,vision_branch+tactile_branch+high_force_branch
vt_disagreement_branch_mpc,sticky_contact,2,8,1,0.03773,0.67613,10.65775,0,1,0,0.00870,0.84623,0.17813,0.23786,1.5500,0.01000,0.01000,vision_branch+tactile_branch+high_force_branch
vt_disagreement_branch_mpc,sticky_contact,2,9,1,0.02550,0.59324,8.90579,0,1,0,0.03760,0.81630,0.12387,0.15431,1.5500,0.01000,0.01000,vision_branch+tactile_branch+high_force_branch
vt_disagreement_branch_mpc,sticky_contact,2,10,1,0.03273,0.64655,9.67186,0,1,0,0.00259,0.85043,0.14786,0.22147,1.5500,0.01000,0.01000,vision_branch+tactile_branch+high_force_branch
vt_disagreement_branch_mpc,sticky_contact,2,11,1,0.03603,0.70724,11.27041,0,1,0,0.01227,0.84362,0.16887,0.24233,1.5500,0.01000,0.01000,vision_branch+tactile_branch+high_force_branch
vt_disagreement_branch_mpc,sticky_contact,3,0,1,0.04218,0.60136,9.61381,0,1,0,0.02021,0.83776,0.09925,0.18181,1.5500,0.01000,0.01000,vision_branch+tactile_branch+high_force_branch
vt_disagreement_branch_mpc,sticky_contact,3,1,1,0.03309,0.67316,10.50721,0,1,0,0.01350,0.84284,0.13034,0.19139,1.5500,0.01000,0.01000,vision_branch+tactile_branch+high_force_branch
vt_disagreement_branch_mpc,sticky_contact,3,2,1,0.03933,0.71315,11.42028,0,1,0,0.01096,0.84440,0.17489,0.24055,1.5500,0.01000,0.01000,vision_branch+tactile_branch+high_force_branch
vt_disagreement_branch_mpc,sticky_contact,3,3,1,0.04035,0.77294,10.55336,0,1,0,0.00666,0.84797,0.17167,0.24277,1.5500,0.01000,0.01000,vision_branch+tactile_branch+high_force_branch
vt_disagreement_branch_mpc,sticky_contact,3,4,1,0.02722,0.67278,8.56797,0,1,0,0.00927,0.84568,0.17310,0.25083,1.5500,0.01000,0.01000,vision_branch+tactile_branch+high_force_branch
vt_disagreement_branch_mpc,sticky_contact,3,5,1,0.04361,0.67793,9.59171,0,1,0,0.00569,0.84868,0.15481,0.22774,1.5500,0.01000,0.01000,vision_branch+tactile_branch+high_force_branch
vt_disagreement_branch_mpc,sticky_contact,3,6,1,0.03357,0.76957,11.69035,0,1,0,0.00059,0.85114,0.18852,0.25493,1.5500,0.01000,0.01000,vision_branch+tactile_branch+high_force_branch
vt_disagreement_branch_mpc,sticky_contact,3,7,1,0.03856,0.64189,9.25319,0,1,0,0.01312,0.84309,0.15346,0.22018,1.5500,0.01000,0.01000,vision_branch+tactile_branch+high_force_branch
vt_disagreement_branch_mpc,sticky_contact,3,8,1,0.05203,0.60493,9.51958,0,1,0,0.02346,0.83475,0.10935,0.18902,1.5500,0.01000,0.01000,vision_branch+tactile_branch+high_force_branch
vt_disagreement_branch_mpc,sticky_contact,3,9,1,0.03172,0.65868,10.62263,0,1,0,0.01055,0.84463,0.14813,0.20602,1.5500,0.01000,0.01000,vision_branch+tactile_branch+high_force_branch
vt_disagreement_branch_mpc,sticky_contact,3,10,1,0.03348,0.70280,10.49742,0,1,0,0.01501,0.84183,0.20690,0.25951,1.5500,0.01000,0.01000,vision_branch+tactile_branch+high_force_branch
vt_disagreement_branch_mpc,sticky_contact,3,11,1,0.04168,0.74795,11.76905,0,1,0,0.00321,0.85015,0.19684,0.26822,1.5500,0.01000,0.01000,vision_branch+tactile_branch+high_force_branch
vt_disagreement_branch_mpc,sticky_contact,4,0,1,0.02822,0.62254,10.34489,0,1,0,0.01316,0.84306,0.12579,0.21112,1.5500,0.01000,0.01000,vision_branch+tactile_branch+high_force_branch
vt_disagreement_branch_mpc,sticky_contact,4,1,1,0.04451,0.74742,12.02977,0,1,0,0.00472,0.84931,0.17683,0.24069,1.5500,0.01000,0.01000,vision_branch+tactile_branch+high_force_branch
vt_disagreement_branch_mpc,sticky_contact,4,2,1,0.03317,0.70359,10.74868,0,1,0,0.01016,0.84485,0.14162,0.21861,1.5500,0.01000,0.01000,vision_branch+tactile_branch+high_force_branch
vt_disagreement_branch_mpc,sticky_contact,4,3,1,0.03228,0.61122,9.88730,0,1,0,0.01492,0.84189,0.11946,0.19390,1.5500,0.01000,0.01000,vision_branch+tactile_branch+high_force_branch
vt_disagreement_branch_mpc,sticky_contact,4,4,1,0.03510,0.72403,10.82854,0,1,0,0.01380,0.84265,0.19433,0.24916,1.5500,0.01000,0.01000,vision_branch+tactile_branch+high_force_branch
vt_disagreement_branch_mpc,sticky_contact,4,5,1,0.03726,0.69358,10.42681,0,1,0,0.01718,0.84024,0.10270,0.18653,1.5500,0.01000,0.01000,vision_branch+tactile_branch+high_force_branch
vt_disagreement_branch_mpc,sticky_contact,4,6,1,0.05182,0.76157,9.92824,0,1,0,0.02347,0.83473,0.19629,0.25413,1.5500,0.01000,0.01000,vision_branch+tactile_branch+high_force_branch
vt_disagreement_branch_mpc,sticky_contact,4,7,1,0.03617,0.64482,9.78353,0,1,0,0.01652,0.84074,0.13034,0.21477,1.5500,0.01000,0.01000,vision_branch+tactile_branch+high_force_branch
vt_disagreement_branch_mpc,sticky_contact,4,8,1,0.04021,0.62025,9.75991,0,1,0,0.01891,0.83886,0.10474,0.18841,1.5500,0.01000,0.01000,vision_branch+tactile_branch+high_force_branch
vt_disagreement_branch_mpc,sticky_contact,4,9,1,0.03159,0.74439,10.90079,0,1,0,0.01303,0.84314,0.17556,0.23748,1.5500,0.01000,0.01000,vision_branch+tactile_branch+high_force_branch
vt_disagreement_branch_mpc,sticky_contact,4,10,1,0.04613,0.71228,11.03247,0,1,0,0.02091,0.83715,0.15612,0.20208,1.5500,0.01000,0.01000,vision_branch+tactile_branch+high_force_branch
vt_disagreement_branch_mpc,sticky_contact,4,11,1,0.03543,0.62038,9.91752,0,1,0,0.02462,0.83357,0.14313,0.18975,1.5500,0.01000,0.01000,vision_branch+tactile_branch+high_force_branch
vt_disagreement_branch_mpc,combined_shift,0,0,1,0.04279,0.66143,9.32729,0,1,1,0.06878,0.72605,0.17340,0.25154,1.3500,0.04500,0.03000,vision_branch+tactile_branch+high_force_branch
vt_disagreement_branch_mpc,combined_shift,0,1,1,0.04328,0.70183,8.50439,0,1,1,0.06704,0.73384,0.16300,0.22657,1.3500,0.04500,0.03000,vision_branch+tactile_branch+high_force_branch
vt_disagreement_branch_mpc,combined_shift,0,2,1,0.05584,0.65456,11.53948,0,1,1,0.06024,0.76038,0.05370,0.10396,1.3500,0.04500,0.03000,vision_branch+tactile_branch+high_force_branch
vt_disagreement_branch_mpc,combined_shift,0,3,0,0.17375,0.49682,10.96334,0,1,1,0.10174,0.58203,0.00000,0.14863,1.3500,0.04500,0.03000,vision_branch+tactile_branch+high_force_branch
vt_disagreement_branch_mpc,combined_shift,0,4,1,0.02399,0.55553,7.58449,0,1,1,0.07788,0.67702,0.11543,0.16578,1.3500,0.04500,0.03000,vision_branch+tactile_branch+high_force_branch
vt_disagreement_branch_mpc,combined_shift,0,5,0,0.25221,0.55069,15.47276,0,1,0,0.02002,0.84693,0.05215,0.22604,1.3500,0.04500,0.03000,vision_branch+tactile_branch+high_force_branch
vt_disagreement_branch_mpc,combined_shift,0,6,0,0.16855,0.54810,7.80759,0,1,1,0.03627,0.81847,0.04620,0.23679,1.3500,0.04500,0.03000,vision_branch+tactile_branch+high_force_branch
vt_disagreement_branch_mpc,combined_shift,0,7,1,0.01362,0.65032,11.26320,0,1,1,0.09220,0.58203,0.14663,0.23816,1.3500,0.04500,0.03000,vision_branch+tactile_branch+high_force_branch
vt_disagreement_branch_mpc,combined_shift,0,8,0,0.08356,0.48454,5.07843,0,1,1,0.03782,0.81594,0.03398,0.12836,1.3500,0.04500,0.03000,vision_branch+tactile_branch+high_force_branch
vt_disagreement_branch_mpc,combined_shift,0,9,0,0.19535,0.26933,2.82969,0,1,0,0.03220,0.82714,0.02635,0.12878,1.3500,0.04500,0.03000,vision_branch+tactile_branch+high_force_branch
vt_disagreement_branch_mpc,combined_shift,0,10,0,0.09757,0.50436,5.50377,0,1,0,0.02057,0.84637,0.15140,0.25475,1.3500,0.04500,0.03000,vision_branch+tactile_branch+high_force_branch
vt_disagreement_branch_mpc,combined_shift,0,11,0,0.30872,0.52399,53.81407,0,1,0,0.03653,0.81805,0.05731,0.13233,1.3500,0.04500,0.03000,vision_branch+tactile_branch+high_force_branch
vt_disagreement_branch_mpc,combined_shift,1,0,0,0.19320,0.46851,5.48684,0,1,1,0.09888,0.58203,0.01829,0.16812,1.3500,0.04500,0.03000,vision_branch+tactile_branch+high_force_branch
vt_disagreement_branch_mpc,combined_shift,1,1,0,0.10159,0.63253,9.24703,0,1,1,0.04455,0.80331,0.14427,0.23399,1.3500,0.04500,0.03000,vision_branch+tactile_branch+high_force_branch
vt_disagreement_branch_mpc,combined_shift,1,2,0,0.10991,0.56364,6.18178,0,1,1,0.05065,0.78918,0.07451,0.23872,1.3500,0.04500,0.03000,vision_branch+tactile_branch+high_force_branch
vt_disagreement_branch_mpc,combined_shift,1,3,0,0.07862,0.47929,9.21396,0,1,0,0.03899,0.81395,0.09132,0.21330,1.3500,0.04500,0.03000,vision_branch+tactile_branch+high_force_branch
vt_disagreement_branch_mpc,combined_shift,1,4,0,0.16255,0.33656,5.71899,0,1,1,0.05750,0.76955,0.00000,0.11317,1.3500,0.04500,0.03000,vision_branch+tactile_branch+high_force_branch
vt_disagreement_branch_mpc,combined_shift,1,5,1,0.02160,0.52490,8.71063,0,1,0,0.03654,0.81803,0.18500,0.22218,1.3500,0.04500,0.03000,vision_branch+tactile_branch+high_force_branch
vt_disagreement_branch_mpc,combined_shift,1,6,0,0.09465,0.39218,5.69995,0,1,0,0.03633,0.81838,0.05851,0.16318,1.3500,0.04500,0.03000,vision_branch+tactile_branch+high_force_branch
vt_disagreement_branch_mpc,combined_shift,1,7,0,0.16967,0.39507,6.31977,0,1,0,0.00859,0.85135,0.04274,0.20145,1.3500,0.04500,0.03000,vision_branch+tactile_branch+high_force_branch
vt_disagreement_branch_mpc,combined_shift,1,8,0,0.14858,0.48593,5.04774,0,1,0,0.02584,0.83939,0.08334,0.25179,1.3500,0.04500,0.03000,vision_branch+tactile_branch+high_force_branch
vt_disagreement_branch_mpc,combined_shift,1,9,1,0.02794,0.53176,7.02980,0,1,0,0.02207,0.84468,0.18466,0.27368,1.3500,0.04500,0.03000,vision_branch+tactile_branch+high_force_branch
vt_disagreement_branch_mpc,combined_shift,1,10,0,0.19094,0.48596,6.07688,0,1,0,0.00733,0.85098,0.05970,0.29835,1.3500,0.04500,0.03000,vision_branch+tactile_branch+high_force_branch
vt_disagreement_branch_mpc,combined_shift,1,11,0,0.10497,0.55928,8.30005,0,1,0,0.02958,0.83271,0.15666,0.29842,1.3500,0.04500,0.03000,vision_branch+tactile_branch+high_force_branch
vt_disagreement_branch_mpc,combined_shift,2,0,1,0.06265,0.56988,7.46620,0,1,0,0.01693,0.84949,0.19188,0.26836,1.3500,0.04500,0.03000,vision_branch+tactile_branch+high_force_branch
vt_disagreement_branch_mpc,combined_shift,2,1,1,0.03710,0.51451,7.10321,0,1,0,0.01133,0.85156,0.17956,0.25354,1.3500,0.04500,0.03000,vision_branch+tactile_branch+high_force_branch
vt_disagreement_branch_mpc,combined_shift,2,2,0,0.13962,0.60068,7.45585,0,1,1,0.07154,0.71274,0.08690,0.21551,1.3500,0.04500,0.03000,vision_branch+tactile_branch+high_force_branch
vt_disagreement_branch_mpc,combined_shift,2,3,1,0.05796,0.56926,8.71223,0,1,1,0.10830,0.58203,0.12371,0.15871,1.3500,0.04500,0.03000,vision_branch+tactile_branch+high_force_branch
vt_disagreement_branch_mpc,combined_shift,2,4,1,0.03146,0.68840,12.84689,0,1,0,0.02654,0.83826,0.23123,0.23732,1.3500,0.04500,0.03000,vision_branch+tactile_branch+high_force_branch
vt_disagreement_branch_mpc,combined_shift,2,5,0,0.09369,0.59194,8.63179,0,1,1,0.05835,0.76678,0.12119,0.27230,1.3500,0.04500,0.03000,vision_branch+tactile_branch+high_force_branch
vt_disagreement_branch_mpc,combined_shift,2,6,0,0.10542,0.57466,6.57512,0,1,1,0.06906,0.72475,0.04840,0.18159,1.3500,0.04500,0.03000,vision_branch+tactile_branch+high_force_branch
vt_disagreement_branch_mpc,combined_shift,2,7,0,0.19423,0.47962,3.30838,0,1,1,0.05270,0.78374,0.00000,0.24023,1.3500,0.04500,0.03000,vision_branch+tactile_branch+high_force_branch
vt_disagreement_branch_mpc,combined_shift,2,8,0,0.09826,0.56785,6.77611,0,1,1,0.04449,0.80343,0.08917,0.19211,1.3500,0.04500,0.03000,vision_branch+tactile_branch+high_force_branch
vt_disagreement_branch_mpc,combined_shift,2,9,0,0.19128,0.39291,7.80224,0,1,1,0.05866,0.76575,0.00000,0.15108,1.3500,0.04500,0.03000,vision_branch+tactile_branch+high_force_branch
vt_disagreement_branch_mpc,combined_shift,2,10,0,0.20162,0.57626,6.80868,0,1,1,0.07794,0.67668,0.02043,0.31961,1.3500,0.04500,0.03000,vision_branch+tactile_branch+high_force_branch
vt_disagreement_branch_mpc,combined_shift,2,11,1,0.01623,0.69440,10.21497,0,1,1,0.04894,0.79343,0.15281,0.24916,1.3500,0.04500,0.03000,vision_branch+tactile_branch+high_force_branch
vt_disagreement_branch_mpc,combined_shift,3,0,0,0.13665,0.58983,5.27572,0,1,1,0.10038,0.58203,0.10602,0.17625,1.3500,0.04500,0.03000,vision_branch+tactile_branch+high_force_branch
vt_disagreement_branch_mpc,combined_shift,3,1,1,0.05247,0.66358,7.40197,0,1,1,0.09712,0.58203,0.15879,0.21561,1.3500,0.04500,0.03000,vision_branch+tactile_branch+high_force_branch
vt_disagreement_branch_mpc,combined_shift,3,2,1,0.02985,0.66449,9.35765,0,1,1,0.02292,0.83527,0.11103,0.16703,1.3500,0.04500,0.03000,vision_branch+tactile_branch+high_force_branch
vt_disagreement_branch_mpc,combined_shift,3,3,0,0.09702,0.54179,6.72355,0,1,1,0.06272,0.75138,0.06087,0.14420,1.3500,0.04500,0.03000,vision_branch+tactile_branch+high_force_branch
vt_disagreement_branch_mpc,combined_shift,3,4,0,0.11211,0.53846,6.47790,0,1,0,0.00997,0.85156,0.15024,0.27198,1.3500,0.04500,0.03000,vision_branch+tactile_branch+high_force_branch
vt_disagreement_branch_mpc,combined_shift,3,5,1,0.02007,0.62509,12.94206,0,1,1,0.04798,0.79571,0.13757,0.26376,1.3500,0.04500,0.03000,vision_branch+tactile_branch+high_force_branch
vt_disagreement_branch_mpc,combined_shift,3,6,1,0.03706,0.59411,9.58254,0,1,0,0.02715,0.83722,0.21535,0.26266,1.3500,0.04500,0.03000,vision_branch+tactile_branch+high_force_branch
vt_disagreement_branch_mpc,combined_shift,3,7,1,0.01847,0.60687,7.04795,0,1,1,0.08343,0.63868,0.11574,0.20670,1.3500,0.04500,0.03000,vision_branch+tactile_branch+high_force_branch
vt_disagreement_branch_mpc,combined_shift,3,8,0,0.11680,0.66906,8.47302,0,1,1,0.05606,0.77403,0.14832,0.31855,1.3500,0.04500,0.03000,vision_branch+tactile_branch+high_force_branch
vt_disagreement_branch_mpc,combined_shift,3,9,0,0.08207,0.64379,8.44034,0,1,1,0.05909,0.76432,0.13405,0.27732,1.3500,0.04500,0.03000,vision_branch+tactile_branch+high_force_branch
vt_disagreement_branch_mpc,combined_shift,3,10,0,0.08449,0.51762,6.46927,0,1,1,0.06674,0.73512,0.07796,0.11928,1.3500,0.04500,0.03000,vision_branch+tactile_branch+high_force_branch
vt_disagreement_branch_mpc,combined_shift,3,11,0,0.28000,0.91066,66.30028,0,1,0,0.01161,0.85154,0.07332,0.20726,1.3500,0.04500,0.03000,vision_branch+tactile_branch+high_force_branch
vt_disagreement_branch_mpc,combined_shift,4,0,0,0.12736,0.36938,4.70313,0,1,0,0.01744,0.84913,0.05922,0.15271,1.3500,0.04500,0.03000,vision_branch+tactile_branch+high_force_branch
vt_disagreement_branch_mpc,combined_shift,4,1,1,0.02165,0.59381,11.13317,0,1,0,0.03429,0.82222,0.14118,0.13275,1.3500,0.04500,0.03000,vision_branch+tactile_branch+high_force_branch
vt_disagreement_branch_mpc,combined_shift,4,2,1,0.03048,0.53783,8.20390,0,1,0,0.01558,0.85029,0.14512,0.22469,1.3500,0.04500,0.03000,vision_branch+tactile_branch+high_force_branch
vt_disagreement_branch_mpc,combined_shift,4,3,1,0.01820,0.60424,7.71873,0,1,1,0.07811,0.67559,0.15322,0.18719,1.3500,0.04500,0.03000,vision_branch+tactile_branch+high_force_branch
vt_disagreement_branch_mpc,combined_shift,4,4,1,0.03104,0.53852,7.78183,0,1,1,0.05929,0.76366,0.10123,0.18851,1.3500,0.04500,0.03000,vision_branch+tactile_branch+high_force_branch
vt_disagreement_branch_mpc,combined_shift,4,5,1,0.01744,0.59348,8.64011,0,1,1,0.08751,0.60519,0.11226,0.15406,1.3500,0.04500,0.03000,vision_branch+tactile_branch+high_force_branch
vt_disagreement_branch_mpc,combined_shift,4,6,0,0.11400,0.61620,11.12866,0,1,1,0.08357,0.63760,0.07088,0.22182,1.3500,0.04500,0.03000,vision_branch+tactile_branch+high_force_branch
vt_disagreement_branch_mpc,combined_shift,4,7,1,0.03710,0.56363,7.88401,0,1,1,0.06623,0.73731,0.09876,0.21071,1.3500,0.04500,0.03000,vision_branch+tactile_branch+high_force_branch
vt_disagreement_branch_mpc,combined_shift,4,8,1,0.03308,0.56291,6.99750,0,1,1,0.09154,0.58203,0.06670,0.13182,1.3500,0.04500,0.03000,vision_branch+tactile_branch+high_force_branch
vt_disagreement_branch_mpc,combined_shift,4,9,1,0.02536,0.67903,8.50767,0,1,1,0.08171,0.65136,0.15592,0.22013,1.3500,0.04500,0.03000,vision_branch+tactile_branch+high_force_branch
vt_disagreement_branch_mpc,combined_shift,4,10,1,0.02259,0.64509,15.36183,0,1,0,0.01846,0.84834,0.14135,0.14680,1.3500,0.04500,0.03000,vision_branch+tactile_branch+high_force_branch
vt_disagreement_branch_mpc,combined_shift,4,11,1,0.01877,0.67453,8.56406,0,1,1,0.06218,0.75342,0.11205,0.21849,1.3500,0.04500,0.03000,vision_branch+tactile_branch+high_force_branch
oracle_mode_mpc,nominal,0,0,1,0.02783,0.39254,5.95650,0,1,0,0.01218,-0.00000,0.20242,0.21062,0.5500,0.00000,0.00600,diagnostic
oracle_mode_mpc,nominal,0,1,1,0.02715,0.41307,6.44325,0,1,0,0.00743,-0.00000,0.20983,0.21829,0.5500,0.00000,0.00600,diagnostic
oracle_mode_mpc,nominal,0,2,1,0.02540,0.43701,6.45536,0,1,0,0.01781,-0.00000,0.23217,0.24154,0.5500,0.00000,0.00600,diagnostic
oracle_mode_mpc,nominal,0,3,1,0.02896,0.37998,5.97658,0,1,0,0.02189,-0.00000,0.20944,0.21671,0.5500,0.00000,0.00600,diagnostic
oracle_mode_mpc,nominal,0,4,1,0.03453,0.43507,6.20955,0,1,0,0.01394,-0.00000,0.22088,0.22577,0.5500,0.00000,0.00600,diagnostic
oracle_mode_mpc,nominal,0,5,1,0.03011,0.39742,5.87160,0,1,0,0.01477,-0.00000,0.21877,0.22614,0.5500,0.00000,0.00600,diagnostic
oracle_mode_mpc,nominal,0,6,1,0.01815,0.32843,4.06791,0,1,0,0.00258,-0.00000,0.14467,0.15189,0.5500,0.00000,0.00600,diagnostic
oracle_mode_mpc,nominal,0,7,1,0.02758,0.42103,7.84416,0,1,0,0.01071,-0.00000,0.21016,0.21845,0.5500,0.00000,0.00600,diagnostic
oracle_mode_mpc,nominal,0,8,1,0.02529,0.36667,3.58840,0,1,0,0.01777,-0.00000,0.18813,0.19589,0.5500,0.00000,0.00600,diagnostic
oracle_mode_mpc,nominal,0,9,1,0.02212,0.34562,6.10401,0,1,0,0.00759,-0.00000,0.16509,0.17229,0.5500,0.00000,0.00600,diagnostic
oracle_mode_mpc,nominal,0,10,1,0.01902,0.34692,4.51238,0,1,0,0.01983,-0.00000,0.17060,0.17901,0.5500,0.00000,0.00600,diagnostic
oracle_mode_mpc,nominal,0,11,1,0.03848,0.44874,5.53688,0,1,0,0.00527,-0.00000,0.26084,0.26904,0.5500,0.00000,0.00600,diagnostic
oracle_mode_mpc,nominal,1,0,1,0.01631,0.34625,7.48297,0,1,0,0.00323,-0.00000,0.14128,0.14914,0.5500,0.00000,0.00600,diagnostic
oracle_mode_mpc,nominal,1,1,1,0.02173,0.35033,4.51069,0,1,0,0.01327,-0.00000,0.17444,0.18292,0.5500,0.00000,0.00600,diagnostic
oracle_mode_mpc,nominal,1,2,1,0.01907,0.32584,2.99857,0,1,0,0.00728,-0.00000,0.15756,0.16525,0.5500,0.00000,0.00600,diagnostic
oracle_mode_mpc,nominal,1,3,1,0.03568,0.44552,7.47530,0,1,0,0.00759,-0.00000,0.25038,0.25867,0.5500,0.00000,0.00600,diagnostic
oracle_mode_mpc,nominal,1,4,1,0.03252,0.42527,5.94855,0,1,0,0.00885,-0.00000,0.23396,0.24187,0.5500,0.00000,0.00600,diagnostic
oracle_mode_mpc,nominal,1,5,1,0.02632,0.37113,7.47899,0,1,0,0.02274,-0.00000,0.16432,0.16678,0.5500,0.00000,0.00600,diagnostic
oracle_mode_mpc,nominal,1,6,1,0.03333,0.43250,6.88449,0,1,0,0.00952,-0.00000,0.23801,0.24578,0.5500,0.00000,0.00600,diagnostic
oracle_mode_mpc,nominal,1,7,1,0.03602,0.44945,6.22711,0,1,0,0.01582,-0.00000,0.26431,0.27468,0.5500,0.00000,0.00600,diagnostic
oracle_mode_mpc,nominal,1,8,1,0.03026,0.40410,3.96498,0,1,0,0.00687,-0.00000,0.22220,0.23001,0.5500,0.00000,0.00600,diagnostic
oracle_mode_mpc,nominal,1,9,1,0.01818,0.37400,6.42048,0,1,0,0.00444,-0.00000,0.16234,0.17110,0.5500,0.00000,0.00600,diagnostic
oracle_mode_mpc,nominal,1,10,1,0.03022,0.41441,4.00317,0,1,0,0.03741,-0.00000,0.22868,0.23777,0.5500,0.00000,0.00600,diagnostic
oracle_mode_mpc,nominal,1,11,1,0.02339,0.36800,5.09569,0,1,0,0.01820,-0.00000,0.18371,0.19152,0.5500,0.00000,0.00600,diagnostic
oracle_mode_mpc,nominal,2,0,1,0.03287,0.40824,4.53278,0,1,0,0.01703,-0.00000,0.23368,0.24175,0.5500,0.00000,0.00600,diagnostic
oracle_mode_mpc,nominal,2,1,1,0.02955,0.40976,5.97617,0,1,0,0.00389,-0.00000,0.22170,0.22982,0.5500,0.00000,0.00600,diagnostic
oracle_mode_mpc,nominal,2,2,1,0.03331,0.40836,4.68464,0,1,0,0.00365,-0.00000,0.24314,0.25111,0.5500,0.00000,0.00600,diagnostic
oracle_mode_mpc,nominal,2,3,1,0.03037,0.40534,6.67547,0,1,0,0.00385,-0.00000,0.20800,0.21512,0.5500,0.00000,0.00600,diagnostic
oracle_mode_mpc,nominal,2,4,1,0.03043,0.39731,3.99674,0,1,0,0.00804,-0.00000,0.21309,0.22047,0.5500,0.00000,0.00600,diagnostic
oracle_mode_mpc,nominal,2,5,1,0.02358,0.35885,3.56647,0,1,0,0.00488,-0.00000,0.17402,0.18128,0.5500,0.00000,0.00600,diagnostic
oracle_mode_mpc,nominal,2,6,1,0.02643,0.36968,5.04522,0,1,0,0.00252,-0.00000,0.19430,0.20112,0.5500,0.00000,0.00600,diagnostic
oracle_mode_mpc,nominal,2,7,1,0.02507,0.38570,6.01843,0,1,0,0.00881,-0.00000,0.18835,0.19620,0.5500,0.00000,0.00600,diagnostic
oracle_mode_mpc,nominal,2,8,1,0.01508,0.36596,6.79521,0,1,0,0.01691,-0.00000,0.15544,0.16417,0.5500,0.00000,0.00600,diagnostic
oracle_mode_mpc,nominal,2,9,1,0.02927,0.39428,6.28635,0,1,0,0.00823,-0.00000,0.21434,0.22190,0.5500,0.00000,0.00600,diagnostic
oracle_mode_mpc,nominal,2,10,1,0.01885,0.34466,3.85948,0,1,0,0.00607,-0.00000,0.15111,0.15927,0.5500,0.00000,0.00600,diagnostic
oracle_mode_mpc,nominal,2,11,1,0.03630,0.43130,7.23339,0,1,0,0.00799,-0.00000,0.24914,0.25756,0.5500,0.00000,0.00600,diagnostic
oracle_mode_mpc,nominal,3,0,1,0.03298,0.41656,3.69081,0,1,0,0.01207,-0.00000,0.24182,0.25019,0.5500,0.00000,0.00600,diagnostic
oracle_mode_mpc,nominal,3,1,1,0.01690,0.34464,7.25891,0,1,0,0.00762,-0.00000,0.15085,0.15919,0.5500,0.00000,0.00600,diagnostic
oracle_mode_mpc,nominal,3,2,1,0.03677,0.42462,4.77903,0,1,0,0.00362,-0.00000,0.25484,0.26215,0.5500,0.00000,0.00600,diagnostic
oracle_mode_mpc,nominal,3,3,1,0.02100,0.36083,5.37667,0,1,0,0.00330,-0.00000,0.16855,0.17567,0.5500,0.00000,0.00600,diagnostic
oracle_mode_mpc,nominal,3,4,1,0.02580,0.35859,7.92947,0,1,0,0.01568,-0.00000,0.15285,0.15424,0.5500,0.00000,0.00600,diagnostic
oracle_mode_mpc,nominal,3,5,1,0.02289,0.37953,7.28591,0,1,0,0.00553,-0.00000,0.16573,0.17321,0.5500,0.00000,0.00600,diagnostic
oracle_mode_mpc,nominal,3,6,1,0.03577,0.43267,4.45767,0,1,0,0.00775,-0.00000,0.24932,0.25715,0.5500,0.00000,0.00600,diagnostic
oracle_mode_mpc,nominal,3,7,1,0.01930,0.32444,3.44242,0,1,0,0.00438,-0.00000,0.14466,0.15057,0.5500,0.00000,0.00600,diagnostic
oracle_mode_mpc,nominal,3,8,1,0.02744,0.37121,6.06821,0,1,0,0.01078,-0.00000,0.18912,0.19481,0.5500,0.00000,0.00600,diagnostic
oracle_mode_mpc,nominal,3,9,1,0.02926,0.41120,7.09280,0,1,0,0.01617,-0.00000,0.21286,0.22099,0.5500,0.00000,0.00600,diagnostic
oracle_mode_mpc,nominal,3,10,1,0.03137,0.42249,9.24273,0,1,0,0.01600,-0.00000,0.22094,0.22844,0.5500,0.00000,0.00600,diagnostic
oracle_mode_mpc,nominal,3,11,1,0.01408,0.31286,4.89460,0,1,0,0.00553,-0.00000,0.12919,0.13731,0.5500,0.00000,0.00600,diagnostic
oracle_mode_mpc,nominal,4,0,1,0.03673,0.44239,5.26069,0,1,0,0.01200,-0.00000,0.25639,0.26529,0.5500,0.00000,0.00600,diagnostic
oracle_mode_mpc,nominal,4,1,1,0.02825,0.39825,8.16834,0,1,0,0.02209,-0.00000,0.20209,0.21011,0.5500,0.00000,0.00600,diagnostic
oracle_mode_mpc,nominal,4,2,1,0.03525,0.43515,5.49113,0,1,0,0.01047,-0.00000,0.25571,0.26351,0.5500,0.00000,0.00600,diagnostic
oracle_mode_mpc,nominal,4,3,1,0.02552,0.38024,5.31232,0,1,0,0.01010,-0.00000,0.19281,0.20092,0.5500,0.00000,0.00600,diagnostic
oracle_mode_mpc,nominal,4,4,1,0.02325,0.36167,6.55959,0,1,0,0.02503,-0.00000,0.18356,0.19194,0.5500,0.00000,0.00600,diagnostic
oracle_mode_mpc,nominal,4,5,1,0.01985,0.35406,5.88259,0,1,0,0.02193,-0.00000,0.15336,0.16047,0.5500,0.00000,0.00600,diagnostic
oracle_mode_mpc,nominal,4,6,1,0.03667,0.43719,5.32658,0,1,0,0.00777,-0.00000,0.24111,0.24787,0.5500,0.00000,0.00600,diagnostic
oracle_mode_mpc,nominal,4,7,1,0.02614,0.36475,5.64064,0,1,0,0.00887,-0.00000,0.17921,0.18559,0.5500,0.00000,0.00600,diagnostic
oracle_mode_mpc,nominal,4,8,1,0.04620,0.42581,10.28488,0,1,0,0.00525,-0.00000,0.23169,0.22372,0.5500,0.00000,0.00600,diagnostic
oracle_mode_mpc,nominal,4,9,1,0.02606,0.37361,7.30843,0,1,0,0.02051,-0.00000,0.16646,0.17088,0.5500,0.00000,0.00600,diagnostic
oracle_mode_mpc,nominal,4,10,1,0.02356,0.36791,5.04821,0,1,0,0.00855,-0.00000,0.18597,0.19411,0.5500,0.00000,0.00600,diagnostic
oracle_mode_mpc,nominal,4,11,1,0.02259,0.37298,4.87954,0,1,0,0.00213,-0.00000,0.17734,0.18546,0.5500,0.00000,0.00600,diagnostic
oracle_mode_mpc,high_friction,0,0,1,0.04118,0.57827,5.09512,0,1,0,0.00850,-0.00000,0.27109,0.28038,1.2500,0.00000,0.00800,diagnostic
oracle_mode_mpc,high_friction,0,1,1,0.02140,0.46645,5.05948,0,1,0,0.02393,-0.00000,0.16465,0.17375,1.2500,0.00000,0.00800,diagnostic
oracle_mode_mpc,high_friction,0,2,1,0.02371,0.47933,4.94979,0,1,0,0.01547,-0.00000,0.17823,0.18711,1.2500,0.00000,0.00800,diagnostic
oracle_mode_mpc,high_friction,0,3,1,0.03687,0.55543,7.54101,0,1,0,0.00592,-0.00000,0.23822,0.24635,1.2500,0.00000,0.00800,diagnostic
oracle_mode_mpc,high_friction,0,4,1,0.04205,0.60607,6.80863,0,1,0,0.01177,-0.00000,0.27296,0.28181,1.2500,0.00000,0.00800,diagnostic
oracle_mode_mpc,high_friction,0,5,1,0.03583,0.54792,12.32759,0,1,0,0.01789,-0.00000,0.22753,0.23374,1.2500,0.00000,0.00800,diagnostic
oracle_mode_mpc,high_friction,0,6,1,0.03461,0.55588,9.27769,0,1,0,0.01456,-0.00000,0.23235,0.24108,1.2500,0.00000,0.00800,diagnostic
oracle_mode_mpc,high_friction,0,7,1,0.04243,0.57789,6.54416,0,1,0,0.02088,-0.00000,0.26626,0.27316,1.2500,0.00000,0.00800,diagnostic
oracle_mode_mpc,high_friction,0,8,1,0.01747,0.45422,8.09852,0,1,0,0.01240,-0.00000,0.13722,0.14450,1.2500,0.00000,0.00800,diagnostic
oracle_mode_mpc,high_friction,0,9,1,0.02690,0.51497,9.83568,0,1,0,0.00260,-0.00000,0.18297,0.19029,1.2500,0.00000,0.00800,diagnostic
oracle_mode_mpc,high_friction,0,10,1,0.02834,0.49846,5.87552,0,1,0,0.02081,-0.00000,0.20180,0.21010,1.2500,0.00000,0.00800,diagnostic
oracle_mode_mpc,high_friction,0,11,1,0.03349,0.55451,6.56838,0,1,0,0.01183,-0.00000,0.22783,0.23658,1.2500,0.00000,0.00800,diagnostic
oracle_mode_mpc,high_friction,1,0,1,0.03312,0.53286,5.74958,0,1,0,0.01398,-0.00000,0.22250,0.23104,1.2500,0.00000,0.00800,diagnostic
oracle_mode_mpc,high_friction,1,1,1,0.04059,0.55669,5.55412,0,1,0,0.02345,-0.00000,0.25786,0.26547,1.2500,0.00000,0.00800,diagnostic
oracle_mode_mpc,high_friction,1,2,1,0.03078,0.53221,6.77900,0,1,0,0.01602,-0.00000,0.21161,0.22085,1.2500,0.00000,0.00800,diagnostic
oracle_mode_mpc,high_friction,1,3,1,0.02515,0.46937,4.89462,0,1,0,0.02087,-0.00000,0.17579,0.18287,1.2500,0.00000,0.00800,diagnostic
oracle_mode_mpc,high_friction,1,4,1,0.03892,0.58243,7.94285,0,1,0,0.00707,-0.00000,0.25635,0.26509,1.2500,0.00000,0.00800,diagnostic
oracle_mode_mpc,high_friction,1,5,1,0.03613,0.56793,5.76056,0,1,0,0.02369,-0.00000,0.23731,0.24615,1.2500,0.00000,0.00800,diagnostic
oracle_mode_mpc,high_friction,1,6,1,0.02112,0.49049,5.11393,0,1,0,0.00566,-0.00000,0.16547,0.17487,1.2500,0.00000,0.00800,diagnostic
oracle_mode_mpc,high_friction,1,7,1,0.03444,0.53348,8.38674,0,1,0,0.02581,-0.00000,0.23066,0.23864,1.2500,0.00000,0.00800,diagnostic
oracle_mode_mpc,high_friction,1,8,1,0.02974,0.51820,6.52033,0,1,0,0.01492,-0.00000,0.20697,0.21519,1.2500,0.00000,0.00800,diagnostic
oracle_mode_mpc,high_friction,1,9,1,0.02746,0.50483,7.12875,0,1,0,0.00541,-0.00000,0.19727,0.20593,1.2500,0.00000,0.00800,diagnostic
oracle_mode_mpc,high_friction,1,10,1,0.02011,0.43056,6.31228,0,1,0,0.00702,-0.00000,0.15332,0.16111,1.2500,0.00000,0.00800,diagnostic
oracle_mode_mpc,high_friction,1,11,1,0.02566,0.48393,5.65642,0,1,0,0.01470,-0.00000,0.17333,0.17985,1.2500,0.00000,0.00800,diagnostic
oracle_mode_mpc,high_friction,2,0,1,0.03667,0.50633,6.37613,0,1,0,0.02692,-0.00000,0.22567,0.23078,1.2500,0.00000,0.00800,diagnostic
oracle_mode_mpc,high_friction,2,1,1,0.04304,0.57865,7.19735,0,1,0,0.01414,-0.00000,0.27461,0.28332,1.2500,0.00000,0.00800,diagnostic
oracle_mode_mpc,high_friction,2,2,1,0.03833,0.57846,10.87676,0,1,0,0.00856,-0.00000,0.25232,0.26061,1.2500,0.00000,0.00800,diagnostic
oracle_mode_mpc,high_friction,2,3,1,0.04112,0.57015,7.04038,0,1,0,0.00348,-0.00000,0.26812,0.27641,1.2500,0.00000,0.00800,diagnostic
oracle_mode_mpc,high_friction,2,4,1,0.03727,0.54702,5.75345,0,1,0,0.00265,-0.00000,0.24279,0.25159,1.2500,0.00000,0.00800,diagnostic
oracle_mode_mpc,high_friction,2,5,1,0.02072,0.47783,6.50116,0,1,0,0.00889,-0.00000,0.16295,0.17294,1.2500,0.00000,0.00800,diagnostic
oracle_mode_mpc,high_friction,2,6,1,0.02582,0.48230,6.77682,0,1,0,0.00258,-0.00000,0.17310,0.17882,1.2500,0.00000,0.00800,diagnostic
oracle_mode_mpc,high_friction,2,7,1,0.02273,0.47102,6.46987,0,1,0,0.02542,-0.00000,0.16902,0.17774,1.2500,0.00000,0.00800,diagnostic
oracle_mode_mpc,high_friction,2,8,1,0.03530,0.53569,8.76631,0,1,0,0.01130,-0.00000,0.23544,0.24350,1.2500,0.00000,0.00800,diagnostic
oracle_mode_mpc,high_friction,2,9,1,0.03852,0.54830,6.45849,0,1,0,0.02331,-0.00000,0.24752,0.25496,1.2500,0.00000,0.00800,diagnostic
oracle_mode_mpc,high_friction,2,10,1,0.02165,0.45370,5.68552,0,1,0,0.00602,-0.00000,0.16304,0.17163,1.2500,0.00000,0.00800,diagnostic
oracle_mode_mpc,high_friction,2,11,1,0.02802,0.48208,6.34191,0,1,0,0.00974,-0.00000,0.18273,0.18815,1.2500,0.00000,0.00800,diagnostic
oracle_mode_mpc,high_friction,3,0,1,0.03846,0.53987,8.54202,0,1,0,0.02499,-0.00000,0.25167,0.26049,1.2500,0.00000,0.00800,diagnostic
oracle_mode_mpc,high_friction,3,1,1,0.03385,0.52538,6.83089,0,1,0,0.02244,-0.00000,0.22706,0.23564,1.2500,0.00000,0.00800,diagnostic
oracle_mode_mpc,high_friction,3,2,1,0.03637,0.57925,9.22944,0,1,0,0.01217,-0.00000,0.24208,0.25041,1.2500,0.00000,0.00800,diagnostic
oracle_mode_mpc,high_friction,3,3,1,0.03831,0.53928,5.97123,0,1,0,0.02558,-0.00000,0.24159,0.24892,1.2500,0.00000,0.00800,diagnostic
oracle_mode_mpc,high_friction,3,4,1,0.00555,0.52602,8.84815,0,1,0,0.03809,-0.00000,0.23460,0.24250,1.2500,0.00000,0.00800,diagnostic
oracle_mode_mpc,high_friction,3,5,1,0.03732,0.56786,8.11604,0,1,0,0.00746,-0.00000,0.24739,0.25609,1.2500,0.00000,0.00800,diagnostic
oracle_mode_mpc,high_friction,3,6,1,0.03788,0.55029,6.39078,0,1,0,0.00661,-0.00000,0.24836,0.25677,1.2500,0.00000,0.00800,diagnostic
oracle_mode_mpc,high_friction,3,7,1,0.02185,0.47918,7.45412,0,1,0,0.02267,-0.00000,0.16599,0.17428,1.2500,0.00000,0.00800,diagnostic
oracle_mode_mpc,high_friction,3,8,1,0.02559,0.49665,6.49959,0,1,0,0.00752,-0.00000,0.18509,0.19412,1.2500,0.00000,0.00800,diagnostic
oracle_mode_mpc,high_friction,3,9,1,0.02452,0.50454,7.66421,0,1,0,0.00229,-0.00000,0.18132,0.18983,1.2500,0.00000,0.00800,diagnostic
oracle_mode_mpc,high_friction,3,10,1,0.04021,0.58824,6.95476,0,1,0,0.01109,-0.00000,0.26816,0.27806,1.2500,0.00000,0.00800,diagnostic
oracle_mode_mpc,high_friction,3,11,1,0.04080,0.54379,6.63886,0,1,0,0.01683,-0.00000,0.25292,0.25877,1.2500,0.00000,0.00800,diagnostic
oracle_mode_mpc,high_friction,4,0,1,0.03714,0.55770,9.26773,0,1,0,0.02959,-0.00000,0.24279,0.25147,1.2500,0.00000,0.00800,diagnostic
oracle_mode_mpc,high_friction,4,1,1,0.01963,0.43858,4.61298,0,1,0,0.01490,-0.00000,0.15816,0.16738,1.2500,0.00000,0.00800,diagnostic
oracle_mode_mpc,high_friction,4,2,1,0.03033,0.50819,7.16628,0,1,0,0.01406,-0.00000,0.20240,0.20925,1.2500,0.00000,0.00800,diagnostic
oracle_mode_mpc,high_friction,4,3,1,0.04370,0.56551,7.00028,0,1,0,0.02207,-0.00000,0.27629,0.28391,1.2500,0.00000,0.00800,diagnostic
oracle_mode_mpc,high_friction,4,4,1,0.02471,0.51647,7.61045,0,1,0,0.00738,-0.00000,0.18372,0.19287,1.2500,0.00000,0.00800,diagnostic
oracle_mode_mpc,high_friction,4,5,1,0.03385,0.53945,6.51225,0,1,0,0.02017,-0.00000,0.23200,0.24146,1.2500,0.00000,0.00800,diagnostic
oracle_mode_mpc,high_friction,4,6,1,0.04257,0.56774,9.39560,0,1,0,0.00432,-0.00000,0.26449,0.27159,1.2500,0.00000,0.00800,diagnostic
oracle_mode_mpc,high_friction,4,7,1,0.02384,0.49224,7.18728,0,1,0,0.01141,-0.00000,0.17677,0.18576,1.2500,0.00000,0.00800,diagnostic
oracle_mode_mpc,high_friction,4,8,1,0.02506,0.49681,7.08784,0,1,0,0.01175,-0.00000,0.17811,0.18599,1.2500,0.00000,0.00800,diagnostic
oracle_mode_mpc,high_friction,4,9,1,0.03333,0.52686,6.73211,0,1,0,0.01374,-0.00000,0.22544,0.23443,1.2500,0.00000,0.00800,diagnostic
oracle_mode_mpc,high_friction,4,10,1,0.03359,0.48156,7.57142,0,1,0,0.01370,-0.00000,0.21637,0.22256,1.2500,0.00000,0.00800,diagnostic
oracle_mode_mpc,high_friction,4,11,1,0.02420,0.50059,7.35554,0,1,0,0.00408,-0.00000,0.17981,0.18884,1.2500,0.00000,0.00800,diagnostic
oracle_mode_mpc,low_friction,0,0,1,0.03049,0.33615,2.34782,0,1,0,0.01240,-0.00000,0.21143,0.21984,0.2200,0.00000,0.00800,diagnostic
oracle_mode_mpc,low_friction,0,1,1,0.01967,0.27864,1.75201,0,1,0,0.02362,-0.00000,0.15243,0.16039,0.2200,0.00000,0.00800,diagnostic
oracle_mode_mpc,low_friction,0,2,1,0.02601,0.31492,2.70593,0,1,0,0.01892,-0.00000,0.18867,0.19670,0.2200,0.00000,0.00800,diagnostic
oracle_mode_mpc,low_friction,0,3,1,0.03394,0.35979,3.76448,0,1,0,0.00224,-0.00000,0.23617,0.24420,0.2200,0.00000,0.00800,diagnostic
oracle_mode_mpc,low_friction,0,4,1,0.03740,0.35427,2.88647,0,1,0,0.02475,-0.00000,0.22895,0.23754,0.2200,0.00000,0.00800,diagnostic
oracle_mode_mpc,low_friction,0,5,1,0.03888,0.38209,3.06677,0,1,0,0.01581,-0.00000,0.25610,0.26546,0.2200,0.00000,0.00800,diagnostic
oracle_mode_mpc,low_friction,0,6,1,0.03035,0.34029,2.82971,0,1,0,0.02341,-0.00000,0.20875,0.21721,0.2200,0.00000,0.00800,diagnostic
oracle_mode_mpc,low_friction,0,7,1,0.03904,0.37132,2.53501,0,1,0,0.01459,-0.00000,0.25156,0.26144,0.2200,0.00000,0.00800,diagnostic
oracle_mode_mpc,low_friction,0,8,1,0.02071,0.27843,2.04715,0,1,0,0.00602,-0.00000,0.15104,0.15857,0.2200,0.00000,0.00800,diagnostic
oracle_mode_mpc,low_friction,0,9,1,0.02628,0.31267,2.04004,0,1,0,0.00896,-0.00000,0.19080,0.19867,0.2200,0.00000,0.00800,diagnostic
oracle_mode_mpc,low_friction,0,10,1,0.03590,0.37580,3.00366,0,1,0,0.00954,-0.00000,0.24585,0.25408,0.2200,0.00000,0.00800,diagnostic
oracle_mode_mpc,low_friction,0,11,1,0.03253,0.35904,3.56704,0,1,0,0.01906,-0.00000,0.23015,0.23856,0.2200,0.00000,0.00800,diagnostic
oracle_mode_mpc,low_friction,1,0,1,0.02412,0.29506,1.92922,0,1,0,0.01728,-0.00000,0.17531,0.18344,0.2200,0.00000,0.00800,diagnostic
oracle_mode_mpc,low_friction,1,1,1,0.03378,0.34060,1.79826,0,1,0,0.02772,-0.00000,0.21916,0.22725,0.2200,0.00000,0.00800,diagnostic
oracle_mode_mpc,low_friction,1,2,1,0.01619,0.26295,2.41603,0,1,0,0.01644,-0.00000,0.13447,0.14260,0.2200,0.00000,0.00800,diagnostic
oracle_mode_mpc,low_friction,1,3,1,0.01948,0.27730,1.74749,0,1,0,0.00574,-0.00000,0.15070,0.15872,0.2200,0.00000,0.00800,diagnostic
oracle_mode_mpc,low_friction,1,4,1,0.02251,0.28783,2.34717,0,1,0,0.02554,-0.00000,0.16367,0.17153,0.2200,0.00000,0.00800,diagnostic
oracle_mode_mpc,low_friction,1,5,1,0.03414,0.34577,2.69784,0,1,0,0.00515,-0.00000,0.22046,0.22805,0.2200,0.00000,0.00800,diagnostic
oracle_mode_mpc,low_friction,1,6,1,0.01884,0.27636,2.32645,0,1,0,0.01620,-0.00000,0.14719,0.15516,0.2200,0.00000,0.00800,diagnostic
oracle_mode_mpc,low_friction,1,7,1,0.03066,0.32901,2.16885,0,1,0,0.01139,-0.00000,0.20654,0.21464,0.2200,0.00000,0.00800,diagnostic
oracle_mode_mpc,low_friction,1,8,1,0.03668,0.36986,2.02471,0,1,0,0.00622,-0.00000,0.24724,0.25574,0.2200,0.00000,0.00800,diagnostic
oracle_mode_mpc,low_friction,1,9,1,0.02265,0.29935,2.59409,0,1,0,0.00847,-0.00000,0.16790,0.17584,0.2200,0.00000,0.00800,diagnostic
oracle_mode_mpc,low_friction,1,10,1,0.02763,0.31906,2.16193,0,1,0,0.01431,-0.00000,0.19569,0.20368,0.2200,0.00000,0.00800,diagnostic
oracle_mode_mpc,low_friction,1,11,1,0.02012,0.27231,2.54416,0,1,0,0.01488,-0.00000,0.14678,0.15453,0.2200,0.00000,0.00800,diagnostic
oracle_mode_mpc,low_friction,2,0,1,0.02481,0.29179,2.59686,0,1,0,0.01123,-0.00000,0.16817,0.17543,0.2200,0.00000,0.00800,diagnostic
oracle_mode_mpc,low_friction,2,1,1,0.02555,0.30914,2.23854,0,1,0,0.00699,-0.00000,0.18029,0.18869,0.2200,0.00000,0.00800,diagnostic
oracle_mode_mpc,low_friction,2,2,1,0.02164,0.27584,2.62720,0,1,0,0.01433,-0.00000,0.14427,0.15104,0.2200,0.00000,0.00800,diagnostic
oracle_mode_mpc,low_friction,2,3,1,0.01622,0.25949,2.81359,0,1,0,0.00423,-0.00000,0.12948,0.13719,0.2200,0.00000,0.00800,diagnostic
oracle_mode_mpc,low_friction,2,4,1,0.02413,0.30455,2.05107,0,1,0,0.02013,-0.00000,0.17742,0.18543,0.2200,0.00000,0.00800,diagnostic
oracle_mode_mpc,low_friction,2,5,1,0.02833,0.32161,2.92927,0,1,0,0.00290,-0.00000,0.19385,0.20195,0.2200,0.00000,0.00800,diagnostic
oracle_mode_mpc,low_friction,2,6,1,0.03272,0.34757,3.23990,0,1,0,0.00058,-0.00000,0.22576,0.23367,0.2200,0.00000,0.00800,diagnostic
oracle_mode_mpc,low_friction,2,7,1,0.01713,0.25909,1.98197,0,1,0,0.00718,-0.00000,0.13088,0.13849,0.2200,0.00000,0.00800,diagnostic
oracle_mode_mpc,low_friction,2,8,1,0.02622,0.30054,2.71061,0,1,0,0.01048,-0.00000,0.17811,0.18589,0.2200,0.00000,0.00800,diagnostic
oracle_mode_mpc,low_friction,2,9,1,0.02649,0.31764,2.87868,0,1,0,0.01506,-0.00000,0.19294,0.20090,0.2200,0.00000,0.00800,diagnostic
oracle_mode_mpc,low_friction,2,10,1,0.02478,0.30207,2.66722,0,1,0,0.01643,-0.00000,0.17664,0.18446,0.2200,0.00000,0.00800,diagnostic
oracle_mode_mpc,low_friction,2,11,1,0.02643,0.31434,2.05313,0,1,0,0.01358,-0.00000,0.19190,0.20006,0.2200,0.00000,0.00800,diagnostic
oracle_mode_mpc,low_friction,3,0,1,0.02734,0.31594,2.44149,0,1,0,0.03030,-0.00000,0.19016,0.19841,0.2200,0.00000,0.00800,diagnostic
oracle_mode_mpc,low_friction,3,1,1,0.03360,0.34125,2.34346,0,1,0,0.00949,-0.00000,0.21325,0.22137,0.2200,0.00000,0.00800,diagnostic
oracle_mode_mpc,low_friction,3,2,1,0.03378,0.34421,2.30142,0,1,0,0.00405,-0.00000,0.22552,0.23362,0.2200,0.00000,0.00800,diagnostic
oracle_mode_mpc,low_friction,3,3,1,0.02630,0.31429,1.96744,0,1,0,0.01092,-0.00000,0.19005,0.19791,0.2200,0.00000,0.00800,diagnostic
oracle_mode_mpc,low_friction,3,4,1,0.02631,0.30015,2.85727,0,1,0,0.01652,-0.00000,0.17657,0.18414,0.2200,0.00000,0.00800,diagnostic
oracle_mode_mpc,low_friction,3,5,1,0.02973,0.32436,2.02850,0,1,0,0.00620,-0.00000,0.20221,0.21073,0.2200,0.00000,0.00800,diagnostic
oracle_mode_mpc,low_friction,3,6,1,0.01491,0.25584,2.58338,0,1,0,0.01172,-0.00000,0.12739,0.13550,0.2200,0.00000,0.00800,diagnostic
oracle_mode_mpc,low_friction,3,7,1,0.02832,0.31825,2.74597,0,1,0,0.01012,-0.00000,0.18996,0.19798,0.2200,0.00000,0.00800,diagnostic
oracle_mode_mpc,low_friction,3,8,1,0.02776,0.31877,2.53092,0,1,0,0.01486,-0.00000,0.19336,0.20153,0.2200,0.00000,0.00800,diagnostic
oracle_mode_mpc,low_friction,3,9,1,0.03156,0.33700,3.37890,0,1,0,0.00505,-0.00000,0.20769,0.21593,0.2200,0.00000,0.00800,diagnostic
oracle_mode_mpc,low_friction,3,10,1,0.03496,0.34500,1.80090,0,1,0,0.00759,-0.00000,0.22449,0.23268,0.2200,0.00000,0.00800,diagnostic
oracle_mode_mpc,low_friction,3,11,1,0.02280,0.29115,2.38667,0,1,0,0.01401,-0.00000,0.16704,0.17532,0.2200,0.00000,0.00800,diagnostic
oracle_mode_mpc,low_friction,4,0,1,0.02413,0.30371,2.08130,0,1,0,0.01785,-0.00000,0.17613,0.18397,0.2200,0.00000,0.00800,diagnostic
oracle_mode_mpc,low_friction,4,1,1,0.03377,0.35875,3.45421,0,1,0,0.01183,-0.00000,0.22886,0.23755,0.2200,0.00000,0.00800,diagnostic
oracle_mode_mpc,low_friction,4,2,1,0.02163,0.29451,2.91073,0,1,0,0.01509,-0.00000,0.16445,0.17239,0.2200,0.00000,0.00800,diagnostic
oracle_mode_mpc,low_friction,4,3,1,0.03451,0.34451,2.32150,0,1,0,0.01075,-0.00000,0.22334,0.23150,0.2200,0.00000,0.00800,diagnostic
oracle_mode_mpc,low_friction,4,4,1,0.02089,0.28177,1.99377,0,1,0,0.01757,-0.00000,0.15640,0.16429,0.2200,0.00000,0.00800,diagnostic
oracle_mode_mpc,low_friction,4,5,1,0.02383,0.29205,2.18310,0,1,0,0.01110,-0.00000,0.16544,0.17315,0.2200,0.00000,0.00800,diagnostic
oracle_mode_mpc,low_friction,4,6,1,0.02242,0.29428,2.71335,0,1,0,0.01004,-0.00000,0.16878,0.17691,0.2200,0.00000,0.00800,diagnostic
oracle_mode_mpc,low_friction,4,7,1,0.04001,0.39564,3.52344,0,1,0,0.01402,-0.00000,0.27115,0.27925,0.2200,0.00000,0.00800,diagnostic
oracle_mode_mpc,low_friction,4,8,1,0.01667,0.26262,2.38092,0,1,0,0.00493,-0.00000,0.13057,0.13821,0.2200,0.00000,0.00800,diagnostic
oracle_mode_mpc,low_friction,4,9,1,0.02643,0.31408,2.05404,0,1,0,0.02015,-0.00000,0.18849,0.19658,0.2200,0.00000,0.00800,diagnostic
oracle_mode_mpc,low_friction,4,10,1,0.03000,0.32741,2.18840,0,1,0,0.01769,-0.00000,0.20342,0.21219,0.2200,0.00000,0.00800,diagnostic
oracle_mode_mpc,low_friction,4,11,1,0.02519,0.31174,2.63547,0,1,0,0.01411,-0.00000,0.18310,0.19108,0.2200,0.00000,0.00800,diagnostic
oracle_mode_mpc,vision_bias,0,0,1,0.06596,0.39847,7.40301,0,1,0,0.04442,-0.00000,0.22800,0.23614,0.6000,0.05200,0.00700,diagnostic
oracle_mode_mpc,vision_bias,0,1,0,0.08264,0.35276,6.97549,0,1,0,0.03392,-0.00000,0.16085,0.16877,0.6000,0.05200,0.00700,diagnostic
oracle_mode_mpc,vision_bias,0,2,1,0.07265,0.44681,10.15514,0,1,0,0.02416,-0.00000,0.23545,0.23754,0.6000,0.05200,0.00700,diagnostic
oracle_mode_mpc,vision_bias,0,3,0,0.08526,0.36675,5.88479,0,1,0,0.00969,-0.00000,0.16344,0.17189,0.6000,0.05200,0.00700,diagnostic
oracle_mode_mpc,vision_bias,0,4,1,0.00875,0.40039,4.03591,0,1,0,0.05916,-0.00000,0.24214,0.25011,0.6000,0.05200,0.00700,diagnostic
oracle_mode_mpc,vision_bias,0,5,1,0.05323,0.41714,10.64883,0,1,0,0.02033,-0.00000,0.19829,0.19727,0.6000,0.05200,0.00700,diagnostic
oracle_mode_mpc,vision_bias,0,6,1,0.04135,0.45731,8.35295,0,1,0,0.05342,-0.00000,0.28524,0.29367,0.6000,0.05200,0.00700,diagnostic
oracle_mode_mpc,vision_bias,0,7,1,0.07071,0.41038,4.50934,0,1,0,0.03913,-0.00000,0.23477,0.24338,0.6000,0.05200,0.00700,diagnostic
oracle_mode_mpc,vision_bias,0,8,1,0.06191,0.38998,6.08581,0,1,0,0.01665,-0.00000,0.18999,0.19782,0.6000,0.05200,0.00700,diagnostic
oracle_mode_mpc,vision_bias,0,9,1,0.02185,0.25296,2.80898,0,1,0,0.03754,-0.00000,0.07913,0.08736,0.6000,0.05200,0.00700,diagnostic
oracle_mode_mpc,vision_bias,0,10,1,0.00861,0.28065,3.75481,0,1,0,0.03115,-0.00000,0.09249,0.10033,0.6000,0.05200,0.00700,diagnostic
oracle_mode_mpc,vision_bias,0,11,1,0.02532,0.36873,4.37524,0,1,0,0.04575,-0.00000,0.18990,0.19828,0.6000,0.05200,0.00700,diagnostic
oracle_mode_mpc,vision_bias,1,0,0,0.08213,0.36413,4.54505,0,1,0,0.01118,-0.00000,0.17438,0.18090,0.6000,0.05200,0.00700,diagnostic
oracle_mode_mpc,vision_bias,1,1,0,0.09606,0.51528,13.07788,0,1,0,0.03679,-0.00000,0.30700,0.30691,0.6000,0.05200,0.00700,diagnostic
oracle_mode_mpc,vision_bias,1,2,1,0.06547,0.42753,5.45551,0,1,0,0.01240,-0.00000,0.24381,0.25183,0.6000,0.05200,0.00700,diagnostic
oracle_mode_mpc,vision_bias,1,3,1,0.00793,0.42476,7.84489,0,1,0,0.01205,-0.00000,0.16768,0.17423,0.6000,0.05200,0.00700,diagnostic
oracle_mode_mpc,vision_bias,1,4,1,0.05947,0.37100,6.85342,0,1,0,0.04616,-0.00000,0.21049,0.21819,0.6000,0.05200,0.00700,diagnostic
oracle_mode_mpc,vision_bias,1,5,1,0.06452,0.44435,6.46019,0,1,0,0.00626,-0.00000,0.24583,0.25242,0.6000,0.05200,0.00700,diagnostic
oracle_mode_mpc,vision_bias,1,6,0,0.07910,0.34214,4.01672,0,1,0,0.00926,-0.00000,0.16282,0.16885,0.6000,0.05200,0.00700,diagnostic
oracle_mode_mpc,vision_bias,1,7,1,0.07382,0.33849,6.06961,0,1,0,0.01028,-0.00000,0.14494,0.15406,0.6000,0.05200,0.00700,diagnostic
oracle_mode_mpc,vision_bias,1,8,1,0.02289,0.52624,9.55855,0,1,0,0.00477,-0.00000,0.21429,0.22349,0.6000,0.05200,0.00700,diagnostic
oracle_mode_mpc,vision_bias,1,9,1,0.01144,0.40375,7.00305,0,1,0,0.06298,-0.00000,0.23159,0.23987,0.6000,0.05200,0.00700,diagnostic
oracle_mode_mpc,vision_bias,1,10,0,0.08298,0.35517,4.83954,0,1,0,0.00732,-0.00000,0.16318,0.17149,0.6000,0.05200,0.00700,diagnostic
oracle_mode_mpc,vision_bias,1,11,1,0.01004,0.37431,5.52461,0,1,0,0.04531,-0.00000,0.20424,0.21164,0.6000,0.05200,0.00700,diagnostic
oracle_mode_mpc,vision_bias,2,0,1,0.04673,0.38169,6.40115,0,1,0,0.00713,-0.00000,0.18209,0.18589,0.6000,0.05200,0.00700,diagnostic
oracle_mode_mpc,vision_bias,2,1,1,0.00812,0.48045,11.33897,0,1,0,0.01075,-0.00000,0.21050,0.21889,0.6000,0.05200,0.00700,diagnostic
oracle_mode_mpc,vision_bias,2,2,1,0.05555,0.36504,4.21720,0,1,0,0.01926,-0.00000,0.19375,0.20205,0.6000,0.05200,0.00700,diagnostic
oracle_mode_mpc,vision_bias,2,3,1,0.05911,0.37132,4.06800,0,1,0,0.03674,-0.00000,0.19987,0.20810,0.6000,0.05200,0.00700,diagnostic
oracle_mode_mpc,vision_bias,2,4,1,0.02635,0.47545,9.66564,0,1,0,0.00451,-0.00000,0.19163,0.19985,0.6000,0.05200,0.00700,diagnostic
oracle_mode_mpc,vision_bias,2,5,1,0.04824,0.34465,4.12200,0,1,0,0.00744,-0.00000,0.15739,0.16526,0.6000,0.05200,0.00700,diagnostic
oracle_mode_mpc,vision_bias,2,6,1,0.04090,0.45303,6.57677,0,1,0,0.05349,-0.00000,0.28034,0.28864,0.6000,0.05200,0.00700,diagnostic
oracle_mode_mpc,vision_bias,2,7,1,0.00767,0.34473,3.87292,0,1,0,0.06211,-0.00000,0.19403,0.20220,0.6000,0.05200,0.00700,diagnostic
oracle_mode_mpc,vision_bias,2,8,1,0.00797,0.42876,10.99575,0,1,0,0.00830,-0.00000,0.16469,0.17077,0.6000,0.05200,0.00700,diagnostic
oracle_mode_mpc,vision_bias,2,9,0,0.11176,0.35226,4.44279,0,1,0,0.04406,-0.00000,0.17527,0.17992,0.6000,0.05200,0.00700,diagnostic
oracle_mode_mpc,vision_bias,2,10,1,0.04147,0.56650,8.10268,0,1,0,0.00532,-0.00000,0.26987,0.27692,0.6000,0.05200,0.00700,diagnostic
oracle_mode_mpc,vision_bias,2,11,1,0.06301,0.39894,6.82775,0,1,0,0.03210,-0.00000,0.22530,0.23425,0.6000,0.05200,0.00700,diagnostic
oracle_mode_mpc,vision_bias,3,0,0,0.09333,0.36370,3.85188,0,1,0,0.00699,-0.00000,0.18133,0.18924,0.6000,0.05200,0.00700,diagnostic
oracle_mode_mpc,vision_bias,3,1,1,0.01606,0.30676,5.66633,0,1,0,0.03224,-0.00000,0.12445,0.13007,0.6000,0.05200,0.00700,diagnostic
oracle_mode_mpc,vision_bias,3,2,1,0.03784,0.43984,5.86621,0,1,0,0.05261,-0.00000,0.25876,0.26706,0.6000,0.05200,0.00700,diagnostic
oracle_mode_mpc,vision_bias,3,3,1,0.02690,0.52152,49.56299,0,1,0,0.00310,-0.00000,0.20036,0.20857,0.6000,0.05200,0.00700,diagnostic
oracle_mode_mpc,vision_bias,3,4,0,0.07575,0.44219,8.20368,0,1,0,0.02920,-0.00000,0.25632,0.26328,0.6000,0.05200,0.00700,diagnostic
oracle_mode_mpc,vision_bias,3,5,0,0.09205,0.37403,5.10760,0,1,0,0.00526,-0.00000,0.18873,0.19431,0.6000,0.05200,0.00700,diagnostic
oracle_mode_mpc,vision_bias,3,6,1,0.01505,0.40357,8.66778,0,1,0,0.06622,-0.00000,0.22277,0.23154,0.6000,0.05200,0.00700,diagnostic
oracle_mode_mpc,vision_bias,3,7,1,0.01966,0.26015,3.23841,0,1,0,0.03808,-0.00000,0.07709,0.08472,0.6000,0.05200,0.00700,diagnostic
oracle_mode_mpc,vision_bias,3,8,1,0.02761,0.29666,4.83199,0,1,0,0.01345,-0.00000,0.09739,0.10547,0.6000,0.05200,0.00700,diagnostic
oracle_mode_mpc,vision_bias,3,9,1,0.04753,0.27942,4.21931,0,0,0,0.01171,-0.00000,0.12374,0.12508,0.6000,0.05200,0.00700,diagnostic
oracle_mode_mpc,vision_bias,3,10,0,0.09636,0.41913,8.30121,0,1,0,0.01459,-0.00000,0.19350,0.19369,0.6000,0.05200,0.00700,diagnostic
oracle_mode_mpc,vision_bias,3,11,1,0.07295,0.44549,6.01363,0,1,0,0.04461,-0.00000,0.27106,0.27985,0.6000,0.05200,0.00700,diagnostic
oracle_mode_mpc,vision_bias,4,0,1,0.01061,0.40023,4.16252,0,1,0,0.06106,-0.00000,0.24628,0.25497,0.6000,0.05200,0.00700,diagnostic
oracle_mode_mpc,vision_bias,4,1,1,0.01356,0.41943,4.86397,0,1,0,0.06013,-0.00000,0.24145,0.24957,0.6000,0.05200,0.00700,diagnostic
oracle_mode_mpc,vision_bias,4,2,0,0.09486,0.37518,4.59271,0,1,0,0.01746,-0.00000,0.19010,0.19675,0.6000,0.05200,0.00700,diagnostic
oracle_mode_mpc,vision_bias,4,3,1,0.05701,0.39687,11.01512,0,1,0,0.05303,-0.00000,0.21606,0.20405,0.6000,0.05200,0.00700,diagnostic
oracle_mode_mpc,vision_bias,4,4,0,0.08074,0.46796,9.14072,0,1,0,0.00873,-0.00000,0.26753,0.26883,0.6000,0.05200,0.00700,diagnostic
oracle_mode_mpc,vision_bias,4,5,0,0.11015,0.40533,7.47917,0,1,0,0.01602,-0.00000,0.22586,0.23193,0.6000,0.05200,0.00700,diagnostic
oracle_mode_mpc,vision_bias,4,6,1,0.02274,0.34276,3.99843,0,1,0,0.03957,-0.00000,0.16136,0.16801,0.6000,0.05200,0.00700,diagnostic
oracle_mode_mpc,vision_bias,4,7,1,0.03059,0.52670,8.86441,0,1,0,0.01204,-0.00000,0.22492,0.23431,0.6000,0.05200,0.00700,diagnostic
oracle_mode_mpc,vision_bias,4,8,1,0.03948,0.44062,4.44383,0,1,0,0.04585,-0.00000,0.27104,0.27959,0.6000,0.05200,0.00700,diagnostic
oracle_mode_mpc,vision_bias,4,9,1,0.04878,0.37434,5.26142,0,1,0,0.03975,-0.00000,0.19554,0.20315,0.6000,0.05200,0.00700,diagnostic
oracle_mode_mpc,vision_bias,4,10,1,0.01007,0.48427,10.19492,0,1,0,0.00954,-0.00000,0.22426,0.23240,0.6000,0.05200,0.00700,diagnostic
oracle_mode_mpc,vision_bias,4,11,1,0.06786,0.44598,11.55874,0,1,0,0.00709,-0.00000,0.22898,0.23828,0.6000,0.05200,0.00700,diagnostic
oracle_mode_mpc,tactile_noise,0,0,1,0.03909,0.44422,5.55288,0,1,0,0.00179,-0.00000,0.26771,0.27598,0.6200,0.00000,0.04000,diagnostic
oracle_mode_mpc,tactile_noise,0,1,1,0.07224,0.45301,8.39185,0,1,0,0.05040,-0.00000,0.26884,0.27461,0.6200,0.00000,0.04000,diagnostic
oracle_mode_mpc,tactile_noise,0,2,1,0.02880,0.33227,4.27687,0,1,0,0.06648,-0.00000,0.13662,0.13904,0.6200,0.00000,0.04000,diagnostic
oracle_mode_mpc,tactile_noise,0,3,1,0.01079,0.42173,5.49527,0,1,0,0.05836,-0.00000,0.22062,0.22813,0.6200,0.00000,0.04000,diagnostic
oracle_mode_mpc,tactile_noise,0,4,0,0.07955,0.47285,12.18166,0,1,0,0.07777,-0.00000,0.24424,0.23826,0.6200,0.00000,0.04000,diagnostic
oracle_mode_mpc,tactile_noise,0,5,1,0.02698,0.39070,7.09504,0,1,0,0.04663,-0.00000,0.19030,0.19739,0.6200,0.00000,0.04000,diagnostic
oracle_mode_mpc,tactile_noise,0,6,1,0.04879,0.41545,6.85237,0,1,0,0.12424,-0.00000,0.21092,0.21790,0.6200,0.00000,0.04000,diagnostic
oracle_mode_mpc,tactile_noise,0,7,1,0.02557,0.40131,7.35020,0,1,0,0.10848,-0.00000,0.19236,0.20082,0.6200,0.00000,0.04000,diagnostic
oracle_mode_mpc,tactile_noise,0,8,1,0.05127,0.36765,5.83334,0,1,0,0.07260,-0.00000,0.17238,0.18033,0.6200,0.00000,0.04000,diagnostic
oracle_mode_mpc,tactile_noise,0,9,1,0.04313,0.47046,8.20159,0,1,0,0.02988,-0.00000,0.25655,0.25811,0.6200,0.00000,0.04000,diagnostic
oracle_mode_mpc,tactile_noise,0,10,1,0.03128,0.34823,5.44211,0,1,0,0.05748,-0.00000,0.14820,0.15071,0.6200,0.00000,0.04000,diagnostic
oracle_mode_mpc,tactile_noise,0,11,1,0.05568,0.40858,6.53966,0,1,0,0.05517,-0.00000,0.21920,0.22553,0.6200,0.00000,0.04000,diagnostic
oracle_mode_mpc,tactile_noise,1,0,0,0.08178,0.48471,11.34469,0,1,0,0.06722,-0.00000,0.26363,0.26333,0.6200,0.00000,0.04000,diagnostic
oracle_mode_mpc,tactile_noise,1,1,0,0.09086,0.41323,8.89013,0,1,0,0.12663,-0.00000,0.19142,0.19750,0.6200,0.00000,0.04000,diagnostic
oracle_mode_mpc,tactile_noise,1,2,1,0.02306,0.36874,7.75069,0,1,0,0.02749,-0.00000,0.16259,0.16837,0.6200,0.00000,0.04000,diagnostic
oracle_mode_mpc,tactile_noise,1,3,1,0.02856,0.39074,4.95950,0,1,0,0.01748,-0.00000,0.19419,0.20037,0.6200,0.00000,0.04000,diagnostic
oracle_mode_mpc,tactile_noise,1,4,1,0.03312,0.48417,9.52477,0,1,0,0.02560,-0.00000,0.24986,0.25888,0.6200,0.00000,0.04000,diagnostic
oracle_mode_mpc,tactile_noise,1,5,1,0.03184,0.43881,10.06656,0,1,0,0.04517,-0.00000,0.21532,0.22251,0.6200,0.00000,0.04000,diagnostic
oracle_mode_mpc,tactile_noise,1,6,1,0.02696,0.38726,5.38265,0,1,0,0.02984,-0.00000,0.18207,0.18766,0.6200,0.00000,0.04000,diagnostic
oracle_mode_mpc,tactile_noise,1,7,1,0.06989,0.47296,8.75728,0,1,0,0.05714,-0.00000,0.24227,0.25064,0.6200,0.00000,0.04000,diagnostic
oracle_mode_mpc,tactile_noise,1,8,1,0.04236,0.38326,4.21349,0,1,0,0.05995,-0.00000,0.18728,0.19184,0.6200,0.00000,0.04000,diagnostic
oracle_mode_mpc,tactile_noise,1,9,1,0.04110,0.38632,6.19203,0,1,0,0.08274,-0.00000,0.18029,0.18584,0.6200,0.00000,0.04000,diagnostic
oracle_mode_mpc,tactile_noise,1,10,1,0.03746,0.44110,8.45673,0,1,0,0.01715,-0.00000,0.23149,0.23521,0.6200,0.00000,0.04000,diagnostic
oracle_mode_mpc,tactile_noise,1,11,1,0.06790,0.42679,8.67534,0,1,0,0.06795,-0.00000,0.22053,0.21652,0.6200,0.00000,0.04000,diagnostic
oracle_mode_mpc,tactile_noise,2,0,1,0.03812,0.49064,10.04438,0,1,0,0.02607,-0.00000,0.26346,0.27215,0.6200,0.00000,0.04000,diagnostic
oracle_mode_mpc,tactile_noise,2,1,1,0.01918,0.34324,6.01675,0,1,0,0.01292,-0.00000,0.13974,0.14612,0.6200,0.00000,0.04000,diagnostic
oracle_mode_mpc,tactile_noise,2,2,1,0.02445,0.37189,6.46243,0,1,0,0.02600,-0.00000,0.16720,0.17349,0.6200,0.00000,0.04000,diagnostic
oracle_mode_mpc,tactile_noise,2,3,1,0.02495,0.40765,9.68779,0,1,0,0.00862,-0.00000,0.19058,0.19856,0.6200,0.00000,0.04000,diagnostic
oracle_mode_mpc,tactile_noise,2,4,1,0.03801,0.31396,3.72046,0,1,0,0.13421,-0.00000,0.11921,0.12236,0.6200,0.00000,0.04000,diagnostic
oracle_mode_mpc,tactile_noise,2,5,1,0.05135,0.39304,5.67503,0,1,0,0.05518,-0.00000,0.22057,0.22611,0.6200,0.00000,0.04000,diagnostic
oracle_mode_mpc,tactile_noise,2,6,1,0.02890,0.42686,8.30860,0,1,0,0.05508,-0.00000,0.20796,0.21584,0.6200,0.00000,0.04000,diagnostic
oracle_mode_mpc,tactile_noise,2,7,1,0.04550,0.42715,7.90144,0,1,0,0.08920,-0.00000,0.23116,0.24101,0.6200,0.00000,0.04000,diagnostic
oracle_mode_mpc,tactile_noise,2,8,1,0.07160,0.46016,6.01170,0,1,0,0.06317,-0.00000,0.26161,0.26971,0.6200,0.00000,0.04000,diagnostic
oracle_mode_mpc,tactile_noise,2,9,1,0.07446,0.46262,8.50697,0,1,0,0.03886,-0.00000,0.25844,0.26698,0.6200,0.00000,0.04000,diagnostic
oracle_mode_mpc,tactile_noise,2,10,1,0.02934,0.40936,5.67698,0,1,0,0.02395,-0.00000,0.20289,0.21015,0.6200,0.00000,0.04000,diagnostic
oracle_mode_mpc,tactile_noise,2,11,1,0.07240,0.48765,7.39419,0,1,0,0.03166,-0.00000,0.26211,0.26922,0.6200,0.00000,0.04000,diagnostic
oracle_mode_mpc,tactile_noise,3,0,1,0.05374,0.38932,4.69081,0,1,0,0.04284,-0.00000,0.20400,0.21139,0.6200,0.00000,0.04000,diagnostic
oracle_mode_mpc,tactile_noise,3,1,1,0.05335,0.44165,5.35588,0,1,0,0.09270,-0.00000,0.24776,0.25668,0.6200,0.00000,0.04000,diagnostic
oracle_mode_mpc,tactile_noise,3,2,1,0.03651,0.40969,7.49643,0,1,0,0.02734,-0.00000,0.20160,0.20033,0.6200,0.00000,0.04000,diagnostic
oracle_mode_mpc,tactile_noise,3,3,1,0.04198,0.37062,7.78946,0,1,0,0.07591,-0.00000,0.15364,0.16206,0.6200,0.00000,0.04000,diagnostic
oracle_mode_mpc,tactile_noise,3,4,1,0.02627,0.38637,6.77947,0,1,0,0.06053,-0.00000,0.18440,0.19110,0.6200,0.00000,0.04000,diagnostic
oracle_mode_mpc,tactile_noise,3,5,1,0.03844,0.44856,5.78104,0,1,0,0.03799,-0.00000,0.25897,0.26659,0.6200,0.00000,0.04000,diagnostic
oracle_mode_mpc,tactile_noise,3,6,1,0.03741,0.45096,7.66785,0,1,0,0.02193,-0.00000,0.25485,0.26291,0.6200,0.00000,0.04000,diagnostic
oracle_mode_mpc,tactile_noise,3,7,1,0.02795,0.38326,6.64548,0,1,0,0.03677,-0.00000,0.17942,0.18424,0.6200,0.00000,0.04000,diagnostic
oracle_mode_mpc,tactile_noise,3,8,1,0.03076,0.42041,9.33203,0,1,0,0.03968,-0.00000,0.20395,0.21200,0.6200,0.00000,0.04000,diagnostic
oracle_mode_mpc,tactile_noise,3,9,1,0.03631,0.43031,7.35556,0,1,0,0.04236,-0.00000,0.22762,0.23305,0.6200,0.00000,0.04000,diagnostic
oracle_mode_mpc,tactile_noise,3,10,1,0.07210,0.43851,5.48126,0,1,0,0.07030,-0.00000,0.24212,0.25009,0.6200,0.00000,0.04000,diagnostic
oracle_mode_mpc,tactile_noise,3,11,1,0.02480,0.37251,5.13912,0,1,0,0.02421,-0.00000,0.17903,0.18483,0.6200,0.00000,0.04000,diagnostic
oracle_mode_mpc,tactile_noise,4,0,1,0.01656,0.34239,5.38059,0,1,0,0.04709,-0.00000,0.14099,0.14894,0.6200,0.00000,0.04000,diagnostic
oracle_mode_mpc,tactile_noise,4,1,1,0.07260,0.42522,3.64839,0,1,0,0.10605,-0.00000,0.24591,0.25493,0.6200,0.00000,0.04000,diagnostic
oracle_mode_mpc,tactile_noise,4,2,1,0.01269,0.43091,8.72481,0,1,0,0.05804,-0.00000,0.20839,0.21611,0.6200,0.00000,0.04000,diagnostic
oracle_mode_mpc,tactile_noise,4,3,0,0.07571,0.47014,9.61418,0,1,0,0.07667,-0.00000,0.24918,0.25862,0.6200,0.00000,0.04000,diagnostic
oracle_mode_mpc,tactile_noise,4,4,1,0.06570,0.43562,5.91593,0,1,0,0.05227,-0.00000,0.25009,0.25552,0.6200,0.00000,0.04000,diagnostic
oracle_mode_mpc,tactile_noise,4,5,1,0.03499,0.43279,8.01056,0,1,0,0.01643,-0.00000,0.23187,0.23856,0.6200,0.00000,0.04000,diagnostic
oracle_mode_mpc,tactile_noise,4,6,1,0.02277,0.37113,8.29817,0,1,0,0.02806,-0.00000,0.17154,0.17959,0.6200,0.00000,0.04000,diagnostic
oracle_mode_mpc,tactile_noise,4,7,1,0.03301,0.43013,5.70142,0,1,0,0.03742,-0.00000,0.22956,0.23748,0.6200,0.00000,0.04000,diagnostic
oracle_mode_mpc,tactile_noise,4,8,1,0.02971,0.43841,12.19928,0,1,0,0.04498,-0.00000,0.20851,0.21666,0.6200,0.00000,0.04000,diagnostic
oracle_mode_mpc,tactile_noise,4,9,1,0.04405,0.39016,3.76330,0,1,0,0.06220,-0.00000,0.20559,0.21239,0.6200,0.00000,0.04000,diagnostic
oracle_mode_mpc,tactile_noise,4,10,1,0.02893,0.38880,5.39011,0,1,0,0.02138,-0.00000,0.19636,0.20309,0.6200,0.00000,0.04000,diagnostic
oracle_mode_mpc,tactile_noise,4,11,1,0.03786,0.36115,7.52859,0,1,0,0.09310,-0.00000,0.14008,0.14855,0.6200,0.00000,0.04000,diagnostic
oracle_mode_mpc,sticky_contact,0,0,1,0.01806,0.77170,10.51922,0,1,0,0.01209,-0.00000,0.18022,0.18955,1.5500,0.01000,0.01000,diagnostic
oracle_mode_mpc,sticky_contact,0,1,1,0.02451,0.79540,11.28611,0,1,0,0.00502,-0.00000,0.21129,0.22018,1.5500,0.01000,0.01000,diagnostic
oracle_mode_mpc,sticky_contact,0,2,1,0.02888,0.69056,12.01971,0,1,0,0.02188,-0.00000,0.22426,0.23285,1.5500,0.01000,0.01000,diagnostic
oracle_mode_mpc,sticky_contact,0,3,1,0.01321,0.71159,9.04755,0,1,0,0.02010,-0.00000,0.14256,0.15096,1.5500,0.01000,0.01000,diagnostic
oracle_mode_mpc,sticky_contact,0,4,1,0.01542,0.71447,9.47151,0,1,0,0.02347,-0.00000,0.21383,0.22280,1.5500,0.01000,0.01000,diagnostic
oracle_mode_mpc,sticky_contact,0,5,1,0.01451,0.71601,10.07632,0,1,0,0.03726,-0.00000,0.15644,0.16508,1.5500,0.01000,0.01000,diagnostic
oracle_mode_mpc,sticky_contact,0,6,1,0.01891,0.68868,8.99927,0,1,0,0.01095,-0.00000,0.15739,0.16386,1.5500,0.01000,0.01000,diagnostic
oracle_mode_mpc,sticky_contact,0,7,1,0.06444,0.81870,12.23829,0,1,0,0.00224,-0.00000,0.21646,0.22660,1.5500,0.01000,0.01000,diagnostic
oracle_mode_mpc,sticky_contact,0,8,1,0.02667,0.78331,10.82110,0,1,0,0.01114,-0.00000,0.23632,0.24696,1.5500,0.01000,0.01000,diagnostic
oracle_mode_mpc,sticky_contact,0,9,1,0.03501,0.81254,11.35545,0,1,0,0.01268,-0.00000,0.27002,0.27869,1.5500,0.01000,0.01000,diagnostic
oracle_mode_mpc,sticky_contact,0,10,1,0.02373,0.75505,9.89578,0,1,0,0.01556,-0.00000,0.21081,0.22111,1.5500,0.01000,0.01000,diagnostic
oracle_mode_mpc,sticky_contact,0,11,1,0.03275,0.88808,13.50757,0,1,0,0.02154,-0.00000,0.26081,0.27031,1.5500,0.01000,0.01000,diagnostic
oracle_mode_mpc,sticky_contact,1,0,1,0.01380,0.79122,10.11022,0,1,0,0.02617,-0.00000,0.22469,0.23362,1.5500,0.01000,0.01000,diagnostic
oracle_mode_mpc,sticky_contact,1,1,1,0.02011,0.70694,9.96895,0,1,0,0.02224,-0.00000,0.18160,0.19083,1.5500,0.01000,0.01000,diagnostic
oracle_mode_mpc,sticky_contact,1,2,1,0.02958,0.81108,11.72791,0,1,0,0.00675,-0.00000,0.23419,0.24277,1.5500,0.01000,0.01000,diagnostic
oracle_mode_mpc,sticky_contact,1,3,1,0.02134,0.77457,10.54297,0,1,0,0.01455,-0.00000,0.19427,0.20303,1.5500,0.01000,0.01000,diagnostic
oracle_mode_mpc,sticky_contact,1,4,1,0.03669,0.79822,14.33942,0,1,0,0.00847,-0.00000,0.28012,0.28970,1.5500,0.01000,0.01000,diagnostic
oracle_mode_mpc,sticky_contact,1,5,1,0.02409,0.83327,12.07141,0,1,0,0.00865,-0.00000,0.22379,0.23485,1.5500,0.01000,0.01000,diagnostic
oracle_mode_mpc,sticky_contact,1,6,1,0.01426,0.77599,11.12502,0,1,0,0.01851,-0.00000,0.21029,0.21997,1.5500,0.01000,0.01000,diagnostic
oracle_mode_mpc,sticky_contact,1,7,1,0.01612,0.70162,10.01921,0,1,0,0.04285,-0.00000,0.16731,0.17677,1.5500,0.01000,0.01000,diagnostic
oracle_mode_mpc,sticky_contact,1,8,1,0.02808,0.76141,10.14068,0,1,0,0.02846,-0.00000,0.22570,0.23414,1.5500,0.01000,0.01000,diagnostic
oracle_mode_mpc,sticky_contact,1,9,1,0.02512,0.82686,11.86190,0,1,0,0.02862,-0.00000,0.22356,0.23384,1.5500,0.01000,0.01000,diagnostic
oracle_mode_mpc,sticky_contact,1,10,1,0.03531,0.66268,8.72109,0,1,0,0.01613,-0.00000,0.14521,0.15273,1.5500,0.01000,0.01000,diagnostic
oracle_mode_mpc,sticky_contact,1,11,1,0.01566,0.81194,11.41876,0,1,0,0.02576,-0.00000,0.20921,0.21949,1.5500,0.01000,0.01000,diagnostic
oracle_mode_mpc,sticky_contact,2,0,1,0.01252,0.75306,10.59729,0,1,0,0.01387,-0.00000,0.14681,0.15549,1.5500,0.01000,0.01000,diagnostic
oracle_mode_mpc,sticky_contact,2,1,1,0.01729,0.82412,10.62225,0,1,0,0.01794,-0.00000,0.18017,0.19019,1.5500,0.01000,0.01000,diagnostic
oracle_mode_mpc,sticky_contact,2,2,1,0.01516,0.81463,11.58695,0,1,0,0.01420,-0.00000,0.21938,0.22953,1.5500,0.01000,0.01000,diagnostic
oracle_mode_mpc,sticky_contact,2,3,1,0.03541,0.80691,10.61416,0,1,0,0.01989,-0.00000,0.25754,0.26548,1.5500,0.01000,0.01000,diagnostic
oracle_mode_mpc,sticky_contact,2,4,1,0.02115,0.79804,10.49947,0,1,0,0.00412,-0.00000,0.20174,0.21201,1.5500,0.01000,0.01000,diagnostic
oracle_mode_mpc,sticky_contact,2,5,1,0.03570,0.82368,10.43620,0,1,0,0.01952,-0.00000,0.27342,0.28421,1.5500,0.01000,0.01000,diagnostic
oracle_mode_mpc,sticky_contact,2,6,1,0.01261,0.65896,8.41258,0,1,0,0.02403,-0.00000,0.13324,0.13924,1.5500,0.01000,0.01000,diagnostic
oracle_mode_mpc,sticky_contact,2,7,1,0.02085,0.73952,9.90905,0,1,0,0.00837,-0.00000,0.19701,0.20699,1.5500,0.01000,0.01000,diagnostic
oracle_mode_mpc,sticky_contact,2,8,1,0.02572,0.83020,12.47993,0,1,0,0.02155,-0.00000,0.22283,0.23205,1.5500,0.01000,0.01000,diagnostic
oracle_mode_mpc,sticky_contact,2,9,1,0.01633,0.70594,9.37918,0,1,0,0.02692,-0.00000,0.16709,0.17689,1.5500,0.01000,0.01000,diagnostic
oracle_mode_mpc,sticky_contact,2,10,1,0.01550,0.78957,10.95978,0,1,0,0.01396,-0.00000,0.22285,0.23305,1.5500,0.01000,0.01000,diagnostic
oracle_mode_mpc,sticky_contact,2,11,1,0.01496,0.68451,9.24225,0,1,0,0.00581,-0.00000,0.12989,0.13555,1.5500,0.01000,0.01000,diagnostic
oracle_mode_mpc,sticky_contact,3,0,1,0.02181,0.78450,9.92792,0,1,0,0.00309,-0.00000,0.19144,0.20037,1.5500,0.01000,0.01000,diagnostic
oracle_mode_mpc,sticky_contact,3,1,1,0.02776,0.77760,9.50042,0,1,0,0.01272,-0.00000,0.21872,0.22651,1.5500,0.01000,0.01000,diagnostic
oracle_mode_mpc,sticky_contact,3,2,1,0.02477,0.72894,9.85594,0,1,0,0.01568,-0.00000,0.21259,0.22282,1.5500,0.01000,0.01000,diagnostic
oracle_mode_mpc,sticky_contact,3,3,1,0.03207,0.85548,13.84967,0,1,0,0.02042,-0.00000,0.26045,0.26930,1.5500,0.01000,0.01000,diagnostic
oracle_mode_mpc,sticky_contact,3,4,1,0.01837,0.78394,10.63742,0,1,0,0.02500,-0.00000,0.18811,0.19764,1.5500,0.01000,0.01000,diagnostic
oracle_mode_mpc,sticky_contact,3,5,1,0.02828,0.82162,11.58584,0,1,0,0.00658,-0.00000,0.23995,0.24856,1.5500,0.01000,0.01000,diagnostic
oracle_mode_mpc,sticky_contact,3,6,1,0.02869,0.78074,13.13042,0,1,0,0.01386,-0.00000,0.24479,0.25560,1.5500,0.01000,0.01000,diagnostic
oracle_mode_mpc,sticky_contact,3,7,1,0.01549,0.78347,11.50981,0,1,0,0.02352,-0.00000,0.20108,0.21060,1.5500,0.01000,0.01000,diagnostic
oracle_mode_mpc,sticky_contact,3,8,1,0.01727,0.80283,11.45566,0,1,0,0.01360,-0.00000,0.18098,0.19078,1.5500,0.01000,0.01000,diagnostic
oracle_mode_mpc,sticky_contact,3,9,1,0.02069,0.79193,10.91530,0,1,0,0.01541,-0.00000,0.20556,0.21634,1.5500,0.01000,0.01000,diagnostic
oracle_mode_mpc,sticky_contact,3,10,1,0.01505,0.81234,10.14500,0,1,0,0.00740,-0.00000,0.15855,0.16726,1.5500,0.01000,0.01000,diagnostic
oracle_mode_mpc,sticky_contact,3,11,1,0.02657,0.73419,10.08484,0,1,0,0.01030,-0.00000,0.22226,0.23147,1.5500,0.01000,0.01000,diagnostic
oracle_mode_mpc,sticky_contact,4,0,1,0.02405,0.82030,9.41311,0,1,0,0.02030,-0.00000,0.21339,0.22375,1.5500,0.01000,0.01000,diagnostic
oracle_mode_mpc,sticky_contact,4,1,1,0.01900,0.72383,10.60167,0,1,0,0.00485,-0.00000,0.17777,0.18639,1.5500,0.01000,0.01000,diagnostic
oracle_mode_mpc,sticky_contact,4,2,1,0.01103,0.80421,10.64515,0,1,0,0.01898,-0.00000,0.14712,0.15770,1.5500,0.01000,0.01000,diagnostic
oracle_mode_mpc,sticky_contact,4,3,1,0.02771,0.75486,10.18286,0,1,0,0.01076,-0.00000,0.22649,0.23548,1.5500,0.01000,0.01000,diagnostic
oracle_mode_mpc,sticky_contact,4,4,1,0.05422,0.76079,9.62529,0,1,0,0.02346,-0.00000,0.18135,0.18975,1.5500,0.01000,0.01000,diagnostic
oracle_mode_mpc,sticky_contact,4,5,1,0.04132,0.75283,9.83933,0,1,0,0.01576,-0.00000,0.16029,0.16957,1.5500,0.01000,0.01000,diagnostic
oracle_mode_mpc,sticky_contact,4,6,1,0.02356,0.80348,11.02215,0,1,0,0.02616,-0.00000,0.20831,0.21715,1.5500,0.01000,0.01000,diagnostic
oracle_mode_mpc,sticky_contact,4,7,1,0.01676,0.74398,9.34359,0,1,0,0.00952,-0.00000,0.16782,0.17710,1.5500,0.01000,0.01000,diagnostic
oracle_mode_mpc,sticky_contact,4,8,1,0.02028,0.78987,10.85682,0,1,0,0.01867,-0.00000,0.19596,0.20491,1.5500,0.01000,0.01000,diagnostic
oracle_mode_mpc,sticky_contact,4,9,1,0.01431,0.73747,10.07458,0,1,0,0.00289,-0.00000,0.16361,0.17422,1.5500,0.01000,0.01000,diagnostic
oracle_mode_mpc,sticky_contact,4,10,1,0.01659,0.73663,10.96046,0,1,0,0.02486,-0.00000,0.23144,0.24198,1.5500,0.01000,0.01000,diagnostic
oracle_mode_mpc,sticky_contact,4,11,1,0.02943,0.81372,11.34470,0,1,0,0.01062,-0.00000,0.23630,0.24505,1.5500,0.01000,0.01000,diagnostic
oracle_mode_mpc,combined_shift,0,0,1,0.05384,0.48162,8.85180,0,1,0,0.05800,-0.00000,0.10321,0.11187,1.3500,0.04500,0.03000,diagnostic
oracle_mode_mpc,combined_shift,0,1,1,0.05615,0.55561,8.28929,0,1,0,0.04191,-0.00000,0.19151,0.20081,1.3500,0.04500,0.03000,diagnostic
oracle_mode_mpc,combined_shift,0,2,1,0.07268,0.63705,10.23656,0,1,0,0.00968,-0.00000,0.25424,0.26397,1.3500,0.04500,0.03000,diagnostic
oracle_mode_mpc,combined_shift,0,3,1,0.06518,0.61918,6.93776,0,1,0,0.06734,-0.00000,0.23567,0.24431,1.3500,0.04500,0.03000,diagnostic
oracle_mode_mpc,combined_shift,0,4,1,0.00946,0.59159,7.43772,0,1,0,0.05019,-0.00000,0.26283,0.27207,1.3500,0.04500,0.03000,diagnostic
oracle_mode_mpc,combined_shift,0,5,1,0.00998,0.47356,8.18555,0,1,0,0.05591,-0.00000,0.17768,0.18478,1.3500,0.04500,0.03000,diagnostic
oracle_mode_mpc,combined_shift,0,6,1,0.06476,0.55307,6.72037,0,1,0,0.05137,-0.00000,0.23669,0.24491,1.3500,0.04500,0.03000,diagnostic
oracle_mode_mpc,combined_shift,0,7,1,0.03752,0.46893,6.09108,0,1,0,0.04664,-0.00000,0.14505,0.15145,1.3500,0.04500,0.03000,diagnostic
oracle_mode_mpc,combined_shift,0,8,1,0.00971,0.46943,6.91287,0,1,0,0.06584,-0.00000,0.18326,0.18983,1.3500,0.04500,0.03000,diagnostic
oracle_mode_mpc,combined_shift,0,9,1,0.03013,0.48713,6.91992,0,1,0,0.01697,-0.00000,0.11587,0.12395,1.3500,0.04500,0.03000,diagnostic
oracle_mode_mpc,combined_shift,0,10,1,0.04898,0.50197,6.67987,0,1,0,0.02289,-0.00000,0.17330,0.18324,1.3500,0.04500,0.03000,diagnostic
oracle_mode_mpc,combined_shift,0,11,0,0.08711,0.49560,6.76433,0,1,0,0.02032,-0.00000,0.18802,0.19341,1.3500,0.04500,0.03000,diagnostic
oracle_mode_mpc,combined_shift,1,0,1,0.05683,0.47246,6.16198,0,1,0,0.10485,-0.00000,0.17678,0.18593,1.3500,0.04500,0.03000,diagnostic
oracle_mode_mpc,combined_shift,1,1,1,0.02128,0.48137,5.75287,0,1,0,0.02249,-0.00000,0.14405,0.14893,1.3500,0.04500,0.03000,diagnostic
oracle_mode_mpc,combined_shift,1,2,0,0.11646,0.53871,7.31121,0,1,0,0.07874,-0.00000,0.24539,0.25278,1.3500,0.04500,0.03000,diagnostic
oracle_mode_mpc,combined_shift,1,3,0,0.08663,0.51544,7.07474,0,1,0,0.10608,-0.00000,0.17327,0.18063,1.3500,0.04500,0.03000,diagnostic
oracle_mode_mpc,combined_shift,1,4,1,0.01008,0.55872,9.91760,0,1,0,0.05820,-0.00000,0.25165,0.26035,1.3500,0.04500,0.03000,diagnostic
oracle_mode_mpc,combined_shift,1,5,1,0.00973,0.56011,9.66001,0,1,0,0.06467,-0.00000,0.22888,0.23787,1.3500,0.04500,0.03000,diagnostic
oracle_mode_mpc,combined_shift,1,6,1,0.01861,0.49936,6.80633,0,1,0,0.02246,-0.00000,0.16789,0.17772,1.3500,0.04500,0.03000,diagnostic
oracle_mode_mpc,combined_shift,1,7,1,0.05667,0.53895,9.17917,0,1,0,0.06484,-0.00000,0.22463,0.23071,1.3500,0.04500,0.03000,diagnostic
oracle_mode_mpc,combined_shift,1,8,0,0.09248,0.53239,7.23076,0,1,0,0.04485,-0.00000,0.19001,0.19831,1.3500,0.04500,0.03000,diagnostic
oracle_mode_mpc,combined_shift,1,9,1,0.06729,0.74639,15.14560,0,1,0,0.04403,-0.00000,0.23391,0.24357,1.3500,0.04500,0.03000,diagnostic
oracle_mode_mpc,combined_shift,1,10,0,0.08241,0.47392,7.86324,0,1,0,0.03146,-0.00000,0.14760,0.15633,1.3500,0.04500,0.03000,diagnostic
oracle_mode_mpc,combined_shift,1,11,1,0.06279,0.59444,9.72230,0,1,0,0.02826,-0.00000,0.23843,0.24699,1.3500,0.04500,0.03000,diagnostic
oracle_mode_mpc,combined_shift,2,0,1,0.00974,0.57711,8.33282,0,1,0,0.06592,-0.00000,0.26827,0.27757,1.3500,0.04500,0.03000,diagnostic
oracle_mode_mpc,combined_shift,2,1,1,0.04911,0.50064,7.85724,0,1,0,0.07426,-0.00000,0.17763,0.18683,1.3500,0.04500,0.03000,diagnostic
oracle_mode_mpc,combined_shift,2,2,0,0.07682,0.58768,6.96843,0,1,0,0.05240,-0.00000,0.26448,0.27314,1.3500,0.04500,0.03000,diagnostic
oracle_mode_mpc,combined_shift,2,3,1,0.03690,0.62744,11.53784,0,1,0,0.01289,-0.00000,0.26567,0.27475,1.3500,0.04500,0.03000,diagnostic
oracle_mode_mpc,combined_shift,2,4,1,0.02667,0.54959,10.54144,0,1,0,0.07830,-0.00000,0.18363,0.18805,1.3500,0.04500,0.03000,diagnostic
oracle_mode_mpc,combined_shift,2,5,1,0.02914,0.58576,6.36395,0,1,0,0.05665,-0.00000,0.22503,0.23411,1.3500,0.04500,0.03000,diagnostic
oracle_mode_mpc,combined_shift,2,6,0,0.09640,0.53571,7.89300,0,1,0,0.07056,-0.00000,0.17473,0.18411,1.3500,0.04500,0.03000,diagnostic
oracle_mode_mpc,combined_shift,2,7,0,0.10254,0.56854,7.94559,0,1,0,0.06225,-0.00000,0.19469,0.20233,1.3500,0.04500,0.03000,diagnostic
oracle_mode_mpc,combined_shift,2,8,1,0.07032,0.55826,7.12979,0,1,0,0.06472,-0.00000,0.25374,0.26229,1.3500,0.04500,0.03000,diagnostic
oracle_mode_mpc,combined_shift,2,9,1,0.02978,0.57484,7.59175,0,1,0,0.01222,-0.00000,0.21055,0.21697,1.3500,0.04500,0.03000,diagnostic
oracle_mode_mpc,combined_shift,2,10,1,0.04137,0.50386,6.29183,0,1,0,0.03095,-0.00000,0.15790,0.16510,1.3500,0.04500,0.03000,diagnostic
oracle_mode_mpc,combined_shift,2,11,1,0.00937,0.57789,9.40413,0,1,0,0.06113,-0.00000,0.23696,0.24590,1.3500,0.04500,0.03000,diagnostic
oracle_mode_mpc,combined_shift,3,0,1,0.05547,0.56061,8.87426,0,1,0,0.02671,-0.00000,0.19875,0.20718,1.3500,0.04500,0.03000,diagnostic
oracle_mode_mpc,combined_shift,3,1,0,0.09471,0.54805,8.76714,0,1,0,0.02848,-0.00000,0.18101,0.18963,1.3500,0.04500,0.03000,diagnostic
oracle_mode_mpc,combined_shift,3,2,1,0.01398,0.50279,5.92112,0,1,0,0.07493,-0.00000,0.14018,0.14973,1.3500,0.04500,0.03000,diagnostic
oracle_mode_mpc,combined_shift,3,3,1,0.04161,0.77558,16.91374,0,1,0,0.05968,-0.00000,0.28985,0.29851,1.3500,0.04500,0.03000,diagnostic
oracle_mode_mpc,combined_shift,3,4,1,0.06250,0.49464,6.99072,0,1,0,0.02184,-0.00000,0.11723,0.12725,1.3500,0.04500,0.03000,diagnostic
oracle_mode_mpc,combined_shift,3,5,1,0.06382,0.94477,60.96929,0,1,0,0.01917,-0.00000,0.21931,0.22564,1.3500,0.04500,0.03000,diagnostic
oracle_mode_mpc,combined_shift,3,6,1,0.07096,0.49842,8.71422,0,1,0,0.00653,-0.00000,0.14480,0.15136,1.3500,0.04500,0.03000,diagnostic
oracle_mode_mpc,combined_shift,3,7,1,0.04631,0.54278,8.25880,0,1,0,0.03332,-0.00000,0.17362,0.18230,1.3500,0.04500,0.03000,diagnostic
oracle_mode_mpc,combined_shift,3,8,1,0.04827,0.48426,5.61351,0,1,0,0.01752,-0.00000,0.18054,0.18545,1.3500,0.04500,0.03000,diagnostic
oracle_mode_mpc,combined_shift,3,9,0,0.11669,0.55316,7.13023,0,1,0,0.03671,-0.00000,0.24493,0.24921,1.3500,0.04500,0.03000,diagnostic
oracle_mode_mpc,combined_shift,3,10,1,0.02531,0.56172,11.00990,0,1,0,0.08794,-0.00000,0.18774,0.19431,1.3500,0.04500,0.03000,diagnostic
oracle_mode_mpc,combined_shift,3,11,1,0.04612,0.48561,5.89024,0,1,0,0.03041,-0.00000,0.17247,0.17716,1.3500,0.04500,0.03000,diagnostic
oracle_mode_mpc,combined_shift,4,0,1,0.05282,0.53114,6.24312,0,1,0,0.01213,-0.00000,0.17633,0.18538,1.3500,0.04500,0.03000,diagnostic
oracle_mode_mpc,combined_shift,4,1,1,0.03242,0.60713,12.11305,0,1,0,0.03546,-0.00000,0.23015,0.23786,1.3500,0.04500,0.03000,diagnostic
oracle_mode_mpc,combined_shift,4,2,1,0.06040,0.42906,8.27662,0,1,0,0.09384,-0.00000,0.14089,0.14746,1.3500,0.04500,0.03000,diagnostic
oracle_mode_mpc,combined_shift,4,3,0,0.10308,0.52840,5.64446,0,1,0,0.09315,-0.00000,0.21310,0.22222,1.3500,0.04500,0.03000,diagnostic
oracle_mode_mpc,combined_shift,4,4,1,0.00968,0.55532,6.58267,0,1,0,0.03316,-0.00000,0.23078,0.24050,1.3500,0.04500,0.03000,diagnostic
oracle_mode_mpc,combined_shift,4,5,0,0.07984,0.67669,10.91072,0,1,0,0.05023,-0.00000,0.18084,0.18955,1.3500,0.04500,0.03000,diagnostic
oracle_mode_mpc,combined_shift,4,6,1,0.05392,0.55624,8.81881,0,1,0,0.05229,-0.00000,0.19539,0.20462,1.3500,0.04500,0.03000,diagnostic
oracle_mode_mpc,combined_shift,4,7,1,0.04741,0.49688,6.76633,0,1,0,0.08381,-0.00000,0.19303,0.19881,1.3500,0.04500,0.03000,diagnostic
oracle_mode_mpc,combined_shift,4,8,1,0.07211,0.58482,9.16698,0,1,0,0.02084,-0.00000,0.25831,0.26860,1.3500,0.04500,0.03000,diagnostic
oracle_mode_mpc,combined_shift,4,9,1,0.06004,0.51718,8.89243,0,1,0,0.03312,-0.00000,0.19812,0.20666,1.3500,0.04500,0.03000,diagnostic
oracle_mode_mpc,combined_shift,4,10,1,0.05959,0.55884,7.96902,0,1,0,0.05384,-0.00000,0.20326,0.21191,1.3500,0.04500,0.03000,diagnostic
oracle_mode_mpc,combined_shift,4,11,1,0.01000,0.64479,10.50164,0,1,0,0.02497,-0.00000,0.21691,0.22629,1.3500,0.04500,0.03000,diagnostic
